AUSENTE;CORPORE;;CODLOTE;;;;;;;;;;;;;;;
AUSENTE;CORPORE;;COLUMNS;;;;;;;;;;;;;;;
AUSENTE;CORPORE;;DBO;;;;;;;;;;;;;;;
AUSENTE;CORPORE;;DM_DB_PARTITION_STATS;;;;;;;;;;;;;;;
AUSENTE;CORPORE;;FDN_COLLEAGUE;;;;;;;;;;;;;;;
AUSENTE;CORPORE;;FDN_USERTENANT;;;;;;;;;;;;;;;
AUSENTE;CORPORE;;FOREIGN_KEY_COLUMNS;;;;;;;;;;;;;;;
AUSENTE;CORPORE;;FOREIGN_KEYS;;;;;;;;;;;;;;;
AUSENTE;CORPORE;;INDEX_COLUMNS;;;;;;;;;;;;;;;
AUSENTE;CORPORE;;INDEXES;;;;;;;;;;;;;;;
AUSENTE;CORPORE;;OBJECTS;;;;;;;;;;;;;;;
AUSENTE;CORPORE;;PRIMEIRA_VERSAO;;;;;;;;;;;;;;;
AUSENTE;CORPORE;;STRING_SPLIT;;;;;;;;;;;;;;;
AUSENTE;CORPORE;;TABLES;;;;;;;;;;;;;;;
AUSENTE;CORPORE;;TYPES;;;;;;;;;;;;;;;
AUSENTE;CORPORE;;Z_DELP_CAPEX_APROVACAO;;;;;;;;;;;;;;;
AUSENTE;CORPORE;;Z_DELP_CAPEX_APROVACAO_PLANO;;;;;;;;;;;;;;;
AUSENTE;CORPORE;;Z_DELP_CAPEX_APROVADOR;;;;;;;;;;;;;;;
AUSENTE;CORPORE;;Z_DELP_CAPEX_APROVADOR_CC;;;;;;;;;;;;;;;
AUSENTE;CORPORE;;Z_DELP_CAPEX_CONTINGENCIA;;;;;;;;;;;;;;;
AUSENTE;CORPORE;;Z_DELP_CAPEX_GERENTE_USUARIO;;;;;;;;;;;;;;;
AUSENTE;CORPORE;;Z_DELP_CAPEX_INTEGRACAO_LOG;;;;;;;;;;;;;;;
AUSENTE;CORPORE;;Z_DELP_CAPEX_LOG;;;;;;;;;;;;;;;
AUSENTE;CORPORE;;Z_DELP_CAPEX_PLANO;;;;;;;;;;;;;;;
AUSENTE;CORPORE;;Z_DELP_CAPEX_SOLICITACAO;;;;;;;;;;;;;;;
AUSENTE;CORPORE;;Z_DELP_CAPEX_SOLICITACAO_ITEM;;;;;;;;;;;;;;;
AUSENTE;CORPORE;;ZMD_CAPEX_INICIAL;;;;;;;;;;;;;;;
COLUNA;CORPORE;dbo;CCONTA;TABELA;CODCOLIGADA;1;DCODCOLIGADA;2;5;0;NAO;SIM;NAO;;;;;
COLUNA;CORPORE;dbo;CCONTA;TABELA;CODCONTA;2;DCODCONTA;40;0;0;NAO;SIM;NAO;;;;;
COLUNA;CORPORE;dbo;CCONTA;TABELA;REDUZIDO;3;varchar;20;0;0;SIM;NAO;NAO;;;;;
COLUNA;CORPORE;dbo;CCONTA;TABELA;DESCRICAO;4;varchar;100;0;0;SIM;NAO;NAO;;;;;
COLUNA;CORPORE;dbo;CCONTA;TABELA;ANALITICA;5;smallint;2;5;0;SIM;NAO;NAO;;;;;
COLUNA;CORPORE;dbo;CCONTA;TABELA;RATEIO;6;smallint;2;5;0;SIM;NAO;NAO;;;;;
COLUNA;CORPORE;dbo;CCONTA;TABELA;NATUREZA;7;smallint;2;5;0;SIM;NAO;NAO;;;;;
COLUNA;CORPORE;dbo;CCONTA;TABELA;TIPOCORRECAO;8;smallint;2;5;0;SIM;NAO;NAO;;;;;
COLUNA;CORPORE;dbo;CCONTA;TABELA;TIPOCONTA;9;smallint;2;5;0;SIM;NAO;NAO;;;;;
COLUNA;CORPORE;dbo;CCONTA;TABELA;CONTA8200;10;DCODCONTA;40;0;0;SIM;NAO;NAO;;;;;
COLUNA;CORPORE;dbo;CCONTA;TABELA;BITMAP;11;smallint;2;5;0;SIM;NAO;NAO;;;;;
COLUNA;CORPORE;dbo;CCONTA;TABELA;HISTLCTATIVO;12;varchar;40;0;0;SIM;NAO;NAO;;;;;
COLUNA;CORPORE;dbo;CCONTA;TABELA;OPCIONAL;13;smallint;2;5;0;SIM;NAO;NAO;;;;;
COLUNA;CORPORE;dbo;CCONTA;TABELA;CODHISTP;14;varchar;10;0;0;SIM;NAO;NAO;;;;;
COLUNA;CORPORE;dbo;CCONTA;TABELA;CODCOLHISTP;15;DCODCOLIGADANULL;2;5;0;SIM;NAO;NAO;;;;;
COLUNA;CORPORE;dbo;CCONTA;TABELA;MOEDAVENDA;16;varchar;10;0;0;SIM;NAO;NAO;;;;;
COLUNA;CORPORE;dbo;CCONTA;TABELA;MOEDACOMPRA;17;varchar;10;0;0;SIM;NAO;NAO;;;;;
COLUNA;CORPORE;dbo;CCONTA;TABELA;INATIVA;18;smallint;2;5;0;SIM;NAO;NAO;;;;;
COLUNA;CORPORE;dbo;CCONTA;TABELA;DATAINATIVA;19;datetime;8;23;3;SIM;NAO;NAO;;;;;
COLUNA;CORPORE;dbo;CCONTA;TABELA;USUARIOINCLU;20;varchar;20;0;0;SIM;NAO;NAO;;;;;
COLUNA;CORPORE;dbo;CCONTA;TABELA;DATAINCLU;21;datetime;8;23;3;SIM;NAO;NAO;;;;;
COLUNA;CORPORE;dbo;CCONTA;TABELA;USUARIOALTER;22;varchar;20;0;0;SIM;NAO;NAO;;;;;
COLUNA;CORPORE;dbo;CCONTA;TABELA;DATAALTER;23;datetime;8;23;3;SIM;NAO;NAO;;;;;
COLUNA;CORPORE;dbo;CCONTA;TABELA;CODCOLCONTAESTORNO;24;DCODCOLIGADANULL;2;5;0;SIM;NAO;NAO;;;;;
COLUNA;CORPORE;dbo;CCONTA;TABELA;CONTAESTORNO;25;DCODCONTA;40;0;0;SIM;NAO;NAO;;;;;
COLUNA;CORPORE;dbo;CCONTA;TABELA;NATSPED;26;varchar;3;0;0;SIM;NAO;NAO;;;;;
COLUNA;CORPORE;dbo;CCONTA;TABELA;ID;27;int;4;10;0;NAO;NAO;SIM;;;;;
COLUNA;CORPORE;dbo;CCONTA;TABELA;RECCREATEDBY;28;varchar;50;0;0;SIM;NAO;NAO;;;;;
COLUNA;CORPORE;dbo;CCONTA;TABELA;RECCREATEDON;29;datetime;8;23;3;SIM;NAO;NAO;;;;;
COLUNA;CORPORE;dbo;CCONTA;TABELA;RECMODIFIEDBY;30;varchar;50;0;0;SIM;NAO;NAO;;;;;
COLUNA;CORPORE;dbo;CCONTA;TABELA;RECMODIFIEDON;31;datetime;8;23;3;SIM;NAO;NAO;;;;;
COLUNA;CORPORE;dbo;CCONTA;TABELA;METODOCONTROLSUBCONTA;32;varchar;2;0;0;SIM;NAO;NAO;;;;;
COLUNA;CORPORE;dbo;CCONTA;TABELA;TIPOCONVERSAOMULTIMOEDA;33;smallint;2;5;0;SIM;NAO;NAO;;;;;
COLUNA;CORPORE;dbo;CCONTA;TABELA;ELIMINACAO;34;smallint;2;5;0;SIM;NAO;NAO;;;;;
COLUNA;CORPORE;dbo;CCONTA;TABELA;CODCOLFRMVLRFINCONCIL;35;DCODCOLIGADANULL;2;5;0;SIM;NAO;NAO;;;;;
COLUNA;CORPORE;dbo;CCONTA;TABELA;APLICACAOFRMVLRFINCONCIL;36;varchar;1;0;0;SIM;NAO;NAO;;;;;
COLUNA;CORPORE;dbo;CCONTA;TABELA;CODFRMVLRFINCONCIL;37;varchar;8;0;0;SIM;NAO;NAO;;;;;
COLUNA;CORPORE;dbo;CCONTA;TABELA;CONTACONCILIAVEL;38;smallint;2;5;0;SIM;NAO;NAO;;;;;
COLUNA;CORPORE;dbo;CCONTA;TABELA;DATAULTCONCILIACAO;39;datetime;8;23;3;SIM;NAO;NAO;;;;;
COLUNA;CORPORE;dbo;CGERENCIA;TABELA;CODCOLIGADA;1;DCODCOLIGADA;2;5;0;NAO;SIM;NAO;;;;;
COLUNA;CORPORE;dbo;CGERENCIA;TABELA;CODCONTA;2;DCODCONTA;40;0;0;NAO;SIM;NAO;;;;;
COLUNA;CORPORE;dbo;CGERENCIA;TABELA;REDUZIDO;3;varchar;20;0;0;SIM;NAO;NAO;;;;;
COLUNA;CORPORE;dbo;CGERENCIA;TABELA;DESCRICAO;4;varchar;40;0;0;SIM;NAO;NAO;;;;;
COLUNA;CORPORE;dbo;CGERENCIA;TABELA;ANALITICA;5;smallint;2;5;0;SIM;NAO;NAO;;;;;
COLUNA;CORPORE;dbo;CGERENCIA;TABELA;NATUREZA;6;smallint;2;5;0;SIM;NAO;NAO;;;;;
COLUNA;CORPORE;dbo;CGERENCIA;TABELA;BITMAP;7;smallint;2;5;0;SIM;NAO;NAO;;;;;
COLUNA;CORPORE;dbo;CGERENCIA;TABELA;INATIVA;8;smallint;2;5;0;SIM;NAO;NAO;;;;;
COLUNA;CORPORE;dbo;CGERENCIA;TABELA;DATAINATIVA;9;datetime;8;23;3;SIM;NAO;NAO;;;;;
COLUNA;CORPORE;dbo;CGERENCIA;TABELA;ENVIASPED;10;BOOLEAN;1;0;0;NAO;NAO;NAO;;;;;
COLUNA;CORPORE;dbo;CGERENCIA;TABELA;ID;11;int;4;10;0;NAO;NAO;SIM;;;;;
COLUNA;CORPORE;dbo;CGERENCIA;TABELA;DATAINCLUSAO;12;DDATETIME;8;23;3;SIM;NAO;NAO;;;;;
COLUNA;CORPORE;dbo;CGERENCIA;TABELA;RECCREATEDBY;13;varchar;50;0;0;SIM;NAO;NAO;;;;;
COLUNA;CORPORE;dbo;CGERENCIA;TABELA;RECCREATEDON;14;datetime;8;23;3;SIM;NAO;NAO;;;;;
COLUNA;CORPORE;dbo;CGERENCIA;TABELA;RECMODIFIEDBY;15;varchar;50;0;0;SIM;NAO;NAO;;;;;
COLUNA;CORPORE;dbo;CGERENCIA;TABELA;RECMODIFIEDON;16;datetime;8;23;3;SIM;NAO;NAO;;;;;
COLUNA;CORPORE;dbo;CLANCAMENTO;TABELA;CODCOLIGADA;1;DCODCOLIGADA;2;5;0;NAO;SIM;NAO;;;;;
COLUNA;CORPORE;dbo;CLANCAMENTO;TABELA;CODLOTE;2;int;4;10;0;NAO;NAO;NAO;;;;;
COLUNA;CORPORE;dbo;CLANCAMENTO;TABELA;IDLANCAMENTO;3;int;4;10;0;NAO;SIM;NAO;;;;;
COLUNA;CORPORE;dbo;CLANCAMENTO;TABELA;DESCRICAO;4;varchar;100;0;0;SIM;NAO;NAO;;;;;
COLUNA;CORPORE;dbo;CLANCAMENTO;TABELA;CODUSUARIO;5;varchar;20;0;0;SIM;NAO;NAO;;;;;
COLUNA;CORPORE;dbo;CLANCAMENTO;TABELA;TIPOBLOQ;9;varchar;1;0;0;SIM;NAO;NAO;;;;;
COLUNA;CORPORE;dbo;CLANCAMENTO;TABELA;RECCREATEDBY;10;varchar;50;0;0;SIM;NAO;NAO;;;;;
COLUNA;CORPORE;dbo;CLANCAMENTO;TABELA;RECCREATEDON;11;datetime;8;23;3;SIM;NAO;NAO;;;;;
COLUNA;CORPORE;dbo;CLANCAMENTO;TABELA;RECMODIFIEDBY;12;varchar;50;0;0;SIM;NAO;NAO;;;;;
COLUNA;CORPORE;dbo;CLANCAMENTO;TABELA;RECMODIFIEDON;13;datetime;8;23;3;SIM;NAO;NAO;;;;;
COLUNA;CORPORE;dbo;CLANCAMENTO;TABELA;CODUSUARIOAPROVACAO;14;varchar;20;0;0;SIM;NAO;NAO;;;;;
COLUNA;CORPORE;dbo;CLANCAMENTO;TABELA;DATAAPROVACAO;15;datetime;8;23;3;SIM;NAO;NAO;;;;;
COLUNA;CORPORE;dbo;CLOTE;TABELA;CODCOLIGADA;1;DCODCOLIGADA;2;5;0;NAO;SIM;NAO;;;;;
COLUNA;CORPORE;dbo;CLOTE;TABELA;CODLOTE;2;int;4;10;0;NAO;SIM;NAO;;;;;
COLUNA;CORPORE;dbo;CLOTE;TABELA;DESCRICAO;3;varchar;100;0;0;SIM;NAO;NAO;;;;;
COLUNA;CORPORE;dbo;CLOTE;TABELA;VALOR;4;RMDVALOR2;9;15;2;SIM;NAO;NAO;;;;;
COLUNA;CORPORE;dbo;CLOTE;TABELA;DATAINICIAL;5;datetime;8;23;3;SIM;NAO;NAO;;;;;
COLUNA;CORPORE;dbo;CLOTE;TABELA;DATAFINAL;6;datetime;8;23;3;SIM;NAO;NAO;;;;;
COLUNA;CORPORE;dbo;CLOTE;TABELA;STATUS;7;smallint;2;5;0;SIM;NAO;NAO;;;;;
COLUNA;CORPORE;dbo;CLOTE;TABELA;TOTALDEBITOS;11;RMDVALOR2;9;15;2;SIM;NAO;NAO;;;;;
COLUNA;CORPORE;dbo;CLOTE;TABELA;TOTALCREDITOS;12;RMDVALOR2;9;15;2;SIM;NAO;NAO;;;;;
COLUNA;CORPORE;dbo;CLOTE;TABELA;VALORSOMA;13;RMDVALOR2;9;15;2;SIM;NAO;NAO;;;;;
COLUNA;CORPORE;dbo;CLOTE;TABELA;INTEGRAAPLICACAO;14;varchar;4;0;0;SIM;NAO;NAO;;;;;
COLUNA;CORPORE;dbo;CLOTE;TABELA;USUARIOATUAL;15;varchar;20;0;0;SIM;NAO;NAO;;;;;
COLUNA;CORPORE;dbo;CLOTE;TABELA;DIGITARCAPA;16;smallint;2;5;0;SIM;NAO;NAO;;;;;
COLUNA;CORPORE;dbo;CLOTE;TABELA;DATABLOQ;17;datetime;8;23;3;SIM;NAO;NAO;;;;;
COLUNA;CORPORE;dbo;CLOTE;TABELA;TIPOBLOQ;18;varchar;1;0;0;SIM;NAO;NAO;;;;;
COLUNA;CORPORE;dbo;CLOTE;TABELA;MOTIVOBLOQ;19;varchar;100;0;0;SIM;NAO;NAO;;;;;
COLUNA;CORPORE;dbo;CLOTE;TABELA;RECCREATEDBY;20;varchar;50;0;0;SIM;NAO;NAO;;;;;
COLUNA;CORPORE;dbo;CLOTE;TABELA;RECCREATEDON;21;datetime;8;23;3;SIM;NAO;NAO;;;;;
COLUNA;CORPORE;dbo;CLOTE;TABELA;RECMODIFIEDBY;22;varchar;50;0;0;SIM;NAO;NAO;;;;;
COLUNA;CORPORE;dbo;CLOTE;TABELA;RECMODIFIEDON;23;datetime;8;23;3;SIM;NAO;NAO;;;;;
COLUNA;CORPORE;dbo;CLOTE;TABELA;USUARIOSOLICITANTE;25;varchar;20;0;0;SIM;NAO;NAO;;;;;
COLUNA;CORPORE;dbo;CLOTE;TABELA;STATUSAPROVACAO;26;smallint;2;5;0;NAO;NAO;NAO;;;;;
COLUNA;CORPORE;dbo;CPARTIDA;TABELA;CODCOLIGADA;1;DCODCOLIGADA;2;5;0;NAO;SIM;NAO;;;;;
COLUNA;CORPORE;dbo;CPARTIDA;TABELA;IDPARTIDA;2;int;4;10;0;NAO;SIM;NAO;;;;;
COLUNA;CORPORE;dbo;CPARTIDA;TABELA;CODLOTE;3;int;4;10;0;NAO;NAO;NAO;;;;;
COLUNA;CORPORE;dbo;CPARTIDA;TABELA;IDLANCAMENTO;4;int;4;10;0;NAO;NAO;NAO;;;;;
COLUNA;CORPORE;dbo;CPARTIDA;TABELA;LCTREF;5;int;4;10;0;NAO;NAO;NAO;;;;;
COLUNA;CORPORE;dbo;CPARTIDA;TABELA;CODLOTEORIGEM;6;int;4;10;0;SIM;NAO;NAO;;;;;
COLUNA;CORPORE;dbo;CPARTIDA;TABELA;CODFILIAL;7;smallint;2;5;0;NAO;NAO;NAO;;;;;
COLUNA;CORPORE;dbo;CPARTIDA;TABELA;CODDEPARTAMENTO;8;varchar;25;0;0;SIM;NAO;NAO;;;;;
COLUNA;CORPORE;dbo;CPARTIDA;TABELA;CODCCUSTO;9;varchar;25;0;0;SIM;NAO;NAO;;;;;
COLUNA;CORPORE;dbo;CPARTIDA;TABELA;DOCUMENTO;10;varchar;20;0;0;SIM;NAO;NAO;;;;;
COLUNA;CORPORE;dbo;CPARTIDA;TABELA;DATA;11;datetime;8;23;3;NAO;NAO;NAO;;;;;
COLUNA;CORPORE;dbo;CPARTIDA;TABELA;CODCOLDEBITO;12;DCODCOLIGADA;2;5;0;NAO;NAO;NAO;;;;;
COLUNA;CORPORE;dbo;CPARTIDA;TABELA;DEBITO;13;DCODCONTA;40;0;0;SIM;NAO;NAO;;;;;
COLUNA;CORPORE;dbo;CPARTIDA;TABELA;CODCOLCREDITO;14;DCODCOLIGADA;2;5;0;NAO;NAO;NAO;;;;;
COLUNA;CORPORE;dbo;CPARTIDA;TABELA;CREDITO;15;DCODCONTA;40;0;0;SIM;NAO;NAO;;;;;
COLUNA;CORPORE;dbo;CPARTIDA;TABELA;CODCOLPARTIDA;16;DCODCOLIGADA;2;5;0;NAO;NAO;NAO;;;;;
COLUNA;CORPORE;dbo;CPARTIDA;TABELA;PARTIDA;17;DCODCONTA;40;0;0;SIM;NAO;NAO;;;;;
COLUNA;CORPORE;dbo;CPARTIDA;TABELA;VALOR;18;RMDVALOR2;9;15;2;NAO;NAO;NAO;;;;;
COLUNA;CORPORE;dbo;CPARTIDA;TABELA;VALOR2;19;RMDVALOR4;9;15;4;NAO;NAO;NAO;;;;;
COLUNA;CORPORE;dbo;CPARTIDA;TABELA;DATA2;20;datetime;8;23;3;SIM;NAO;NAO;;;;;
COLUNA;CORPORE;dbo;CPARTIDA;TABELA;CODHISTP;21;varchar;10;0;0;SIM;NAO;NAO;;;;;
COLUNA;CORPORE;dbo;CPARTIDA;TABELA;COMPLEMENTO;22;varchar;250;0;0;SIM;NAO;NAO;;;;;
COLUNA;CORPORE;dbo;CPARTIDA;TABELA;IDPARTICIPANTE;23;int;4;10;0;SIM;NAO;NAO;;;;;
COLUNA;CORPORE;dbo;CPARTIDA;TABELA;USUARIO;24;varchar;20;0;0;SIM;NAO;NAO;;;;;
COLUNA;CORPORE;dbo;CPARTIDA;TABELA;DATAINCLU;25;datetime;8;23;3;SIM;NAO;NAO;;;;;
COLUNA;CORPORE;dbo;CPARTIDA;TABELA;USUARIOALTER;26;varchar;20;0;0;SIM;NAO;NAO;;;;;
COLUNA;CORPORE;dbo;CPARTIDA;TABELA;DATAALTER;27;datetime;8;23;3;SIM;NAO;NAO;;;;;
COLUNA;CORPORE;dbo;CPARTIDA;TABELA;USUARIOINTEGRACAO;28;varchar;20;0;0;SIM;NAO;NAO;;;;;
COLUNA;CORPORE;dbo;CPARTIDA;TABELA;DATAINTEGRACAO;29;datetime;8;23;3;SIM;NAO;NAO;;;;;
COLUNA;CORPORE;dbo;CPARTIDA;TABELA;DATALIBERACAO;30;datetime;8;23;3;SIM;NAO;NAO;;;;;
COLUNA;CORPORE;dbo;CPARTIDA;TABELA;CODDIARIO;31;varchar;5;0;0;SIM;NAO;NAO;;;;;
COLUNA;CORPORE;dbo;CPARTIDA;TABELA;SEQDIARIO;32;varchar;9;0;0;SIM;NAO;NAO;;;;;
COLUNA;CORPORE;dbo;CPARTIDA;TABELA;INTEGRAAPLICACAO;33;varchar;3;0;0;SIM;NAO;NAO;;;;;
COLUNA;CORPORE;dbo;CPARTIDA;TABELA;INTEGRACHAVE;34;varchar;25;0;0;SIM;NAO;NAO;;;;;
COLUNA;CORPORE;dbo;CPARTIDA;TABELA;TIPOAGRUP;35;smallint;2;5;0;SIM;NAO;NAO;;;;;
COLUNA;CORPORE;dbo;CPARTIDA;TABELA;RATEIO;36;varchar;1;0;0;SIM;NAO;NAO;;;;;
COLUNA;CORPORE;dbo;CPARTIDA;TABELA;ORIGINADONOVOMOD;37;smallint;2;5;0;SIM;NAO;NAO;;;;;
COLUNA;CORPORE;dbo;CPARTIDA;TABELA;TIPOGERACAO;38;char;1;0;0;SIM;NAO;NAO;;;;;
COLUNA;CORPORE;dbo;CPARTIDA;TABELA;LCTREFORIGEM;39;int;4;10;0;SIM;NAO;NAO;;;;;
COLUNA;CORPORE;dbo;CPARTIDA;TABELA;RECCREATEDBY;40;varchar;50;0;0;SIM;NAO;NAO;;;;;
COLUNA;CORPORE;dbo;CPARTIDA;TABELA;RECCREATEDON;41;datetime;8;23;3;SIM;NAO;NAO;;;;;
COLUNA;CORPORE;dbo;CPARTIDA;TABELA;RECMODIFIEDBY;42;varchar;50;0;0;SIM;NAO;NAO;;;;;
COLUNA;CORPORE;dbo;CPARTIDA;TABELA;RECMODIFIEDON;43;datetime;8;23;3;SIM;NAO;NAO;;;;;
COLUNA;CORPORE;dbo;CPARTIDA;TABELA;TIPOCLASS_RAS;44;smallint;2;5;0;SIM;NAO;NAO;;;;;
COLUNA;CORPORE;dbo;CPARTIDA;TABELA;IDITEM_RAS;45;int;4;10;0;SIM;NAO;NAO;;;;;
COLUNA;CORPORE;dbo;CPARTIDA;TABELA;QTDITEM_RAS;46;int;4;10;0;SIM;NAO;NAO;;;;;
COLUNA;CORPORE;dbo;CPARTIDA;TABELA;IDCLASSEVALORPROTHEUS;47;int;4;10;0;SIM;NAO;NAO;;;;;
COLUNA;CORPORE;dbo;CPARTIDA;TABELA;IDITEMCONTABILPROTHEUS;48;int;4;10;0;SIM;NAO;NAO;;;;;
COLUNA;CORPORE;dbo;CPARTIDA;TABELA;DATAEXTEMPORANEA;49;datetime2;8;27;7;SIM;NAO;NAO;;;;;
COLUNA;CORPORE;dbo;CPARTIDA;TABELA;CODCOLELIMINACAO;50;DCODCOLIGADANULL;2;5;0;SIM;NAO;NAO;;;;;
COLUNA;CORPORE;dbo;CPARTIDA;TABELA;CODCOLCONTAELIMINACAO;51;DCODCOLIGADANULL;2;5;0;SIM;NAO;NAO;;;;;
COLUNA;CORPORE;dbo;CPARTIDA;TABELA;CODCONTAELIMINACAO;52;DCODCONTA;40;0;0;SIM;NAO;NAO;;;;;
COLUNA;CORPORE;dbo;CPARTIDA;TABELA;CONCILIACAODEBITO;53;int;4;10;0;SIM;NAO;NAO;;;;;
COLUNA;CORPORE;dbo;CPARTIDA;TABELA;CONCILIACAOCREDITO;54;int;4;10;0;SIM;NAO;NAO;;;;;
COLUNA;CORPORE;dbo;CRATEIOLC;TABELA;CODCOLIGADA;1;DCODCOLIGADA;2;5;0;NAO;SIM;NAO;;;;;
COLUNA;CORPORE;dbo;CRATEIOLC;TABELA;LCTREF;2;int;4;10;0;NAO;NAO;NAO;;;;;
COLUNA;CORPORE;dbo;CRATEIOLC;TABELA;DATA;3;datetime;8;23;3;SIM;NAO;NAO;;;;;
COLUNA;CORPORE;dbo;CRATEIOLC;TABELA;CODCONTA;4;DCODCONTA;40;0;0;NAO;NAO;NAO;;;;;
COLUNA;CORPORE;dbo;CRATEIOLC;TABELA;CODGERENCIAL;5;DCODCONTA;40;0;0;NAO;NAO;NAO;;;;;
COLUNA;CORPORE;dbo;CRATEIOLC;TABELA;VLRDEBITO;6;RMDVALOR2;9;15;2;SIM;NAO;NAO;;;;;
COLUNA;CORPORE;dbo;CRATEIOLC;TABELA;VLRCREDITO;7;RMDVALOR2;9;15;2;SIM;NAO;NAO;;;;;
COLUNA;CORPORE;dbo;CRATEIOLC;TABELA;CODCOLCONTA;8;DCODCOLIGADA;2;5;0;NAO;NAO;NAO;;;;;
COLUNA;CORPORE;dbo;CRATEIOLC;TABELA;CODCOLGERENCIAL;9;DCODCOLIGADA;2;5;0;NAO;NAO;NAO;;;;;
COLUNA;CORPORE;dbo;CRATEIOLC;TABELA;CODLOTE;10;int;4;10;0;NAO;NAO;NAO;;;;;
COLUNA;CORPORE;dbo;CRATEIOLC;TABELA;IDRATEIO;11;int;4;10;0;NAO;SIM;NAO;;;;;
COLUNA;CORPORE;dbo;CRATEIOLC;TABELA;IDPARTIDA;12;int;4;10;0;NAO;NAO;NAO;;;;;
COLUNA;CORPORE;dbo;CRATEIOLC;TABELA;RECCREATEDBY;13;varchar;50;0;0;SIM;NAO;NAO;;;;;
COLUNA;CORPORE;dbo;CRATEIOLC;TABELA;RECCREATEDON;14;datetime;8;23;3;SIM;NAO;NAO;;;;;
COLUNA;CORPORE;dbo;CRATEIOLC;TABELA;RECMODIFIEDBY;15;varchar;50;0;0;SIM;NAO;NAO;;;;;
COLUNA;CORPORE;dbo;CRATEIOLC;TABELA;RECMODIFIEDON;16;datetime;8;23;3;SIM;NAO;NAO;;;;;
COLUNA;CORPORE;dbo;CRATEIOLCCC;TABELA;CODCOLIGADA;1;DCODCOLIGADA;2;5;0;NAO;SIM;NAO;;;;;
COLUNA;CORPORE;dbo;CRATEIOLCCC;TABELA;CODLOTE;2;int;4;10;0;NAO;SIM;NAO;;;;;
COLUNA;CORPORE;dbo;CRATEIOLCCC;TABELA;LCTREF;3;int;4;10;0;NAO;SIM;NAO;;;;;
COLUNA;CORPORE;dbo;CRATEIOLCCC;TABELA;DATA;4;datetime;8;23;3;SIM;NAO;NAO;;;;;
COLUNA;CORPORE;dbo;CRATEIOLCCC;TABELA;CODCOLCONTA;5;DCODCOLIGADA;2;5;0;NAO;NAO;NAO;;;;;
COLUNA;CORPORE;dbo;CRATEIOLCCC;TABELA;CODCONTA;6;DCODCONTA;40;0;0;NAO;SIM;NAO;;;;;
COLUNA;CORPORE;dbo;CRATEIOLCCC;TABELA;CODCCUSTO;7;varchar;25;0;0;NAO;SIM;NAO;;;;;
COLUNA;CORPORE;dbo;CRATEIOLCCC;TABELA;VLRDEBITO;8;RMDVALOR2;9;15;2;SIM;NAO;NAO;;;;;
COLUNA;CORPORE;dbo;CRATEIOLCCC;TABELA;VLRCREDITO;9;RMDVALOR2;9;15;2;SIM;NAO;NAO;;;;;
COLUNA;CORPORE;dbo;CRATEIOLCCC;TABELA;RECCREATEDBY;10;varchar;50;0;0;SIM;NAO;NAO;;;;;
COLUNA;CORPORE;dbo;CRATEIOLCCC;TABELA;RECCREATEDON;11;datetime;8;23;3;SIM;NAO;NAO;;;;;
COLUNA;CORPORE;dbo;CRATEIOLCCC;TABELA;RECMODIFIEDBY;12;varchar;50;0;0;SIM;NAO;NAO;;;;;
COLUNA;CORPORE;dbo;CRATEIOLCCC;TABELA;RECMODIFIEDON;13;datetime;8;23;3;SIM;NAO;NAO;;;;;
COLUNA;CORPORE;dbo;FCFO;TABELA;CODCOLIGADA;1;DCODCOLIGADA;2;5;0;NAO;SIM;NAO;;;;;
COLUNA;CORPORE;dbo;FCFO;TABELA;CODCFO;2;varchar;25;0;0;NAO;SIM;NAO;;;;;
COLUNA;CORPORE;dbo;FCFO;TABELA;NOMEFANTASIA;3;varchar;100;0;0;SIM;NAO;NAO;;;;;
COLUNA;CORPORE;dbo;FCFO;TABELA;NOME;4;varchar;100;0;0;SIM;NAO;NAO;;;;;
COLUNA;CORPORE;dbo;FCFO;TABELA;CGCCFO;5;varchar;20;0;0;SIM;NAO;NAO;;;;;
COLUNA;CORPORE;dbo;FCFO;TABELA;INSCRESTADUAL;6;varchar;20;0;0;SIM;NAO;NAO;;;;;
COLUNA;CORPORE;dbo;FCFO;TABELA;PAGREC;7;smallint;2;5;0;NAO;NAO;NAO;;;;;
COLUNA;CORPORE;dbo;FCFO;TABELA;RUA;8;varchar;100;0;0;SIM;NAO;NAO;;;;;
COLUNA;CORPORE;dbo;FCFO;TABELA;NUMERO;9;varchar;8;0;0;SIM;NAO;NAO;;;;;
COLUNA;CORPORE;dbo;FCFO;TABELA;COMPLEMENTO;10;DCOMPLEMENTO;60;0;0;SIM;NAO;NAO;;;;;
COLUNA;CORPORE;dbo;FCFO;TABELA;BAIRRO;11;DBAIRRO;80;0;0;SIM;NAO;NAO;;;;;
COLUNA;CORPORE;dbo;FCFO;TABELA;CIDADE;12;DCIDADE;32;0;0;SIM;NAO;NAO;;;;;
COLUNA;CORPORE;dbo;FCFO;TABELA;CODETD;13;varchar;2;0;0;SIM;NAO;NAO;;;;;
COLUNA;CORPORE;dbo;FCFO;TABELA;CEP;14;DCEP;9;0;0;SIM;NAO;NAO;;;;;
COLUNA;CORPORE;dbo;FCFO;TABELA;TELEFONE;15;varchar;15;0;0;SIM;NAO;NAO;;;;;
COLUNA;CORPORE;dbo;FCFO;TABELA;RUAPGTO;16;varchar;100;0;0;SIM;NAO;NAO;;;;;
COLUNA;CORPORE;dbo;FCFO;TABELA;NUMEROPGTO;17;varchar;8;0;0;SIM;NAO;NAO;;;;;
COLUNA;CORPORE;dbo;FCFO;TABELA;COMPLEMENTOPGTO;18;DCOMPLEMENTO;60;0;0;SIM;NAO;NAO;;;;;
COLUNA;CORPORE;dbo;FCFO;TABELA;BAIRROPGTO;19;DBAIRRO;80;0;0;SIM;NAO;NAO;;;;;
COLUNA;CORPORE;dbo;FCFO;TABELA;CIDADEPGTO;20;DCIDADE;32;0;0;SIM;NAO;NAO;;;;;
COLUNA;CORPORE;dbo;FCFO;TABELA;CODETDPGTO;21;varchar;2;0;0;SIM;NAO;NAO;;;;;
COLUNA;CORPORE;dbo;FCFO;TABELA;CEPPGTO;22;DCEP;9;0;0;SIM;NAO;NAO;;;;;
COLUNA;CORPORE;dbo;FCFO;TABELA;TELEFONEPGTO;23;varchar;15;0;0;SIM;NAO;NAO;;;;;
COLUNA;CORPORE;dbo;FCFO;TABELA;RUAENTREGA;24;varchar;100;0;0;SIM;NAO;NAO;;;;;
COLUNA;CORPORE;dbo;FCFO;TABELA;NUMEROENTREGA;25;varchar;8;0;0;SIM;NAO;NAO;;;;;
COLUNA;CORPORE;dbo;FCFO;TABELA;COMPLEMENTREGA;26;DCOMPLEMENTO;60;0;0;SIM;NAO;NAO;;;;;
COLUNA;CORPORE;dbo;FCFO;TABELA;BAIRROENTREGA;27;DBAIRRO;80;0;0;SIM;NAO;NAO;;;;;
COLUNA;CORPORE;dbo;FCFO;TABELA;CIDADEENTREGA;28;DCIDADE;32;0;0;SIM;NAO;NAO;;;;;
COLUNA;CORPORE;dbo;FCFO;TABELA;CODETDENTREGA;29;varchar;2;0;0;SIM;NAO;NAO;;;;;
COLUNA;CORPORE;dbo;FCFO;TABELA;CEPENTREGA;30;DCEP;9;0;0;SIM;NAO;NAO;;;;;
COLUNA;CORPORE;dbo;FCFO;TABELA;TELEFONEENTREGA;31;varchar;15;0;0;SIM;NAO;NAO;;;;;
COLUNA;CORPORE;dbo;FCFO;TABELA;FAX;32;varchar;15;0;0;SIM;NAO;NAO;;;;;
COLUNA;CORPORE;dbo;FCFO;TABELA;TELEX;33;varchar;15;0;0;SIM;NAO;NAO;;;;;
COLUNA;CORPORE;dbo;FCFO;TABELA;EMAIL;34;varchar;250;0;0;SIM;NAO;NAO;;;;;
COLUNA;CORPORE;dbo;FCFO;TABELA;CONTATO;35;varchar;40;0;0;SIM;NAO;NAO;;;;;
COLUNA;CORPORE;dbo;FCFO;TABELA;CODTCF;36;varchar;25;0;0;SIM;NAO;NAO;;;;;
COLUNA;CORPORE;dbo;FCFO;TABELA;ATIVO;37;smallint;2;5;0;NAO;NAO;NAO;;;;;
COLUNA;CORPORE;dbo;FCFO;TABELA;LIMITECREDITO;38;RMDVALOR2;9;15;2;SIM;NAO;NAO;;;;;
COLUNA;CORPORE;dbo;FCFO;TABELA;VALORULTIMOLAN;39;RMDVALOR2;9;15;2;SIM;NAO;NAO;;;;;
COLUNA;CORPORE;dbo;FCFO;TABELA;TIPOINSCRCNAB;40;smallint;2;5;0;SIM;NAO;NAO;;;;;
COLUNA;CORPORE;dbo;FCFO;TABELA;SIMBMOEDAINDEX;41;varchar;10;0;0;SIM;NAO;NAO;;;;;
COLUNA;CORPORE;dbo;FCFO;TABELA;DATAULTALTERACAO;42;datetime;8;23;3;SIM;NAO;NAO;;;;;
COLUNA;CORPORE;dbo;FCFO;TABELA;DATACRIACAO;43;datetime;8;23;3;SIM;NAO;NAO;;;;;
COLUNA;CORPORE;dbo;FCFO;TABELA;DATAULTMOVIMENTO;44;datetime;8;23;3;SIM;NAO;NAO;;;;;
COLUNA;CORPORE;dbo;FCFO;TABELA;CONTEVENTOCONTAB;45;smallint;2;5;0;SIM;NAO;NAO;;;;;
COLUNA;CORPORE;dbo;FCFO;TABELA;CAMPOLIVRE;46;varchar;40;0;0;SIM;NAO;NAO;;;;;
COLUNA;CORPORE;dbo;FCFO;TABELA;CAMPOALFAOP1;47;varchar;40;0;0;SIM;NAO;NAO;;;;;
COLUNA;CORPORE;dbo;FCFO;TABELA;CAMPOALFAOP2;48;varchar;40;0;0;SIM;NAO;NAO;;;;;
COLUNA;CORPORE;dbo;FCFO;TABELA;CAMPOALFAOP3;49;varchar;40;0;0;SIM;NAO;NAO;;;;;
COLUNA;CORPORE;dbo;FCFO;TABELA;VALOROP1;50;RMDVALOR2;9;15;2;SIM;NAO;NAO;;;;;
COLUNA;CORPORE;dbo;FCFO;TABELA;VALOROP2;51;RMDVALOR2;9;15;2;SIM;NAO;NAO;;;;;
COLUNA;CORPORE;dbo;FCFO;TABELA;VALOROP3;52;RMDVALOR2;9;15;2;SIM;NAO;NAO;;;;;
COLUNA;CORPORE;dbo;FCFO;TABELA;DATAOP1;53;datetime;8;23;3;SIM;NAO;NAO;;;;;
COLUNA;CORPORE;dbo;FCFO;TABELA;DATAOP2;54;datetime;8;23;3;SIM;NAO;NAO;;;;;
COLUNA;CORPORE;dbo;FCFO;TABELA;DATAOP3;55;datetime;8;23;3;SIM;NAO;NAO;;;;;
COLUNA;CORPORE;dbo;FCFO;TABELA;CODTRA;56;varchar;5;0;0;SIM;NAO;NAO;;;;;
COLUNA;CORPORE;dbo;FCFO;TABELA;CHAPA;57;varchar;16;0;0;SIM;NAO;NAO;;;;;
COLUNA;CORPORE;dbo;FCFO;TABELA;STATUSCOTACAO;58;varchar;1;0;0;SIM;NAO;NAO;;;;;
COLUNA;CORPORE;dbo;FCFO;TABELA;DTINICATIVIDADES;59;datetime;8;23;3;SIM;NAO;NAO;;;;;
COLUNA;CORPORE;dbo;FCFO;TABELA;PATRIMONIO;60;RMDVALOR2;9;15;2;SIM;NAO;NAO;;;;;
COLUNA;CORPORE;dbo;FCFO;TABELA;NUMFUNCIONARIOS;61;int;4;10;0;SIM;NAO;NAO;;;;;
COLUNA;CORPORE;dbo;FCFO;TABELA;CODCOLCHAVESESTRANG;62;smallint;2;5;0;SIM;NAO;NAO;;;;;
COLUNA;CORPORE;dbo;FCFO;TABELA;CODCOLTCF;63;smallint;2;5;0;SIM;NAO;NAO;;;;;
COLUNA;CORPORE;dbo;FCFO;TABELA;FAXDEDICADO;64;smallint;2;5;0;SIM;NAO;NAO;;;;;
COLUNA;CORPORE;dbo;FCFO;TABELA;CODMUNICIPIO;65;varchar;20;0;0;SIM;NAO;NAO;;;;;
COLUNA;CORPORE;dbo;FCFO;TABELA;CODCOLCONTAGER;66;smallint;2;5;0;SIM;NAO;NAO;;;;;
COLUNA;CORPORE;dbo;FCFO;TABELA;CODCONTAGER;67;DCODCONTA;40;0;0;SIM;NAO;NAO;;;;;
COLUNA;CORPORE;dbo;FCFO;TABELA;FORMAPAGAMENTO;68;smallint;2;5;0;SIM;NAO;NAO;;;;;
COLUNA;CORPORE;dbo;FCFO;TABELA;IDENTPORCNPJ;69;DLOGICONULL;2;5;0;SIM;NAO;NAO;;;;;
COLUNA;CORPORE;dbo;FCFO;TABELA;INSCRMUNICIPAL;70;varchar;20;0;0;SIM;NAO;NAO;;;;;
COLUNA;CORPORE;dbo;FCFO;TABELA;PESSOAFISOUJUR;71;varchar;1;0;0;NAO;NAO;NAO;;;;;
COLUNA;CORPORE;dbo;FCFO;TABELA;CONTATOPGTO;72;varchar;40;0;0;SIM;NAO;NAO;;;;;
COLUNA;CORPORE;dbo;FCFO;TABELA;CONTATOENTREGA;73;varchar;40;0;0;SIM;NAO;NAO;;;;;
COLUNA;CORPORE;dbo;FCFO;TABELA;PAIS;74;varchar;20;0;0;SIM;NAO;NAO;;;;;
COLUNA;CORPORE;dbo;FCFO;TABELA;PAISPAGTO;75;varchar;20;0;0;SIM;NAO;NAO;;;;;
COLUNA;CORPORE;dbo;FCFO;TABELA;PAISENTREGA;76;varchar;20;0;0;SIM;NAO;NAO;;;;;
COLUNA;CORPORE;dbo;FCFO;TABELA;ULTIMODOCUMENTO;77;varchar;40;0;0;SIM;NAO;NAO;;;;;
COLUNA;CORPORE;dbo;FCFO;TABELA;CONTRIBUINTE;78;smallint;2;5;0;SIM;NAO;NAO;;;;;
COLUNA;CORPORE;dbo;FCFO;TABELA;CFOIMOB;79;smallint;2;5;0;SIM;NAO;NAO;;;;;
COLUNA;CORPORE;dbo;FCFO;TABELA;TIPODOC;80;varchar;1;0;0;SIM;NAO;NAO;;;;;
COLUNA;CORPORE;dbo;FCFO;TABELA;CODFINALIDADE;81;smallint;2;5;0;SIM;NAO;NAO;;;;;
COLUNA;CORPORE;dbo;FCFO;TABELA;AGRUPCOB;82;char;1;0;0;SIM;NAO;NAO;;;;;
COLUNA;CORPORE;dbo;FCFO;TABELA;CODCARGO;83;varchar;3;0;0;SIM;NAO;NAO;;;;;
COLUNA;CORPORE;dbo;FCFO;TABELA;CODVINCULO;84;char;1;0;0;SIM;NAO;NAO;;;;;
COLUNA;CORPORE;dbo;FCFO;TABELA;ENDCOBC;85;char;1;0;0;SIM;NAO;NAO;;;;;
COLUNA;CORPORE;dbo;FCFO;TABELA;CIDENTIDADE;86;varchar;20;0;0;SIM;NAO;NAO;;;;;
COLUNA;CORPORE;dbo;FCFO;TABELA;CI_ORGAO;87;varchar;15;0;0;SIM;NAO;NAO;;;;;
COLUNA;CORPORE;dbo;FCFO;TABELA;CI_UF;88;varchar;2;0;0;SIM;NAO;NAO;;;;;
COLUNA;CORPORE;dbo;FCFO;TABELA;CODPROF;89;int;4;10;0;SIM;NAO;NAO;;;;;
COLUNA;CORPORE;dbo;FCFO;TABELA;CODPAGTOGPS;90;varchar;5;0;0;SIM;NAO;NAO;;;;;
COLUNA;CORPORE;dbo;FCFO;TABELA;FAXENTREGA;91;varchar;15;0;0;SIM;NAO;NAO;;;;;
COLUNA;CORPORE;dbo;FCFO;TABELA;EMAILENTREGA;92;varchar;250;0;0;SIM;NAO;NAO;;;;;
COLUNA;CORPORE;dbo;FCFO;TABELA;FAXPGTO;93;varchar;15;0;0;SIM;NAO;NAO;;;;;
COLUNA;CORPORE;dbo;FCFO;TABELA;EMAILPGTO;94;varchar;250;0;0;SIM;NAO;NAO;;;;;
COLUNA;CORPORE;dbo;FCFO;TABELA;SATISFACAO;95;int;4;10;0;SIM;NAO;NAO;;;;;
COLUNA;CORPORE;dbo;FCFO;TABELA;VALFRETE;96;RMDVALOR4;9;15;4;SIM;NAO;NAO;;;;;
COLUNA;CORPORE;dbo;FCFO;TABELA;TPTOMADOR;97;smallint;2;5;0;SIM;NAO;NAO;;;;;
COLUNA;CORPORE;dbo;FCFO;TABELA;CONTRIBUINTEISS;98;smallint;2;5;0;SIM;NAO;NAO;;;;;
COLUNA;CORPORE;dbo;FCFO;TABELA;NUMDEPENDENTES;99;int;4;10;0;SIM;NAO;NAO;;;;;
COLUNA;CORPORE;dbo;FCFO;TABELA;EMPRESA;100;varchar;60;0;0;SIM;NAO;NAO;;;;;
COLUNA;CORPORE;dbo;FCFO;TABELA;ESTADOCIVIL;101;varchar;1;0;0;SIM;NAO;NAO;;;;;
COLUNA;CORPORE;dbo;FCFO;TABELA;CODCOLCXA;102;DCODCOLIGADANULL;2;5;0;SIM;NAO;NAO;;;;;
COLUNA;CORPORE;dbo;FCFO;TABELA;CODCXA;103;varchar;10;0;0;SIM;NAO;NAO;;;;;
COLUNA;CORPORE;dbo;FCFO;TABELA;PRODUTORRURAL;104;BOOLEAN;1;0;0;SIM;NAO;NAO;;;;;
COLUNA;CORPORE;dbo;FCFO;TABELA;USUARIOALTERACAO;105;varchar;20;0;0;SIM;NAO;NAO;;;;;
COLUNA;CORPORE;dbo;FCFO;TABELA;SUFRAMA;106;varchar;14;0;0;SIM;NAO;NAO;;;;;
COLUNA;CORPORE;dbo;FCFO;TABELA;CODMUNICIPIOPGTO;107;varchar;20;0;0;SIM;NAO;NAO;;;;;
COLUNA;CORPORE;dbo;FCFO;TABELA;CODMUNICIPIOENTREGA;108;varchar;20;0;0;SIM;NAO;NAO;;;;;
COLUNA;CORPORE;dbo;FCFO;TABELA;ORGAOPUBLICO;109;smallint;2;5;0;SIM;NAO;NAO;;;;;
COLUNA;CORPORE;dbo;FCFO;TABELA;TELEFONECOMERCIAL;110;varchar;15;0;0;SIM;NAO;NAO;;;;;
COLUNA;CORPORE;dbo;FCFO;TABELA;CAIXAPOSTAL;111;varchar;10;0;0;SIM;NAO;NAO;;;;;
COLUNA;CORPORE;dbo;FCFO;TABELA;CAIXAPOSTALENTREGA;112;varchar;10;0;0;SIM;NAO;NAO;;;;;
COLUNA;CORPORE;dbo;FCFO;TABELA;CAIXAPOSTALPAGAMENTO;113;varchar;10;0;0;SIM;NAO;NAO;;;;;
COLUNA;CORPORE;dbo;FCFO;TABELA;CATEGORIAAUTONOMO;114;smallint;2;5;0;SIM;NAO;NAO;;;;;
COLUNA;CORPORE;dbo;FCFO;TABELA;CBOAUTONOMO;115;varchar;10;0;0;SIM;NAO;NAO;;;;;
COLUNA;CORPORE;dbo;FCFO;TABELA;CIAUTONOMO;116;varchar;11;0;0;SIM;NAO;NAO;;;;;
COLUNA;CORPORE;dbo;FCFO;TABELA;IDCFO;117;int;4;10;0;NAO;NAO;NAO;;;;;
COLUNA;CORPORE;dbo;FCFO;TABELA;CODIGOINSS;118;varchar;10;0;0;SIM;NAO;NAO;;;;;
COLUNA;CORPORE;dbo;FCFO;TABELA;VROUTRASDEDUCOESIRRF;119;RMDVALOR4;9;15;4;SIM;NAO;NAO;;;;;
COLUNA;CORPORE;dbo;FCFO;TABELA;CODRECEITA;120;varchar;10;0;0;SIM;NAO;NAO;;;;;
COLUNA;CORPORE;dbo;FCFO;TABELA;CEI;121;varchar;20;0;0;SIM;NAO;NAO;;;;;
COLUNA;CORPORE;dbo;FCFO;TABELA;OPTANTEPELOSIMPLES;122;smallint;2;5;0;SIM;NAO;NAO;;;;;
COLUNA;CORPORE;dbo;FCFO;TABELA;TIPORUA;123;smallint;2;5;0;SIM;NAO;NAO;;;;;
COLUNA;CORPORE;dbo;FCFO;TABELA;TIPOBAIRRO;124;smallint;2;5;0;SIM;NAO;NAO;;;;;
COLUNA;CORPORE;dbo;FCFO;TABELA;REGIMEISS;125;varchar;1;0;0;SIM;NAO;NAO;;;;;
COLUNA;CORPORE;dbo;FCFO;TABELA;RETENCAOISS;126;smallint;2;5;0;SIM;NAO;NAO;;;;;
COLUNA;CORPORE;dbo;FCFO;TABELA;DTNASCIMENTO;127;datetime;8;23;3;SIM;NAO;NAO;;;;;
COLUNA;CORPORE;dbo;FCFO;TABELA;USUARIOCRIACAO;128;varchar;20;0;0;SIM;NAO;NAO;;;;;
COLUNA;CORPORE;dbo;FCFO;TABELA;TIPOOPCOMBUSTIVEL;129;smallint;2;5;0;SIM;NAO;NAO;;;;;
COLUNA;CORPORE;dbo;FCFO;TABELA;INSCRESTADUALST;130;varchar;20;0;0;SIM;NAO;NAO;;;;;
COLUNA;CORPORE;dbo;FCFO;TABELA;LOCALIDADE;131;varchar;40;0;0;SIM;NAO;NAO;;;;;
COLUNA;CORPORE;dbo;FCFO;TABELA;LOCALIDADEPGTO;132;varchar;40;0;0;SIM;NAO;NAO;;;;;
COLUNA;CORPORE;dbo;FCFO;TABELA;LOCALIDADEENTREGA;133;varchar;40;0;0;SIM;NAO;NAO;;;;;
COLUNA;CORPORE;dbo;FCFO;TABELA;TIPORUAPGTO;134;smallint;2;5;0;SIM;NAO;NAO;;;;;
COLUNA;CORPORE;dbo;FCFO;TABELA;TIPORUAENTREGA;135;smallint;2;5;0;SIM;NAO;NAO;;;;;
COLUNA;CORPORE;dbo;FCFO;TABELA;TIPOBAIRROPGTO;136;smallint;2;5;0;SIM;NAO;NAO;;;;;
COLUNA;CORPORE;dbo;FCFO;TABELA;TIPOBAIRROENTREGA;137;smallint;2;5;0;SIM;NAO;NAO;;;;;
COLUNA;CORPORE;dbo;FCFO;TABELA;PORTE;138;smallint;2;5;0;SIM;NAO;NAO;;;;;
COLUNA;CORPORE;dbo;FCFO;TABELA;RAMOATIV;139;int;4;10;0;NAO;NAO;NAO;;;;;
COLUNA;CORPORE;dbo;FCFO;TABELA;NIT;140;varchar;15;0;0;SIM;NAO;NAO;;;;;
COLUNA;CORPORE;dbo;FCFO;TABELA;CEPCAIXAPOSTAL;141;DCEP;9;0;0;SIM;NAO;NAO;;;;;
COLUNA;CORPORE;dbo;FCFO;TABELA;NUMDIASATRASO;142;int;4;10;0;SIM;NAO;NAO;;;;;
COLUNA;CORPORE;dbo;FCFO;TABELA;IDPAIS;143;smallint;2;5;0;SIM;NAO;NAO;;;;;
COLUNA;CORPORE;dbo;FCFO;TABELA;IDPAISPGTO;144;smallint;2;5;0;SIM;NAO;NAO;;;;;
COLUNA;CORPORE;dbo;FCFO;TABELA;IDPAISENTREGA;145;smallint;2;5;0;SIM;NAO;NAO;;;;;
COLUNA;CORPORE;dbo;FCFO;TABELA;TIPOCONTRIBUINTEINSS;146;smallint;2;5;0;NAO;NAO;NAO;;;;;
COLUNA;CORPORE;dbo;FCFO;TABELA;NACIONALIDADE;147;smallint;2;5;0;NAO;NAO;NAO;;;;;
COLUNA;CORPORE;dbo;FCFO;TABELA;CODCOLCFOFISCAL;148;DCODCOLIGADANULL;2;5;0;SIM;NAO;NAO;;;;;
COLUNA;CORPORE;dbo;FCFO;TABELA;IDCFOFISCAL;149;int;4;10;0;SIM;NAO;NAO;;;;;
COLUNA;CORPORE;dbo;FCFO;TABELA;EMAILFISCAL;150;varchar;250;0;0;SIM;NAO;NAO;;;;;
COLUNA;CORPORE;dbo;FCFO;TABELA;CALCULAAVP;151;smallint;2;5;0;NAO;NAO;NAO;;;;;
COLUNA;CORPORE;dbo;FCFO;TABELA;CODUSUARIOACESSO;152;varchar;20;0;0;SIM;NAO;NAO;;;;;
COLUNA;CORPORE;dbo;FCFO;TABELA;RECCREATEDBY;153;varchar;50;0;0;SIM;NAO;NAO;;;;;
COLUNA;CORPORE;dbo;FCFO;TABELA;RECCREATEDON;154;datetime;8;23;3;SIM;NAO;NAO;;;;;
COLUNA;CORPORE;dbo;FCFO;TABELA;RECMODIFIEDBY;155;varchar;50;0;0;SIM;NAO;NAO;;;;;
COLUNA;CORPORE;dbo;FCFO;TABELA;RECMODIFIEDON;156;datetime;8;23;3;SIM;NAO;NAO;;;;;
COLUNA;CORPORE;dbo;FCFO;TABELA;IDINTEGRACAO;157;varchar;100;0;0;SIM;NAO;NAO;;;;;
COLUNA;CORPORE;dbo;FCFO;TABELA;USARCUMULATRETENCAOPAGAR;158;smallint;2;5;0;SIM;NAO;NAO;;;;;
COLUNA;CORPORE;dbo;FCFO;TABELA;NIF;159;varchar;50;0;0;SIM;NAO;NAO;;;;;
COLUNA;CORPORE;dbo;FCFO;TABELA;SITUACAONIF;160;smallint;2;5;0;SIM;NAO;NAO;;;;;
COLUNA;CORPORE;dbo;FCFO;TABELA;TIPORENDIMENTO;161;varchar;3;0;0;SIM;NAO;NAO;;;;;
COLUNA;CORPORE;dbo;FCFO;TABELA;FORMATRIBUTACAO;162;varchar;2;0;0;SIM;NAO;NAO;;;;;
COLUNA;CORPORE;dbo;FCFO;TABELA;INDNATRET;163;varchar;5;0;0;SIM;NAO;NAO;;;;;
COLUNA;CORPORE;dbo;FCFO;TABELA;TPLOTACAO_OLD;164;varchar;2;0;0;SIM;NAO;NAO;;;;;
COLUNA;CORPORE;dbo;FCFO;TABELA;DOCUMENTOESTRANGEIRO;170;varchar;30;0;0;SIM;NAO;NAO;;;;;
COLUNA;CORPORE;dbo;FCFO;TABELA;INOVAR_AUTO;171;int;4;10;0;SIM;NAO;NAO;;;;;
COLUNA;CORPORE;dbo;FCFO;TABELA;FILIALFINANCEIRA;172;int;4;10;0;SIM;NAO;NAO;;;;;
COLUNA;CORPORE;dbo;FCFO;TABELA;TOMADORFOLHA;173;smallint;2;5;0;SIM;NAO;NAO;;;;;
COLUNA;CORPORE;dbo;FCFO;TABELA;CNAEPREP;176;varchar;7;0;0;SIM;NAO;NAO;;;;;
COLUNA;CORPORE;dbo;FCFO;TABELA;PERCENTACIDTRAB;177;RMDVALOR2;9;15;2;SIM;NAO;NAO;;;;;
COLUNA;CORPORE;dbo;FCFO;TABELA;CODCOLFORMULA;179;DCODCOLIGADANULL;2;5;0;SIM;NAO;NAO;;;;;
COLUNA;CORPORE;dbo;FCFO;TABELA;FORMULAVALDEDUCAOVARIAVEL;180;varchar;8;0;0;SIM;NAO;NAO;;;;;
COLUNA;CORPORE;dbo;FCFO;TABELA;APLICFORMULA;181;varchar;1;0;0;SIM;NAO;NAO;;;;;
COLUNA;CORPORE;dbo;FCFO;TABELA;CODCFOCOLINTEGRACAO;182;DCODCOLIGADANULL;2;5;0;SIM;NAO;NAO;;;;;
COLUNA;CORPORE;dbo;FCFO;TABELA;CODCFOINTEGRACAO;183;varchar;25;0;0;SIM;NAO;NAO;;;;;
COLUNA;CORPORE;dbo;FCFO;TABELA;DIGVERIFICDEBAUTOMATICO;184;varchar;1;0;0;SIM;NAO;NAO;;;;;
COLUNA;CORPORE;dbo;FCFO;TABELA;CODLOJA;185;varchar;8;0;0;SIM;NAO;NAO;;;;;
COLUNA;CORPORE;dbo;FCFO;TABELA;CODFILIALINTEGRACAO;186;smallint;2;5;0;SIM;NAO;NAO;;;;;
COLUNA;CORPORE;dbo;FCFO;TABELA;CODEXTERNO;187;varchar;25;0;0;SIM;NAO;NAO;;;;;
COLUNA;CORPORE;dbo;FCFO;TABELA;TIPOCLIENTE;189;varchar;2;0;0;SIM;NAO;NAO;;;;;
COLUNA;CORPORE;dbo;FCFO;TABELA;CONSIDERAFILIALOBRA;190;smallint;2;5;0;SIM;NAO;NAO;;;;;
COLUNA;CORPORE;dbo;FCFO;TABELA;CODFILIALOBRA;191;smallint;2;5;0;SIM;NAO;NAO;;;;;
COLUNA;CORPORE;dbo;FCFO;TABELA;TIPOCONTROLEPONTO;192;smallint;2;5;0;SIM;NAO;NAO;;;;;
COLUNA;CORPORE;dbo;FCFO;TABELA;FAP;193;RMDVALOR4;9;15;4;SIM;NAO;NAO;;;;;
COLUNA;CORPORE;dbo;FCFO;TABELA;CODCOLIGADAFILIALOBRA;194;DCODCOLIGADANULL;2;5;0;SIM;NAO;NAO;;;;;
COLUNA;CORPORE;dbo;FCFO;TABELA;OBRAPROPRIA;195;smallint;2;5;0;SIM;NAO;NAO;;;;;
COLUNA;CORPORE;dbo;FCFO;TABELA;ENTIDADEEXECUTORAPAA;196;smallint;2;5;0;NAO;NAO;NAO;;;;;
COLUNA;CORPORE;dbo;FCFO;TABELA;CODCATEGORIAESOCIAL;197;int;4;10;0;SIM;NAO;NAO;;;;;
COLUNA;CORPORE;dbo;FCFO;TABELA;APOSENTADOOUPENSIONISTA;198;int;4;10;0;NAO;NAO;NAO;;;;;
COLUNA;CORPORE;dbo;FCFO;TABELA;CNPJRURAL;199;varchar;20;0;0;SIM;NAO;NAO;;;;;
COLUNA;CORPORE;dbo;FCFO;TABELA;CODIGOCAEPF;200;varchar;18;0;0;SIM;NAO;NAO;;;;;
COLUNA;CORPORE;dbo;FCFO;TABELA;ISENTOTRIBUTOS;201;DLOGICONULL;2;5;0;SIM;NAO;NAO;;;;;
COLUNA;CORPORE;dbo;FCFO;TABELA;SOCIOCOOPERADO;202;smallint;2;5;0;NAO;NAO;NAO;;;;;
COLUNA;CORPORE;dbo;FCFO;TABELA;IDNATRENDIMENTO;203;int;4;10;0;SIM;NAO;NAO;;;;;
COLUNA;CORPORE;dbo;FCFO;TABELA;CONTRIBUINTE_IBS_CBS;204;smallint;2;5;0;NAO;NAO;NAO;;;;;
COLUNA;CORPORE;dbo;GCCUSTO;TABELA;CODCOLIGADA;1;DCODCOLIGADA;2;5;0;NAO;SIM;NAO;;;;;
COLUNA;CORPORE;dbo;GCCUSTO;TABELA;CODCCUSTO;2;varchar;25;0;0;NAO;SIM;NAO;;;;;
COLUNA;CORPORE;dbo;GCCUSTO;TABELA;NOME;3;varchar;60;0;0;SIM;NAO;NAO;;;;;
COLUNA;CORPORE;dbo;GCCUSTO;TABELA;CODCOLCONTAGER;4;DCODCOLIGADANULL;2;5;0;SIM;NAO;NAO;;;;;
COLUNA;CORPORE;dbo;GCCUSTO;TABELA;CODCONTAGER;5;DCODCONTA;40;0;0;SIM;NAO;NAO;;;;;
COLUNA;CORPORE;dbo;GCCUSTO;TABELA;CODCOLCONTA;6;DCODCOLIGADANULL;2;5;0;SIM;NAO;NAO;;;;;
COLUNA;CORPORE;dbo;GCCUSTO;TABELA;CODCONTA;7;DCODCONTA;40;0;0;SIM;NAO;NAO;;;;;
COLUNA;CORPORE;dbo;GCCUSTO;TABELA;CODREDUZIDO;8;varchar;25;0;0;NAO;NAO;NAO;;;;;
COLUNA;CORPORE;dbo;GCCUSTO;TABELA;CAMPOLIVRE;9;varchar;100;0;0;SIM;NAO;NAO;;;;;
COLUNA;CORPORE;dbo;GCCUSTO;TABELA;ATIVO;10;BOOLEAN;1;0;0;SIM;NAO;NAO;;;;;
COLUNA;CORPORE;dbo;GCCUSTO;TABELA;PERMITELANC;11;BOOLEAN;1;0;0;SIM;NAO;NAO;;;;;
COLUNA;CORPORE;dbo;GCCUSTO;TABELA;CODCLASSIFICA;12;varchar;10;0;0;SIM;NAO;NAO;;;;;
COLUNA;CORPORE;dbo;GCCUSTO;TABELA;ENVIASPED;13;BOOLEAN;1;0;0;NAO;NAO;NAO;;;;;
COLUNA;CORPORE;dbo;GCCUSTO;TABELA;ID;14;int;4;10;0;NAO;NAO;SIM;;;;;
COLUNA;CORPORE;dbo;GCCUSTO;TABELA;DATAINCLUSAO;15;DDATETIME;8;23;3;SIM;NAO;NAO;;;;;
COLUNA;CORPORE;dbo;GCCUSTO;TABELA;RECCREATEDBY;16;varchar;50;0;0;SIM;NAO;NAO;;;;;
COLUNA;CORPORE;dbo;GCCUSTO;TABELA;RECCREATEDON;17;datetime;8;23;3;SIM;NAO;NAO;;;;;
COLUNA;CORPORE;dbo;GCCUSTO;TABELA;RECMODIFIEDBY;18;varchar;50;0;0;SIM;NAO;NAO;;;;;
COLUNA;CORPORE;dbo;GCCUSTO;TABELA;RECMODIFIEDON;19;datetime;8;23;3;SIM;NAO;NAO;;;;;
COLUNA;CORPORE;dbo;GCCUSTO;TABELA;RESPONSAVEL;20;int;4;10;0;SIM;NAO;NAO;;;;;
COLUNA;CORPORE;dbo;GUSUARIO;TABELA;CODUSUARIO;1;varchar;20;0;0;NAO;SIM;NAO;;;;;
COLUNA;CORPORE;dbo;GUSUARIO;TABELA;NOME;2;varchar;45;0;0;SIM;NAO;NAO;;;;;
COLUNA;CORPORE;dbo;GUSUARIO;TABELA;STATUS;3;smallint;2;5;0;SIM;NAO;NAO;;;;;
COLUNA;CORPORE;dbo;GUSUARIO;TABELA;DATAINICIO;4;datetime;8;23;3;SIM;NAO;NAO;;;;;
COLUNA;CORPORE;dbo;GUSUARIO;TABELA;DATAEXPIRACAO;5;datetime;8;23;3;SIM;NAO;NAO;;;;;
COLUNA;CORPORE;dbo;GUSUARIO;TABELA;CONFIRMABTNOK;6;smallint;2;5;0;SIM;NAO;NAO;;;;;
COLUNA;CORPORE;dbo;GUSUARIO;TABELA;SENHA;7;varchar;1000;0;0;NAO;NAO;NAO;;;;;
COLUNA;CORPORE;dbo;GUSUARIO;TABELA;CONTROLE;8;smallint;2;5;0;SIM;NAO;NAO;;;;;
COLUNA;CORPORE;dbo;GUSUARIO;TABELA;ULTIMACOLIGADA;9;int;4;10;0;SIM;NAO;NAO;;;;;
COLUNA;CORPORE;dbo;GUSUARIO;TABELA;CODACESSO;10;varchar;16;0;0;SIM;NAO;NAO;;;;;
COLUNA;CORPORE;dbo;GUSUARIO;TABELA;DTAEXPSENHA;11;datetime;8;23;3;SIM;NAO;NAO;;;;;
COLUNA;CORPORE;dbo;GUSUARIO;TABELA;DIASEXPSENHA;12;int;4;10;0;SIM;NAO;NAO;;;;;
COLUNA;CORPORE;dbo;GUSUARIO;TABELA;OBRIGAALTERARSENHA;13;BOOLEAN;1;0;0;SIM;NAO;NAO;;;;;
COLUNA;CORPORE;dbo;GUSUARIO;TABELA;NUMLOGININVALIDO;14;int;4;10;0;SIM;NAO;NAO;;;;;
COLUNA;CORPORE;dbo;GUSUARIO;TABELA;DATALOGININVALIDO;15;datetime;8;23;3;SIM;NAO;NAO;;;;;
COLUNA;CORPORE;dbo;GUSUARIO;TABELA;EMAIL;16;varchar;60;0;0;SIM;NAO;NAO;;;;;
COLUNA;CORPORE;dbo;GUSUARIO;TABELA;ACESSONET;17;BOOLEAN;1;0;0;SIM;NAO;NAO;;;;;
COLUNA;CORPORE;dbo;GUSUARIO;TABELA;INTERNO1;18;varchar;1000;0;0;SIM;NAO;NAO;;;;;
COLUNA;CORPORE;dbo;GUSUARIO;TABELA;DATAULTIMOACESSO;19;datetime;8;23;3;SIM;NAO;NAO;;;;;
COLUNA;CORPORE;dbo;GUSUARIO;TABELA;CODUSUARIOREDE;20;varchar;255;0;0;SIM;NAO;NAO;;;;;
COLUNA;CORPORE;dbo;GUSUARIO;TABELA;DOMINIOREDE;21;varchar;255;0;0;SIM;NAO;NAO;;;;;
COLUNA;CORPORE;dbo;GUSUARIO;TABELA;DATAULTIMOACESSOVALIDO;22;DDATE;8;23;3;SIM;NAO;NAO;;;;;
COLUNA;CORPORE;dbo;GUSUARIO;TABELA;USUARIOTWITTER;23;varchar;50;0;0;SIM;NAO;NAO;;;;;
COLUNA;CORPORE;dbo;GUSUARIO;TABELA;SENHATWITTER;24;varchar;100;0;0;SIM;NAO;NAO;;;;;
COLUNA;CORPORE;dbo;GUSUARIO;TABELA;USUARIOFACEBOOK;25;varchar;50;0;0;SIM;NAO;NAO;;;;;
COLUNA;CORPORE;dbo;GUSUARIO;TABELA;SENHAFACEBOOK;26;varchar;100;0;0;SIM;NAO;NAO;;;;;
COLUNA;CORPORE;dbo;GUSUARIO;TABELA;USUARIOLINKEDIN;27;varchar;50;0;0;SIM;NAO;NAO;;;;;
COLUNA;CORPORE;dbo;GUSUARIO;TABELA;SENHALINKEDIN;28;varchar;100;0;0;SIM;NAO;NAO;;;;;
COLUNA;CORPORE;dbo;GUSUARIO;TABELA;RECCREATEDBY;29;varchar;50;0;0;SIM;NAO;NAO;;;;;
COLUNA;CORPORE;dbo;GUSUARIO;TABELA;RECCREATEDON;30;datetime;8;23;3;SIM;NAO;NAO;;;;;
COLUNA;CORPORE;dbo;GUSUARIO;TABELA;RECMODIFIEDBY;31;varchar;50;0;0;SIM;NAO;NAO;;;;;
COLUNA;CORPORE;dbo;GUSUARIO;TABELA;RECMODIFIEDON;32;datetime;8;23;3;SIM;NAO;NAO;;;;;
COLUNA;CORPORE;dbo;GUSUARIO;TABELA;USERID;33;varchar;50;0;0;NAO;NAO;NAO;;;;;
COLUNA;CORPORE;dbo;GUSUARIO;TABELA;USERIDFLUIGIDENTITY;34;varchar;100;0;0;SIM;NAO;NAO;;;;;
COLUNA;CORPORE;dbo;GUSUARIO;TABELA;USERFLUIGJSON;35;varchar;MAX;0;0;SIM;NAO;NAO;;;;;
COLUNA;CORPORE;dbo;GUSUARIO;TABELA;IGNORARAUTENTICACAOLDAP;36;varchar;1;0;0;NAO;NAO;NAO;;;;;
COLUNA;CORPORE;dbo;GUSUARIO;TABELA;NOMESOCIAL;37;varchar;45;0;0;SIM;NAO;NAO;;;;;
COLUNA;CORPORE;dbo;GUSUARIO;TABELA;ULTIMASSENHAS;38;varchar;MAX;0;0;SIM;NAO;NAO;;;;;
COLUNA;CORPORE;dbo;GUSUARIO;TABELA;CODEXTERNO;39;varchar;255;0;0;SIM;NAO;NAO;;;;;
COLUNA;CORPORE;dbo;GUSUARIO;TABELA;IPULTIMOACESSO;40;varchar;100;0;0;SIM;NAO;NAO;;;;;
COLUNA;CORPORE;dbo;GUSUARIO;TABELA;OIDC_ENABLED;41;DLOGICO;2;5;0;NAO;NAO;NAO;;;;;
COLUNA;CORPORE;dbo;PPESSOA;TABELA;CODIGO;1;int;4;10;0;NAO;SIM;NAO;;;;;
COLUNA;CORPORE;dbo;PPESSOA;TABELA;NOME;2;varchar;120;0;0;SIM;NAO;NAO;;;;;
COLUNA;CORPORE;dbo;PPESSOA;TABELA;APELIDO;3;varchar;40;0;0;SIM;NAO;NAO;;;;;
COLUNA;CORPORE;dbo;PPESSOA;TABELA;DTNASCIMENTO;4;datetime;8;23;3;SIM;NAO;NAO;;;;;
COLUNA;CORPORE;dbo;PPESSOA;TABELA;ESTADOCIVIL;5;varchar;1;0;0;SIM;NAO;NAO;;;;;
COLUNA;CORPORE;dbo;PPESSOA;TABELA;SEXO;6;varchar;1;0;0;SIM;NAO;NAO;;;;;
COLUNA;CORPORE;dbo;PPESSOA;TABELA;NACIONALIDADE;7;varchar;3;0;0;SIM;NAO;NAO;;;;;
COLUNA;CORPORE;dbo;PPESSOA;TABELA;GRAUINSTRUCAO;8;varchar;3;0;0;SIM;NAO;NAO;;;;;
COLUNA;CORPORE;dbo;PPESSOA;TABELA;RUA;9;varchar;140;0;0;SIM;NAO;NAO;;;;;
COLUNA;CORPORE;dbo;PPESSOA;TABELA;NUMERO;10;varchar;8;0;0;SIM;NAO;NAO;;;;;
COLUNA;CORPORE;dbo;PPESSOA;TABELA;COMPLEMENTO;11;DCOMPLEMENTO;60;0;0;SIM;NAO;NAO;;;;;
COLUNA;CORPORE;dbo;PPESSOA;TABELA;BAIRRO;12;DBAIRRO;80;0;0;SIM;NAO;NAO;;;;;
COLUNA;CORPORE;dbo;PPESSOA;TABELA;ESTADO;13;varchar;2;0;0;SIM;NAO;NAO;;;;;
COLUNA;CORPORE;dbo;PPESSOA;TABELA;CIDADE;14;DCIDADE;32;0;0;SIM;NAO;NAO;;;;;
COLUNA;CORPORE;dbo;PPESSOA;TABELA;CEP;15;DCEP;9;0;0;SIM;NAO;NAO;;;;;
COLUNA;CORPORE;dbo;PPESSOA;TABELA;PAIS;16;varchar;60;0;0;SIM;NAO;NAO;;;;;
COLUNA;CORPORE;dbo;PPESSOA;TABELA;REGPROFISSIONAL;17;varchar;15;0;0;SIM;NAO;NAO;;;;;
COLUNA;CORPORE;dbo;PPESSOA;TABELA;CPF;18;varchar;11;0;0;SIM;NAO;NAO;;;;;
COLUNA;CORPORE;dbo;PPESSOA;TABELA;IDIMAGEM;19;int;4;10;0;SIM;NAO;NAO;;;;;
COLUNA;CORPORE;dbo;PPESSOA;TABELA;TELEFONE1;20;varchar;15;0;0;SIM;NAO;NAO;;;;;
COLUNA;CORPORE;dbo;PPESSOA;TABELA;TELEFONE2;21;varchar;15;0;0;SIM;NAO;NAO;;;;;
COLUNA;CORPORE;dbo;PPESSOA;TABELA;CARTIDENTIDADE;22;varchar;15;0;0;SIM;NAO;NAO;;;;;
COLUNA;CORPORE;dbo;PPESSOA;TABELA;UFCARTIDENT;23;varchar;2;0;0;SIM;NAO;NAO;;;;;
COLUNA;CORPORE;dbo;PPESSOA;TABELA;ORGEMISSORIDENT;24;varchar;15;0;0;SIM;NAO;NAO;;;;;
COLUNA;CORPORE;dbo;PPESSOA;TABELA;DTEMISSAOIDENT;25;datetime;8;23;3;SIM;NAO;NAO;;;;;
COLUNA;CORPORE;dbo;PPESSOA;TABELA;TITULOELEITOR;26;varchar;14;0;0;SIM;NAO;NAO;;;;;
COLUNA;CORPORE;dbo;PPESSOA;TABELA;ZONATITELEITOR;27;varchar;6;0;0;SIM;NAO;NAO;;;;;
COLUNA;CORPORE;dbo;PPESSOA;TABELA;SECAOTITELEITOR;28;varchar;6;0;0;SIM;NAO;NAO;;;;;
COLUNA;CORPORE;dbo;PPESSOA;TABELA;CARTEIRATRAB;29;varchar;10;0;0;SIM;NAO;NAO;;;;;
COLUNA;CORPORE;dbo;PPESSOA;TABELA;SERIECARTTRAB;30;varchar;5;0;0;SIM;NAO;NAO;;;;;
COLUNA;CORPORE;dbo;PPESSOA;TABELA;UFCARTTRAB;31;varchar;2;0;0;SIM;NAO;NAO;;;;;
COLUNA;CORPORE;dbo;PPESSOA;TABELA;DTCARTTRAB;32;datetime;8;23;3;SIM;NAO;NAO;;;;;
COLUNA;CORPORE;dbo;PPESSOA;TABELA;NIT;33;smallint;2;5;0;SIM;NAO;NAO;;;;;
COLUNA;CORPORE;dbo;PPESSOA;TABELA;CARTMOTORISTA;34;varchar;15;0;0;SIM;NAO;NAO;;;;;
COLUNA;CORPORE;dbo;PPESSOA;TABELA;TIPOCARTHABILIT;35;varchar;5;0;0;SIM;NAO;NAO;;;;;
COLUNA;CORPORE;dbo;PPESSOA;TABELA;DTVENCHABILIT;36;datetime;8;23;3;SIM;NAO;NAO;;;;;
COLUNA;CORPORE;dbo;PPESSOA;TABELA;CERTIFRESERV;37;varchar;40;0;0;SIM;NAO;NAO;;;;;
COLUNA;CORPORE;dbo;PPESSOA;TABELA;CATEGMILITAR;38;varchar;10;0;0;SIM;NAO;NAO;;;;;
COLUNA;CORPORE;dbo;PPESSOA;TABELA;NATURALIDADE;39;varchar;32;0;0;SIM;NAO;NAO;;;;;
COLUNA;CORPORE;dbo;PPESSOA;TABELA;ESTADONATAL;40;varchar;2;0;0;SIM;NAO;NAO;;;;;
COLUNA;CORPORE;dbo;PPESSOA;TABELA;DATACHEGADA;41;datetime;8;23;3;SIM;NAO;NAO;;;;;
COLUNA;CORPORE;dbo;PPESSOA;TABELA;CARTMODELO19;42;varchar;15;0;0;SIM;NAO;NAO;;;;;
COLUNA;CORPORE;dbo;PPESSOA;TABELA;CONJUGEBRASIL;43;smallint;2;5;0;SIM;NAO;NAO;;;;;
COLUNA;CORPORE;dbo;PPESSOA;TABELA;NATURALIZADO;44;smallint;2;5;0;SIM;NAO;NAO;;;;;
COLUNA;CORPORE;dbo;PPESSOA;TABELA;FILHOSBRASIL;45;smallint;2;5;0;SIM;NAO;NAO;;;;;
COLUNA;CORPORE;dbo;PPESSOA;TABELA;NROFILHOSBRASIL;46;smallint;2;5;0;SIM;NAO;NAO;;;;;
COLUNA;CORPORE;dbo;PPESSOA;TABELA;NROREGGERAL;47;varchar;15;0;0;SIM;NAO;NAO;;;;;
COLUNA;CORPORE;dbo;PPESSOA;TABELA;NRODECRETO;48;varchar;15;0;0;SIM;NAO;NAO;;;;;
COLUNA;CORPORE;dbo;PPESSOA;TABELA;DTVENCIDENT;49;datetime;8;23;3;SIM;NAO;NAO;;;;;
COLUNA;CORPORE;dbo;PPESSOA;TABELA;DTVENCCARTTRAB;50;datetime;8;23;3;SIM;NAO;NAO;;;;;
COLUNA;CORPORE;dbo;PPESSOA;TABELA;TIPOVISTO;51;varchar;10;0;0;SIM;NAO;NAO;;;;;
COLUNA;CORPORE;dbo;PPESSOA;TABELA;EMAIL;52;varchar;60;0;0;SIM;NAO;NAO;;;;;
COLUNA;CORPORE;dbo;PPESSOA;TABELA;INVESTTREINANT;53;RMDVALOR2;9;15;2;SIM;NAO;NAO;;;;;
COLUNA;CORPORE;dbo;PPESSOA;TABELA;CORRACA;54;smallint;2;5;0;SIM;NAO;NAO;;;;;
COLUNA;CORPORE;dbo;PPESSOA;TABELA;DEFICIENTEFISICO;55;smallint;2;5;0;SIM;NAO;NAO;;;;;
COLUNA;CORPORE;dbo;PPESSOA;TABELA;CODUSUARIO;56;varchar;20;0;0;SIM;NAO;NAO;;;;;
COLUNA;CORPORE;dbo;PPESSOA;TABELA;TELEFONE3;57;varchar;15;0;0;SIM;NAO;NAO;;;;;
COLUNA;CORPORE;dbo;PPESSOA;TABELA;FAX;58;varchar;15;0;0;SIM;NAO;NAO;;;;;
COLUNA;CORPORE;dbo;PPESSOA;TABELA;EMPRESA;59;varchar;60;0;0;SIM;NAO;NAO;;;;;
COLUNA;CORPORE;dbo;PPESSOA;TABELA;CODPROFISSAO;60;int;4;10;0;SIM;NAO;NAO;;;;;
COLUNA;CORPORE;dbo;PPESSOA;TABELA;CODOCUPACAO;61;varchar;3;0;0;SIM;NAO;NAO;;;;;
COLUNA;CORPORE;dbo;PPESSOA;TABELA;CODMEMOOBS;62;int;4;10;0;SIM;NAO;NAO;;;;;
COLUNA;CORPORE;dbo;PPESSOA;TABELA;BRPDH;63;smallint;2;5;0;SIM;NAO;NAO;;;;;
COLUNA;CORPORE;dbo;PPESSOA;TABELA;NPASSAPORTE;64;varchar;15;0;0;SIM;NAO;NAO;;;;;
COLUNA;CORPORE;dbo;PPESSOA;TABELA;FUMANTE;65;DLOGICONULL;2;5;0;SIM;NAO;NAO;;;;;
COLUNA;CORPORE;dbo;PPESSOA;TABELA;PAISORIGEM;66;varchar;20;0;0;SIM;NAO;NAO;;;;;
COLUNA;CORPORE;dbo;PPESSOA;TABELA;DTEMISSPASSAPORTE;67;datetime;8;23;3;SIM;NAO;NAO;;;;;
COLUNA;CORPORE;dbo;PPESSOA;TABELA;DTVALPASSAPORTE;68;datetime;8;23;3;SIM;NAO;NAO;;;;;
COLUNA;CORPORE;dbo;PPESSOA;TABELA;OBSPESSOA;69;MEMO;16;0;0;SIM;NAO;NAO;;;;;
COLUNA;CORPORE;dbo;PPESSOA;TABELA;IDIMAGEMDOC;70;int;4;10;0;SIM;NAO;NAO;;;;;
COLUNA;CORPORE;dbo;PPESSOA;TABELA;IDIMAGEMDOCV;71;int;4;10;0;SIM;NAO;NAO;;;;;
COLUNA;CORPORE;dbo;PPESSOA;TABELA;AJUSTATAMANHOFOTO;72;DLOGICONULL;2;5;0;SIM;NAO;NAO;;;;;
COLUNA;CORPORE;dbo;PPESSOA;TABELA;DEFICIENTEAUDITIVO;73;smallint;2;5;0;SIM;NAO;NAO;;;;;
COLUNA;CORPORE;dbo;PPESSOA;TABELA;DEFICIENTEFALA;74;smallint;2;5;0;SIM;NAO;NAO;;;;;
COLUNA;CORPORE;dbo;PPESSOA;TABELA;DEFICIENTEVISUAL;75;smallint;2;5;0;SIM;NAO;NAO;;;;;
COLUNA;CORPORE;dbo;PPESSOA;TABELA;DEFICIENTEMENTAL;76;smallint;2;5;0;SIM;NAO;NAO;;;;;
COLUNA;CORPORE;dbo;PPESSOA;TABELA;RECURSOREALIZACAOTRAB;77;varchar;120;0;0;SIM;NAO;NAO;;;;;
COLUNA;CORPORE;dbo;PPESSOA;TABELA;RECURSOACESSIBILIDADE;78;varchar;120;0;0;SIM;NAO;NAO;;;;;
COLUNA;CORPORE;dbo;PPESSOA;TABELA;DATAAPROVACAOCURR;79;datetime;8;23;3;SIM;NAO;NAO;;;;;
COLUNA;CORPORE;dbo;PPESSOA;TABELA;CODMUNICIPIO;80;varchar;20;0;0;SIM;NAO;NAO;;;;;
COLUNA;CORPORE;dbo;PPESSOA;TABELA;LOCALIDADE;81;varchar;40;0;0;SIM;NAO;NAO;;;;;
COLUNA;CORPORE;dbo;PPESSOA;TABELA;CSM;82;varchar;10;0;0;SIM;NAO;NAO;;;;;
COLUNA;CORPORE;dbo;PPESSOA;TABELA;DTEXPCML;83;datetime;8;23;3;SIM;NAO;NAO;;;;;
COLUNA;CORPORE;dbo;PPESSOA;TABELA;EXPED;84;varchar;10;0;0;SIM;NAO;NAO;;;;;
COLUNA;CORPORE;dbo;PPESSOA;TABELA;RM;85;varchar;10;0;0;SIM;NAO;NAO;;;;;
COLUNA;CORPORE;dbo;PPESSOA;TABELA;SITMILITAR;86;varchar;10;0;0;SIM;NAO;NAO;;;;;
COLUNA;CORPORE;dbo;PPESSOA;TABELA;DTTITELEITOR;87;datetime;8;23;3;SIM;NAO;NAO;;;;;
COLUNA;CORPORE;dbo;PPESSOA;TABELA;ESTELEIT;88;varchar;2;0;0;SIM;NAO;NAO;;;;;
COLUNA;CORPORE;dbo;PPESSOA;TABELA;TIPOSANG;90;varchar;10;0;0;SIM;NAO;NAO;;;;;
COLUNA;CORPORE;dbo;PPESSOA;TABELA;IDBIOMETRIA;91;int;4;10;0;SIM;NAO;NAO;;;;;
COLUNA;CORPORE;dbo;PPESSOA;TABELA;ALUNO;92;DLOGICO;2;5;0;NAO;NAO;NAO;;;;;
COLUNA;CORPORE;dbo;PPESSOA;TABELA;PROFESSOR;93;DLOGICO;2;5;0;NAO;NAO;NAO;;;;;
COLUNA;CORPORE;dbo;PPESSOA;TABELA;USUARIOBIBLIOS;94;DLOGICO;2;5;0;NAO;NAO;NAO;;;;;
COLUNA;CORPORE;dbo;PPESSOA;TABELA;FUNCIONARIO;95;DLOGICO;2;5;0;NAO;NAO;NAO;;;;;
COLUNA;CORPORE;dbo;PPESSOA;TABELA;EXFUNCIONARIO;96;DLOGICO;2;5;0;NAO;NAO;NAO;;;;;
COLUNA;CORPORE;dbo;PPESSOA;TABELA;CANDIDATO;97;DLOGICO;2;5;0;NAO;NAO;NAO;;;;;
COLUNA;CORPORE;dbo;PPESSOA;TABELA;TAGSCRIPT;98;MEMO;16;0;0;SIM;NAO;NAO;;;;;
COLUNA;CORPORE;dbo;PPESSOA;TABELA;FIADOR_SGI;99;DLOGICONULL;2;5;0;SIM;NAO;NAO;;;;;
COLUNA;CORPORE;dbo;PPESSOA;TABELA;CONJUGE_SGI;100;DLOGICONULL;2;5;0;SIM;NAO;NAO;;;;;
COLUNA;CORPORE;dbo;PPESSOA;TABELA;DEFICIENTEMOBREDUZIDA;101;smallint;2;5;0;SIM;NAO;NAO;;;;;
COLUNA;CORPORE;dbo;PPESSOA;TABELA;RECCREATEDBY;102;varchar;50;0;0;SIM;NAO;NAO;;;;;
COLUNA;CORPORE;dbo;PPESSOA;TABELA;RECCREATEDON;103;datetime;8;23;3;SIM;NAO;NAO;;;;;
COLUNA;CORPORE;dbo;PPESSOA;TABELA;RECMODIFIEDBY;104;varchar;50;0;0;SIM;NAO;NAO;;;;;
COLUNA;CORPORE;dbo;PPESSOA;TABELA;RECMODIFIEDON;105;datetime;8;23;3;SIM;NAO;NAO;;;;;
COLUNA;CORPORE;dbo;PPESSOA;TABELA;DTVENCIDENTPT;106;DDATETIME;8;23;3;SIM;NAO;NAO;;;;;
COLUNA;CORPORE;dbo;PPESSOA;TABELA;CODTIPORUA;107;smallint;2;5;0;SIM;NAO;NAO;;;;;
COLUNA;CORPORE;dbo;PPESSOA;TABELA;CODTIPOBAIRRO;108;smallint;2;5;0;SIM;NAO;NAO;;;;;
COLUNA;CORPORE;dbo;PPESSOA;TABELA;IDPAIS;109;smallint;2;5;0;SIM;NAO;NAO;;;;;
COLUNA;CORPORE;dbo;PPESSOA;TABELA;CODNATURALIDADE;110;varchar;20;0;0;SIM;NAO;NAO;;;;;
COLUNA;CORPORE;dbo;PPESSOA;TABELA;NUMERORIC;111;varchar;20;0;0;SIM;NAO;NAO;;;;;
COLUNA;CORPORE;dbo;PPESSOA;TABELA;ORGEMISSORRIC;112;varchar;20;0;0;SIM;NAO;NAO;;;;;
COLUNA;CORPORE;dbo;PPESSOA;TABELA;DTEMISSAORIC;113;DDATETIME;8;23;3;SIM;NAO;NAO;;;;;
COLUNA;CORPORE;dbo;PPESSOA;TABELA;DTEMISSAOCNH;114;DDATETIME;8;23;3;SIM;NAO;NAO;;;;;
COLUNA;CORPORE;dbo;PPESSOA;TABELA;ORGEMISSORCNH;115;varchar;20;0;0;SIM;NAO;NAO;;;;;
COLUNA;CORPORE;dbo;PPESSOA;TABELA;DATANATURALIZACAO;116;DDATETIME;8;23;3;SIM;NAO;NAO;;;;;
COLUNA;CORPORE;dbo;PPESSOA;TABELA;ORGEMISSORRNE;117;varchar;20;0;0;SIM;NAO;NAO;;;;;
COLUNA;CORPORE;dbo;PPESSOA;TABELA;DTEMISSAORNE;118;DDATETIME;8;23;3;SIM;NAO;NAO;;;;;
COLUNA;CORPORE;dbo;PPESSOA;TABELA;NOMESOCIAL;119;varchar;120;0;0;SIM;NAO;NAO;;;;;
COLUNA;CORPORE;dbo;PPESSOA;TABELA;DEFICIENTEINTELECTUAL;120;smallint;2;5;0;SIM;NAO;NAO;;;;;
COLUNA;CORPORE;dbo;PPESSOA;TABELA;DEFICIENTEOBSERVACAO;121;varchar;255;0;0;SIM;NAO;NAO;;;;;
COLUNA;CORPORE;dbo;PPESSOA;TABELA;DATAOBITO;122;DDATETIME;8;23;3;SIM;NAO;NAO;;;;;
COLUNA;CORPORE;dbo;PPESSOA;TABELA;MATRICULAOBITO;123;varchar;50;0;0;SIM;NAO;NAO;;;;;
COLUNA;CORPORE;dbo;PPESSOA;TABELA;FALECIDO;124;int;4;10;0;SIM;NAO;NAO;;;;;
COLUNA;CORPORE;dbo;PPESSOA;TABELA;PORTARIANATURALIZACAO;125;varchar;50;0;0;SIM;NAO;NAO;;;;;
COLUNA;CORPORE;dbo;PPESSOA;TABELA;CODCLASSIFTRABESTRANG;126;varchar;20;0;0;SIM;NAO;NAO;;;;;
COLUNA;CORPORE;dbo;PPESSOA;TABELA;UFCNH;127;varchar;2;0;0;SIM;NAO;NAO;;;;;
COLUNA;CORPORE;dbo;PPESSOA;TABELA;DATAPRIMEIRACNH;128;DDATETIME;8;23;3;SIM;NAO;NAO;;;;;
COLUNA;CORPORE;dbo;PPESSOA;TABELA;ANO1EMPREGO;130;int;4;10;0;SIM;NAO;NAO;;;;;
COLUNA;CORPORE;dbo;PPESSOA;TABELA;EMAILPESSOAL;131;varchar;60;0;0;SIM;NAO;NAO;;;;;
COLUNA;CORPORE;dbo;PPESSOA;TABELA;TIPOPRAZORESIDENCIA;132;smallint;2;5;0;SIM;NAO;NAO;;;;;
COLUNA;CORPORE;dbo;PPESSOA;TABELA;MUDOUCPF;133;smallint;2;5;0;SIM;NAO;NAO;;;;;
COLUNA;CORPORE;dbo;PPESSOA;TABELA;DEFICIENTEOUTROS;134;int;4;10;0;SIM;NAO;NAO;;;;;
COLUNA;CORPORE;dbo;TITMMOV;TABELA;CODCOLIGADA;1;DCODCOLIGADA;2;5;0;NAO;SIM;NAO;;;;;
COLUNA;CORPORE;dbo;TITMMOV;TABELA;IDMOV;2;int;4;10;0;NAO;SIM;NAO;;;;;
COLUNA;CORPORE;dbo;TITMMOV;TABELA;NSEQITMMOV;3;int;4;10;0;NAO;SIM;NAO;;;;;
COLUNA;CORPORE;dbo;TITMMOV;TABELA;NUMEROSEQUENCIAL;4;smallint;2;5;0;NAO;NAO;NAO;;;;;
COLUNA;CORPORE;dbo;TITMMOV;TABELA;IDPRD;5;int;4;10;0;SIM;NAO;NAO;;;;;
COLUNA;CORPORE;dbo;TITMMOV;TABELA;CODTIP;6;varchar;10;0;0;SIM;NAO;NAO;;;;;
COLUNA;CORPORE;dbo;TITMMOV;TABELA;QUANTIDADE;7;RMDVALOR4;9;15;4;SIM;NAO;NAO;;;;;
COLUNA;CORPORE;dbo;TITMMOV;TABELA;PRECOUNITARIO;8;decimal;13;21;10;SIM;NAO;NAO;;;;;
COLUNA;CORPORE;dbo;TITMMOV;TABELA;PRECOTABELA;9;RMDVALOR4;9;15;4;SIM;NAO;NAO;;;;;
COLUNA;CORPORE;dbo;TITMMOV;TABELA;PERCENTUALDESC;10;RMDVALOR4;9;15;4;SIM;NAO;NAO;;;;;
COLUNA;CORPORE;dbo;TITMMOV;TABELA;VALORDESC;11;RMDVALOR4;9;15;4;SIM;NAO;NAO;;;;;
COLUNA;CORPORE;dbo;TITMMOV;TABELA;PERCENTUALDESP;12;RMDVALOR4;9;15;4;SIM;NAO;NAO;;;;;
COLUNA;CORPORE;dbo;TITMMOV;TABELA;VALORDESP;13;RMDVALOR4;9;15;4;SIM;NAO;NAO;;;;;
COLUNA;CORPORE;dbo;TITMMOV;TABELA;DATAEMISSAO;14;datetime;8;23;3;SIM;NAO;NAO;;;;;
COLUNA;CORPORE;dbo;TITMMOV;TABELA;CODMEN;15;varchar;5;0;0;SIM;NAO;NAO;;;;;
COLUNA;CORPORE;dbo;TITMMOV;TABELA;NUMEROTRIBUTOS;16;smallint;2;5;0;SIM;NAO;NAO;;;;;
COLUNA;CORPORE;dbo;TITMMOV;TABELA;CODTB1FAT;17;varchar;10;0;0;SIM;NAO;NAO;;;;;
COLUNA;CORPORE;dbo;TITMMOV;TABELA;CODTB2FAT;18;varchar;10;0;0;SIM;NAO;NAO;;;;;
COLUNA;CORPORE;dbo;TITMMOV;TABELA;CODTB3FAT;19;varchar;10;0;0;SIM;NAO;NAO;;;;;
COLUNA;CORPORE;dbo;TITMMOV;TABELA;CODTB4FAT;20;varchar;10;0;0;SIM;NAO;NAO;;;;;
COLUNA;CORPORE;dbo;TITMMOV;TABELA;CODTB5FAT;21;varchar;10;0;0;SIM;NAO;NAO;;;;;
COLUNA;CORPORE;dbo;TITMMOV;TABELA;CODTB1FLX;22;varchar;25;0;0;SIM;NAO;NAO;;;;;
COLUNA;CORPORE;dbo;TITMMOV;TABELA;CODTB2FLX;23;varchar;25;0;0;SIM;NAO;NAO;;;;;
COLUNA;CORPORE;dbo;TITMMOV;TABELA;CODTB3FLX;24;varchar;25;0;0;SIM;NAO;NAO;;;;;
COLUNA;CORPORE;dbo;TITMMOV;TABELA;CODTB4FLX;25;varchar;25;0;0;SIM;NAO;NAO;;;;;
COLUNA;CORPORE;dbo;TITMMOV;TABELA;CODTB5FLX;26;varchar;25;0;0;SIM;NAO;NAO;;;;;
COLUNA;CORPORE;dbo;TITMMOV;TABELA;CAMPOLIVRE;27;varchar;15;0;0;SIM;NAO;NAO;;;;;
COLUNA;CORPORE;dbo;TITMMOV;TABELA;CODUND;28;varchar;5;0;0;SIM;NAO;NAO;;;;;
COLUNA;CORPORE;dbo;TITMMOV;TABELA;QUANTIDADEARECEBER;29;RMDVALOR4;9;15;4;SIM;NAO;NAO;;;;;
COLUNA;CORPORE;dbo;TITMMOV;TABELA;CODNAT;30;varchar;10;0;0;SIM;NAO;NAO;;;;;
COLUNA;CORPORE;dbo;TITMMOV;TABELA;CODCPG;31;varchar;5;0;0;SIM;NAO;NAO;;;;;
COLUNA;CORPORE;dbo;TITMMOV;TABELA;DATAENTREGA;32;datetime;8;23;3;SIM;NAO;NAO;;;;;
COLUNA;CORPORE;dbo;TITMMOV;TABELA;PRATELEIRA;33;varchar;15;0;0;SIM;NAO;NAO;;;;;
COLUNA;CORPORE;dbo;TITMMOV;TABELA;IDCNT;34;int;4;10;0;SIM;NAO;NAO;;;;;
COLUNA;CORPORE;dbo;TITMMOV;TABELA;NSEQITMCNT;35;smallint;2;5;0;SIM;NAO;NAO;;;;;
COLUNA;CORPORE;dbo;TITMMOV;TABELA;DATAINIFAT;37;datetime;8;23;3;SIM;NAO;NAO;;;;;
COLUNA;CORPORE;dbo;TITMMOV;TABELA;DATAFIMFAT;38;datetime;8;23;3;SIM;NAO;NAO;;;;;
COLUNA;CORPORE;dbo;TITMMOV;TABELA;FLAGEFEITOSALDO;39;smallint;2;5;0;SIM;NAO;NAO;;;;;
COLUNA;CORPORE;dbo;TITMMOV;TABELA;VALORUNITARIO;40;RMDVALOR4;9;15;4;SIM;NAO;NAO;;;;;
COLUNA;CORPORE;dbo;TITMMOV;TABELA;VALORFINANCEIRO;41;RMDVALOR4;9;15;4;SIM;NAO;NAO;;;;;
COLUNA;CORPORE;dbo;TITMMOV;TABELA;IMPRIMEMOV;42;smallint;2;5;0;SIM;NAO;NAO;;;;;
COLUNA;CORPORE;dbo;TITMMOV;TABELA;CODCCUSTO;43;varchar;25;0;0;SIM;NAO;NAO;;;;;
COLUNA;CORPORE;dbo;TITMMOV;TABELA;FLAGREPASSE;44;smallint;2;5;0;SIM;NAO;NAO;;;;;
COLUNA;CORPORE;dbo;TITMMOV;TABELA;ALIQORDENACAO;45;RMDVALOR4;9;15;4;SIM;NAO;NAO;;;;;
COLUNA;CORPORE;dbo;TITMMOV;TABELA;QUANTIDADEORIGINAL;46;RMDVALOR4;9;15;4;SIM;NAO;NAO;;;;;
COLUNA;CORPORE;dbo;TITMMOV;TABELA;IDNAT;47;int;4;10;0;SIM;NAO;NAO;;;;;
COLUNA;CORPORE;dbo;TITMMOV;TABELA;FLAG;48;smallint;2;5;0;SIM;NAO;NAO;;;;;
COLUNA;CORPORE;dbo;TITMMOV;TABELA;CHAPA;49;DCHAPANULL;16;0;0;SIM;NAO;NAO;;;;;
COLUNA;CORPORE;dbo;TITMMOV;TABELA;INICIO;50;datetime;8;23;3;SIM;NAO;NAO;;;;;
COLUNA;CORPORE;dbo;TITMMOV;TABELA;TERMINO;51;datetime;8;23;3;SIM;NAO;NAO;;;;;
COLUNA;CORPORE;dbo;TITMMOV;TABELA;PREVINICIO;52;datetime;8;23;3;SIM;NAO;NAO;;;;;
COLUNA;CORPORE;dbo;TITMMOV;TABELA;STATUS;53;char;1;0;0;SIM;NAO;NAO;;;;;
COLUNA;CORPORE;dbo;TITMMOV;TABELA;BLOCK;54;smallint;2;5;0;SIM;NAO;NAO;;;;;
COLUNA;CORPORE;dbo;TITMMOV;TABELA;FLAGREFATURAMENTO;55;smallint;2;5;0;SIM;NAO;NAO;;;;;
COLUNA;CORPORE;dbo;TITMMOV;TABELA;IDCNTDESTINO;56;int;4;10;0;SIM;NAO;NAO;;;;;
COLUNA;CORPORE;dbo;TITMMOV;TABELA;NSEQITMCNTDEST;57;smallint;2;5;0;SIM;NAO;NAO;;;;;
COLUNA;CORPORE;dbo;TITMMOV;TABELA;FATORCONVUND;58;RMDVALOR4;9;15;4;SIM;NAO;NAO;;;;;
COLUNA;CORPORE;dbo;TITMMOV;TABELA;IDPRJ;59;int;4;10;0;SIM;NAO;NAO;;;;;
COLUNA;CORPORE;dbo;TITMMOV;TABELA;IDTRF;60;int;4;10;0;SIM;NAO;NAO;;;;;
COLUNA;CORPORE;dbo;TITMMOV;TABELA;VALORTOTALITEM;61;decimal;13;21;10;SIM;NAO;NAO;;;;;
COLUNA;CORPORE;dbo;TITMMOV;TABELA;VALORCODIGOPRD;62;varchar;200;0;0;SIM;NAO;NAO;;;;;
COLUNA;CORPORE;dbo;TITMMOV;TABELA;TIPOCODIGOPRD;63;smallint;2;5;0;SIM;NAO;NAO;;;;;
COLUNA;CORPORE;dbo;TITMMOV;TABELA;QTDUNDPEDIDO;65;RMDVALOR4;9;15;4;SIM;NAO;NAO;;;;;
COLUNA;CORPORE;dbo;TITMMOV;TABELA;TRIBUTACAOECF;66;varchar;10;0;0;SIM;NAO;NAO;;;;;
COLUNA;CORPORE;dbo;TITMMOV;TABELA;CODFILIAL;67;smallint;2;5;0;SIM;NAO;NAO;;;;;
COLUNA;CORPORE;dbo;TITMMOV;TABELA;CODDEPARTAMENTO;68;varchar;25;0;0;SIM;NAO;NAO;;;;;
COLUNA;CORPORE;dbo;TITMMOV;TABELA;IDPRDCOMPOSTO;69;int;4;10;0;SIM;NAO;NAO;;;;;
COLUNA;CORPORE;dbo;TITMMOV;TABELA;QUANTIDADESEPARADA;70;RMDVALOR4;9;15;4;SIM;NAO;NAO;;;;;
COLUNA;CORPORE;dbo;TITMMOV;TABELA;PERCENTCOMISSAO;71;RMDVALOR4;9;15;4;SIM;NAO;NAO;;;;;
COLUNA;CORPORE;dbo;TITMMOV;TABELA;INDICENCM;72;char;1;0;0;SIM;NAO;NAO;;;;;
COLUNA;CORPORE;dbo;TITMMOV;TABELA;NCM;73;varchar;14;0;0;SIM;NAO;NAO;;;;;
COLUNA;CORPORE;dbo;TITMMOV;TABELA;CODRPR;74;varchar;15;0;0;SIM;NAO;NAO;;;;;
COLUNA;CORPORE;dbo;TITMMOV;TABELA;COMISSAOREPRES;75;RMDVALOR4;9;15;4;SIM;NAO;NAO;;;;;
COLUNA;CORPORE;dbo;TITMMOV;TABELA;NSEQITMCNTMEDICAO;76;smallint;2;5;0;SIM;NAO;NAO;;;;;
COLUNA;CORPORE;dbo;TITMMOV;TABELA;VALORESCRITURACAO;77;RMDVALOR4;9;15;4;SIM;NAO;NAO;;;;;
COLUNA;CORPORE;dbo;TITMMOV;TABELA;VALORFINPEDIDO;78;RMDVALOR4;9;15;4;SIM;NAO;NAO;;;;;
COLUNA;CORPORE;dbo;TITMMOV;TABELA;VALORFRETECTRC;79;RMDVALOR4;9;15;4;SIM;NAO;NAO;;;;;
COLUNA;CORPORE;dbo;TITMMOV;TABELA;VALOROPFRM1;80;RMDVALOR4;9;15;4;SIM;NAO;NAO;;;;;
COLUNA;CORPORE;dbo;TITMMOV;TABELA;VALOROPFRM2;81;RMDVALOR4;9;15;4;SIM;NAO;NAO;;;;;
COLUNA;CORPORE;dbo;TITMMOV;TABELA;IDOBJOFICINA;82;varchar;20;0;0;SIM;NAO;NAO;;;;;
COLUNA;CORPORE;dbo;TITMMOV;TABELA;PRECOEDITADO;83;DLOGICONULL;2;5;0;SIM;NAO;NAO;;;;;
COLUNA;CORPORE;dbo;TITMMOV;TABELA;QTDEVOLUMEUNITARIO;84;smallint;2;5;0;SIM;NAO;NAO;;;;;
COLUNA;CORPORE;dbo;TITMMOV;TABELA;IDGRD;85;int;4;10;0;SIM;NAO;NAO;;;;;
COLUNA;CORPORE;dbo;TITMMOV;TABELA;CODVEN1;86;varchar;16;0;0;SIM;NAO;NAO;;;;;
COLUNA;CORPORE;dbo;TITMMOV;TABELA;CODLOCALBN;87;varchar;40;0;0;SIM;NAO;NAO;;;;;
COLUNA;CORPORE;dbo;TITMMOV;TABELA;REGISTROEXPORTACAO;88;varchar;12;0;0;SIM;NAO;NAO;;;;;
COLUNA;CORPORE;dbo;TITMMOV;TABELA;DATARE;89;datetime;8;23;3;SIM;NAO;NAO;;;;;
COLUNA;CORPORE;dbo;TITMMOV;TABELA;PRECOTOTALEDITADO;90;DLOGICONULL;2;5;0;SIM;NAO;NAO;;;;;
COLUNA;CORPORE;dbo;TITMMOV;TABELA;CST;91;varchar;3;0;0;SIM;NAO;NAO;;;;;
COLUNA;CORPORE;dbo;TITMMOV;TABELA;VALORDESCCONDICONALITM;92;RMDVALOR4;9;15;4;SIM;NAO;NAO;;;;;
COLUNA;CORPORE;dbo;TITMMOV;TABELA;VALORDESPCONDICIONALITM;93;RMDVALOR4;9;15;4;SIM;NAO;NAO;;;;;
COLUNA;CORPORE;dbo;TITMMOV;TABELA;DATAORCAMENTO;94;datetime;8;23;3;SIM;NAO;NAO;;;;;
COLUNA;CORPORE;dbo;TITMMOV;TABELA;CODTBORCAMENTO;95;varchar;40;0;0;SIM;NAO;NAO;;;;;
COLUNA;CORPORE;dbo;TITMMOV;TABELA;RATEIOFRETE;96;RMDVALOR4;9;15;4;SIM;NAO;NAO;;;;;
COLUNA;CORPORE;dbo;TITMMOV;TABELA;RATEIOSEGURO;97;RMDVALOR4;9;15;4;SIM;NAO;NAO;;;;;
COLUNA;CORPORE;dbo;TITMMOV;TABELA;RATEIODESC;98;RMDVALOR4;9;15;4;SIM;NAO;NAO;;;;;
COLUNA;CORPORE;dbo;TITMMOV;TABELA;RATEIODESP;99;RMDVALOR4;9;15;4;SIM;NAO;NAO;;;;;
COLUNA;CORPORE;dbo;TITMMOV;TABELA;RATEIOEXTRA1;100;RMDVALOR4;9;15;4;SIM;NAO;NAO;;;;;
COLUNA;CORPORE;dbo;TITMMOV;TABELA;RATEIOEXTRA2;101;RMDVALOR4;9;15;4;SIM;NAO;NAO;;;;;
COLUNA;CORPORE;dbo;TITMMOV;TABELA;RATEIOFRETECTRC;102;RMDVALOR4;9;15;4;SIM;NAO;NAO;;;;;
COLUNA;CORPORE;dbo;TITMMOV;TABELA;RATEIODEDMAT;103;RMDVALOR4;9;15;4;SIM;NAO;NAO;;;;;
COLUNA;CORPORE;dbo;TITMMOV;TABELA;RATEIODEDSUB;104;RMDVALOR4;9;15;4;SIM;NAO;NAO;;;;;
COLUNA;CORPORE;dbo;TITMMOV;TABELA;RATEIODEDOUT;105;RMDVALOR4;9;15;4;SIM;NAO;NAO;;;;;
COLUNA;CORPORE;dbo;TITMMOV;TABELA;IDCLASSIFENERGIACOMUNIC;106;int;4;10;0;SIM;NAO;NAO;;;;;
COLUNA;CORPORE;dbo;TITMMOV;TABELA;VALORUNTORCAMENTO;107;RMDVALOR4;9;15;4;SIM;NAO;NAO;;;;;
COLUNA;CORPORE;dbo;TITMMOV;TABELA;VALSERVICONFE;108;RMDVALOR4;9;15;4;SIM;NAO;NAO;;;;;
COLUNA;CORPORE;dbo;TITMMOV;TABELA;CODLOC;110;varchar;15;0;0;SIM;NAO;NAO;;;;;
COLUNA;CORPORE;dbo;TITMMOV;TABELA;VALORBEM;111;RMDVALOR4;9;15;4;SIM;NAO;NAO;;;;;
COLUNA;CORPORE;dbo;TITMMOV;TABELA;VALORLIQUIDO;112;RMDVALOR4;9;15;4;SIM;NAO;NAO;;;;;
COLUNA;CORPORE;dbo;TITMMOV;TABELA;CODIGOCODIF;113;varchar;21;0;0;SIM;NAO;NAO;;;;;
COLUNA;CORPORE;dbo;TITMMOV;TABELA;CODMUNSERVICO;114;varchar;20;0;0;SIM;NAO;NAO;;;;;
COLUNA;CORPORE;dbo;TITMMOV;TABELA;CODETDMUNSERV;115;varchar;2;0;0;SIM;NAO;NAO;;;;;
COLUNA;CORPORE;dbo;TITMMOV;TABELA;RATEIOCCUSTODEPTO;116;RMDVALOR4;9;15;4;SIM;NAO;NAO;;;;;
COLUNA;CORPORE;dbo;TITMMOV;TABELA;CUSTOREPOSICAO;117;RMDVALOR4;9;15;4;SIM;NAO;NAO;;;;;
COLUNA;CORPORE;dbo;TITMMOV;TABELA;CUSTOREPOSICAOB;118;RMDVALOR4;9;15;4;SIM;NAO;NAO;;;;;
COLUNA;CORPORE;dbo;TITMMOV;TABELA;VALORFINTERCEIROS;119;RMDVALOR4;9;15;4;SIM;NAO;NAO;;;;;
COLUNA;CORPORE;dbo;TITMMOV;TABELA;VALORFINANCGERENCIAL;120;RMDVALOR4;9;15;4;SIM;NAO;NAO;;;;;
COLUNA;CORPORE;dbo;TITMMOV;TABELA;CODIGOSERVICO;121;varchar;40;0;0;SIM;NAO;NAO;;;;;
COLUNA;CORPORE;dbo;TITMMOV;TABELA;VALORUNITGERENCIAL;122;RMDVALOR4;9;15;4;SIM;NAO;NAO;;;;;
COLUNA;CORPORE;dbo;TITMMOV;TABELA;IDINTEGRACAO;123;varchar;100;0;0;SIM;NAO;NAO;;;;;
COLUNA;CORPORE;dbo;TITMMOV;TABELA;IDTABPRECO;124;int;4;10;0;SIM;NAO;NAO;;;;;
COLUNA;CORPORE;dbo;TITMMOV;TABELA;VALORBRUTOITEM;125;decimal;13;21;10;SIM;NAO;NAO;;;;;
COLUNA;CORPORE;dbo;TITMMOV;TABELA;VALORBRUTOITEMORIG;126;decimal;13;21;10;SIM;NAO;NAO;;;;;
COLUNA;CORPORE;dbo;TITMMOV;TABELA;CODCOLTBORCAMENTO;127;DCODCOLIGADANULL;2;5;0;SIM;NAO;NAO;;;;;
COLUNA;CORPORE;dbo;TITMMOV;TABELA;CODPUBLIC;128;int;4;10;0;SIM;NAO;NAO;;;;;
COLUNA;CORPORE;dbo;TITMMOV;TABELA;QUANTIDADETOTAL;129;RMDVALOR4;9;15;4;SIM;NAO;NAO;;;;;
COLUNA;CORPORE;dbo;TITMMOV;TABELA;PRODUTOSUBSTITUTO;130;DLOGICO;2;5;0;NAO;NAO;NAO;;;;;
COLUNA;CORPORE;dbo;TITMMOV;TABELA;CODTBGRUPOORC;131;varchar;40;0;0;SIM;NAO;NAO;;;;;
COLUNA;CORPORE;dbo;TITMMOV;TABELA;PRECOUNITARIOSELEC;132;int;4;10;0;SIM;NAO;NAO;;;;;
COLUNA;CORPORE;dbo;TITMMOV;TABELA;VALORRATEIOLAN;133;RMDVALOR4;9;15;4;SIM;NAO;NAO;;;;;
COLUNA;CORPORE;dbo;TITMMOV;TABELA;RECCREATEDBY;134;varchar;50;0;0;SIM;NAO;NAO;;;;;
COLUNA;CORPORE;dbo;TITMMOV;TABELA;RECCREATEDON;135;datetime;8;23;3;SIM;NAO;NAO;;;;;
COLUNA;CORPORE;dbo;TITMMOV;TABELA;RECMODIFIEDBY;136;varchar;50;0;0;SIM;NAO;NAO;;;;;
COLUNA;CORPORE;dbo;TITMMOV;TABELA;RECMODIFIEDON;137;datetime;8;23;3;SIM;NAO;NAO;;;;;
COLUNA;CORPORE;dbo;TITMMOV;TABELA;IDCNTOP;138;int;4;10;0;SIM;NAO;NAO;;;;;
COLUNA;CORPORE;dbo;TITMMOV;TABELA;QUANTIDADECONCLUIDA;139;RMDVALOR4;9;15;4;SIM;NAO;NAO;;;;;
COLUNA;CORPORE;dbo;TITMMOV;TABELA;DATAFATCONTRATO;140;DDATETIME;8;23;3;SIM;NAO;NAO;;;;;
COLUNA;CORPORE;dbo;TITMMOV;TABELA;VALORRECEBIDOFATPARC;141;RMDVALOR4;9;15;4;SIM;NAO;NAO;;;;;
COLUNA;CORPORE;dbo;TITMMOV;TABELA;VALORCONCLUIDO;142;RMDVALOR4;9;15;4;SIM;NAO;NAO;;;;;
COLUNA;CORPORE;dbo;TITMMOV;TABELA;CONSIGNADO;143;smallint;2;5;0;SIM;NAO;NAO;;;;;
COLUNA;CORPORE;dbo;TITMMOV;TABELA;INTEGRAAPLICACAO;144;varchar;1;0;0;NAO;NAO;NAO;;;;;
COLUNA;CORPORE;dbo;TITMMOV;TABELA;IDPRDORIGEM;145;int;4;10;0;SIM;NAO;NAO;;;;;
COLUNA;CORPORE;dbo;TITMMOV;TABELA;VALORRETENCAO;146;RMDVALOR4;9;15;4;SIM;NAO;NAO;;;;;
COLUNA;CORPORE;dbo;TITMMOV;TABELA;PERCENTUALRETENCAO;147;decimal;13;21;10;SIM;NAO;NAO;;;;;
COLUNA;CORPORE;dbo;TITMMOV;TABELA;CODCOLMARCA;148;DCODCOLIGADA;2;5;0;SIM;NAO;NAO;;;;;
COLUNA;CORPORE;dbo;TITMMOV;TABELA;IDMARCA;149;DINTEGER;4;10;0;SIM;NAO;NAO;;;;;
COLUNA;CORPORE;dbo;TITMMOV;TABELA;VALORDEDUCAO;151;RMDVALOR4;9;15;4;SIM;NAO;NAO;;;;;
COLUNA;CORPORE;dbo;TITMMOV;TABELA;PERCENTUALDEDUCAO;152;RMDVALOR4;9;15;4;SIM;NAO;NAO;;;;;
COLUNA;CORPORE;dbo;TITMMOV;TABELA;QUANTIDADETRIBUTAVEL;153;RMDVALOR4;9;15;4;SIM;NAO;NAO;;;;;
COLUNA;CORPORE;dbo;TITMMOV;TABELA;CODBEMSIGAMNT;154;varchar;30;0;0;SIM;NAO;NAO;;;;;
COLUNA;CORPORE;dbo;TITMMOV;TABELA;TAXAJUROS;155;RMDVALOR4;9;15;4;SIM;NAO;NAO;;;;;
COLUNA;CORPORE;dbo;TITMMOV;TABELA;IDMOVSOLICITACAOMNT;156;int;4;10;0;SIM;NAO;NAO;;;;;
COLUNA;CORPORE;dbo;TITMMOV;TABELA;VALORBASEDEPRECIACAOBEM;157;RMDVALOR4;9;15;4;SIM;NAO;NAO;;;;;
COLUNA;CORPORE;dbo;TITMMOV;TABELA;DESCRICAOPRDCFO;158;varchar;120;0;0;SIM;NAO;NAO;;;;;
COLUNA;CORPORE;dbo;TITMMOV;TABELA;IDITMCNT2PARCELA;159;int;4;10;0;SIM;NAO;NAO;;;;;
COLUNA;CORPORE;dbo;TITMMOV;TABELA;NSEQPARCELA;160;smallint;2;5;0;SIM;NAO;NAO;;;;;
COLUNA;CORPORE;dbo;TITMMOV;TABELA;IDREGRATRIBUTARIA;161;int;4;10;0;SIM;NAO;NAO;;;;;
COLUNA;CORPORE;dbo;TITMMOV;TABELA;DATARETORNOREMESSA;162;datetime;8;23;3;SIM;NAO;NAO;;;;;
COLUNA;CORPORE;dbo;TITMORCAMENTO;TABELA;CODCOLIGADA;1;DCODCOLIGADA;2;5;0;NAO;SIM;NAO;;;;;
COLUNA;CORPORE;dbo;TITMORCAMENTO;TABELA;IDORCAMENTO;2;int;4;10;0;NAO;SIM;NAO;;;;;
COLUNA;CORPORE;dbo;TITMORCAMENTO;TABELA;IDPERIODO;3;int;4;10;0;NAO;NAO;NAO;;;;;
COLUNA;CORPORE;dbo;TITMORCAMENTO;TABELA;IDITMPERIODO;4;int;4;10;0;NAO;SIM;NAO;;;;;
COLUNA;CORPORE;dbo;TITMORCAMENTO;TABELA;VALORORCADO;5;RMDVALOR4;9;15;4;SIM;NAO;NAO;;;;;
COLUNA;CORPORE;dbo;TITMORCAMENTO;TABELA;VALORREAL;6;RMDVALOR4;9;15;4;SIM;NAO;NAO;;;;;
COLUNA;CORPORE;dbo;TITMORCAMENTO;TABELA;VALOROPCIONAL1;7;RMDVALOR4;9;15;4;SIM;NAO;NAO;;;;;
COLUNA;CORPORE;dbo;TITMORCAMENTO;TABELA;VALOROPCIONAL2;8;RMDVALOR4;9;15;4;SIM;NAO;NAO;;;;;
COLUNA;CORPORE;dbo;TITMORCAMENTO;TABELA;VALORRECEBIDO;9;RMDVALOR4;9;15;4;SIM;NAO;NAO;;;;;
COLUNA;CORPORE;dbo;TITMORCAMENTO;TABELA;VALORCEDIDO;10;RMDVALOR4;9;15;4;SIM;NAO;NAO;;;;;
COLUNA;CORPORE;dbo;TITMORCAMENTO;TABELA;VALOREXCEDENTE;11;RMDVALOR4;9;15;4;SIM;NAO;NAO;;;;;
COLUNA;CORPORE;dbo;TITMORCAMENTO;TABELA;RECCREATEDBY;12;varchar;50;0;0;SIM;NAO;NAO;;;;;
COLUNA;CORPORE;dbo;TITMORCAMENTO;TABELA;RECCREATEDON;13;datetime;8;23;3;SIM;NAO;NAO;;;;;
COLUNA;CORPORE;dbo;TITMORCAMENTO;TABELA;RECMODIFIEDBY;14;varchar;50;0;0;SIM;NAO;NAO;;;;;
COLUNA;CORPORE;dbo;TITMORCAMENTO;TABELA;RECMODIFIEDON;15;datetime;8;23;3;SIM;NAO;NAO;;;;;
COLUNA;CORPORE;dbo;TMOV;TABELA;CODCOLIGADA;1;DCODCOLIGADA;2;5;0;NAO;SIM;NAO;;;;;
COLUNA;CORPORE;dbo;TMOV;TABELA;IDMOV;2;int;4;10;0;NAO;SIM;NAO;;;;;
COLUNA;CORPORE;dbo;TMOV;TABELA;CODFILIAL;3;smallint;2;5;0;SIM;NAO;NAO;;;;;
COLUNA;CORPORE;dbo;TMOV;TABELA;CODLOC;4;varchar;15;0;0;SIM;NAO;NAO;;;;;
COLUNA;CORPORE;dbo;TMOV;TABELA;CODLOCENTREGA;5;varchar;15;0;0;SIM;NAO;NAO;;;;;
COLUNA;CORPORE;dbo;TMOV;TABELA;CODLOCDESTINO;6;varchar;15;0;0;SIM;NAO;NAO;;;;;
COLUNA;CORPORE;dbo;TMOV;TABELA;CODCFO;7;varchar;25;0;0;SIM;NAO;NAO;;;;;
COLUNA;CORPORE;dbo;TMOV;TABELA;CODCFONATUREZA;8;varchar;25;0;0;SIM;NAO;NAO;;;;;
COLUNA;CORPORE;dbo;TMOV;TABELA;NUMEROMOV;9;varchar;35;0;0;SIM;NAO;NAO;;;;;
COLUNA;CORPORE;dbo;TMOV;TABELA;SERIE;10;varchar;8;0;0;SIM;NAO;NAO;;;;;
COLUNA;CORPORE;dbo;TMOV;TABELA;CODTMV;11;varchar;10;0;0;SIM;NAO;NAO;;;;;
COLUNA;CORPORE;dbo;TMOV;TABELA;TIPO;12;varchar;1;0;0;SIM;NAO;NAO;;;;;
COLUNA;CORPORE;dbo;TMOV;TABELA;STATUS;13;varchar;1;0;0;SIM;NAO;NAO;;;;;
COLUNA;CORPORE;dbo;TMOV;TABELA;MOVIMPRESSO;14;smallint;2;5;0;SIM;NAO;NAO;;;;;
COLUNA;CORPORE;dbo;TMOV;TABELA;DOCIMPRESSO;15;smallint;2;5;0;SIM;NAO;NAO;;;;;
COLUNA;CORPORE;dbo;TMOV;TABELA;FATIMPRESSA;16;smallint;2;5;0;SIM;NAO;NAO;;;;;
COLUNA;CORPORE;dbo;TMOV;TABELA;DATAEMISSAO;17;datetime;8;23;3;SIM;NAO;NAO;;;;;
COLUNA;CORPORE;dbo;TMOV;TABELA;DATASAIDA;18;datetime;8;23;3;SIM;NAO;NAO;;;;;
COLUNA;CORPORE;dbo;TMOV;TABELA;DATAEXTRA1;19;datetime;8;23;3;SIM;NAO;NAO;;;;;
COLUNA;CORPORE;dbo;TMOV;TABELA;DATAEXTRA2;20;datetime;8;23;3;SIM;NAO;NAO;;;;;
COLUNA;CORPORE;dbo;TMOV;TABELA;CODRPR;21;varchar;15;0;0;SIM;NAO;NAO;;;;;
COLUNA;CORPORE;dbo;TMOV;TABELA;COMISSAOREPRES;22;RMDVALOR4;9;15;4;SIM;NAO;NAO;;;;;
COLUNA;CORPORE;dbo;TMOV;TABELA;NORDEM;23;varchar;20;0;0;SIM;NAO;NAO;;;;;
COLUNA;CORPORE;dbo;TMOV;TABELA;CODCPG;24;varchar;5;0;0;SIM;NAO;NAO;;;;;
COLUNA;CORPORE;dbo;TMOV;TABELA;NUMEROTRIBUTOS;25;smallint;2;5;0;SIM;NAO;NAO;;;;;
COLUNA;CORPORE;dbo;TMOV;TABELA;VALORBRUTO;26;RMDVALOR4;9;15;4;SIM;NAO;NAO;;;;;
COLUNA;CORPORE;dbo;TMOV;TABELA;VALORLIQUIDO;27;RMDVALOR4;9;15;4;SIM;NAO;NAO;;;;;
COLUNA;CORPORE;dbo;TMOV;TABELA;VALOROUTROS;28;RMDVALOR4;9;15;4;SIM;NAO;NAO;;;;;
COLUNA;CORPORE;dbo;TMOV;TABELA;OBSERVACAO;29;varchar;60;0;0;SIM;NAO;NAO;;;;;
COLUNA;CORPORE;dbo;TMOV;TABELA;PERCENTUALFRETE;30;RMDVALOR4;9;15;4;SIM;NAO;NAO;;;;;
COLUNA;CORPORE;dbo;TMOV;TABELA;VALORFRETE;31;RMDVALOR4;9;15;4;SIM;NAO;NAO;;;;;
COLUNA;CORPORE;dbo;TMOV;TABELA;PERCENTUALSEGURO;32;RMDVALOR4;9;15;4;SIM;NAO;NAO;;;;;
COLUNA;CORPORE;dbo;TMOV;TABELA;VALORSEGURO;33;RMDVALOR4;9;15;4;SIM;NAO;NAO;;;;;
COLUNA;CORPORE;dbo;TMOV;TABELA;PERCENTUALDESC;34;RMDVALOR4;9;15;4;SIM;NAO;NAO;;;;;
COLUNA;CORPORE;dbo;TMOV;TABELA;VALORDESC;35;RMDVALOR4;9;15;4;SIM;NAO;NAO;;;;;
COLUNA;CORPORE;dbo;TMOV;TABELA;PERCENTUALDESP;36;RMDVALOR4;9;15;4;SIM;NAO;NAO;;;;;
COLUNA;CORPORE;dbo;TMOV;TABELA;VALORDESP;37;RMDVALOR4;9;15;4;SIM;NAO;NAO;;;;;
COLUNA;CORPORE;dbo;TMOV;TABELA;PERCENTUALEXTRA1;38;RMDVALOR4;9;15;4;SIM;NAO;NAO;;;;;
COLUNA;CORPORE;dbo;TMOV;TABELA;VALOREXTRA1;39;RMDVALOR4;9;15;4;SIM;NAO;NAO;;;;;
COLUNA;CORPORE;dbo;TMOV;TABELA;PERCENTUALEXTRA2;40;RMDVALOR4;9;15;4;SIM;NAO;NAO;;;;;
COLUNA;CORPORE;dbo;TMOV;TABELA;VALOREXTRA2;41;RMDVALOR4;9;15;4;SIM;NAO;NAO;;;;;
COLUNA;CORPORE;dbo;TMOV;TABELA;PERCCOMISSAO;42;RMDVALOR4;9;15;4;SIM;NAO;NAO;;;;;
COLUNA;CORPORE;dbo;TMOV;TABELA;CODMEN;43;varchar;5;0;0;SIM;NAO;NAO;;;;;
COLUNA;CORPORE;dbo;TMOV;TABELA;CODMEN2;44;varchar;5;0;0;SIM;NAO;NAO;;;;;
COLUNA;CORPORE;dbo;TMOV;TABELA;VIADETRANSPORTE;45;varchar;15;0;0;SIM;NAO;NAO;;;;;
COLUNA;CORPORE;dbo;TMOV;TABELA;PLACA;46;varchar;10;0;0;SIM;NAO;NAO;;;;;
COLUNA;CORPORE;dbo;TMOV;TABELA;CODETDPLACA;47;varchar;2;0;0;SIM;NAO;NAO;;;;;
COLUNA;CORPORE;dbo;TMOV;TABELA;PESOLIQUIDO;48;RMDVALOR4;9;15;4;SIM;NAO;NAO;;;;;
COLUNA;CORPORE;dbo;TMOV;TABELA;PESOBRUTO;49;RMDVALOR4;9;15;4;SIM;NAO;NAO;;;;;
COLUNA;CORPORE;dbo;TMOV;TABELA;MARCA;50;varchar;60;0;0;SIM;NAO;NAO;;;;;
COLUNA;CORPORE;dbo;TMOV;TABELA;NUMERO;51;varchar;60;0;0;SIM;NAO;NAO;;;;;
COLUNA;CORPORE;dbo;TMOV;TABELA;QUANTIDADE;52;RMDVALOR4;9;15;4;SIM;NAO;NAO;;;;;
COLUNA;CORPORE;dbo;TMOV;TABELA;ESPECIE;53;varchar;20;0;0;SIM;NAO;NAO;;;;;
COLUNA;CORPORE;dbo;TMOV;TABELA;CODTB1FAT;54;varchar;10;0;0;SIM;NAO;NAO;;;;;
COLUNA;CORPORE;dbo;TMOV;TABELA;CODTB2FAT;55;varchar;10;0;0;SIM;NAO;NAO;;;;;
COLUNA;CORPORE;dbo;TMOV;TABELA;CODTB3FAT;56;varchar;10;0;0;SIM;NAO;NAO;;;;;
COLUNA;CORPORE;dbo;TMOV;TABELA;CODTB4FAT;57;varchar;10;0;0;SIM;NAO;NAO;;;;;
COLUNA;CORPORE;dbo;TMOV;TABELA;CODTB5FAT;58;varchar;10;0;0;SIM;NAO;NAO;;;;;
COLUNA;CORPORE;dbo;TMOV;TABELA;CODTB1FLX;59;varchar;25;0;0;SIM;NAO;NAO;;;;;
COLUNA;CORPORE;dbo;TMOV;TABELA;CODTB2FLX;60;varchar;25;0;0;SIM;NAO;NAO;;;;;
COLUNA;CORPORE;dbo;TMOV;TABELA;CODTB3FLX;61;varchar;25;0;0;SIM;NAO;NAO;;;;;
COLUNA;CORPORE;dbo;TMOV;TABELA;CODTB4FLX;62;varchar;25;0;0;SIM;NAO;NAO;;;;;
COLUNA;CORPORE;dbo;TMOV;TABELA;CODTB5FLX;63;varchar;25;0;0;SIM;NAO;NAO;;;;;
COLUNA;CORPORE;dbo;TMOV;TABELA;IDMOVRELAC;64;int;4;10;0;SIM;NAO;NAO;;;;;
COLUNA;CORPORE;dbo;TMOV;TABELA;IDMOVLCTFLUXUS;65;int;4;10;0;SIM;NAO;NAO;;;;;
COLUNA;CORPORE;dbo;TMOV;TABELA;IDMOVPEDDESDOBRADO;66;int;4;10;0;SIM;NAO;NAO;;;;;
COLUNA;CORPORE;dbo;TMOV;TABELA;CODMOEVALORLIQUIDO;67;varchar;10;0;0;SIM;NAO;NAO;;;;;
COLUNA;CORPORE;dbo;TMOV;TABELA;DATABASEMOV;68;datetime;8;23;3;SIM;NAO;NAO;;;;;
COLUNA;CORPORE;dbo;TMOV;TABELA;DATAMOVIMENTO;69;datetime;8;23;3;SIM;NAO;NAO;;;;;
COLUNA;CORPORE;dbo;TMOV;TABELA;NUMEROLCTGERADO;70;smallint;2;5;0;SIM;NAO;NAO;;;;;
COLUNA;CORPORE;dbo;TMOV;TABELA;GEROUFATURA;71;smallint;2;5;0;SIM;NAO;NAO;;;;;
COLUNA;CORPORE;dbo;TMOV;TABELA;NUMEROLCTABERTO;72;smallint;2;5;0;SIM;NAO;NAO;;;;;
COLUNA;CORPORE;dbo;TMOV;TABELA;FLAGEXPORTACAO;73;smallint;2;5;0;SIM;NAO;NAO;;;;;
COLUNA;CORPORE;dbo;TMOV;TABELA;EMITEBOLETA;74;varchar;1;0;0;SIM;NAO;NAO;;;;;
COLUNA;CORPORE;dbo;TMOV;TABELA;CODMENDESCONTO;75;varchar;5;0;0;SIM;NAO;NAO;;;;;
COLUNA;CORPORE;dbo;TMOV;TABELA;CODMENDESPESA;76;varchar;5;0;0;SIM;NAO;NAO;;;;;
COLUNA;CORPORE;dbo;TMOV;TABELA;CODMENFRETE;77;varchar;5;0;0;SIM;NAO;NAO;;;;;
COLUNA;CORPORE;dbo;TMOV;TABELA;FRETECIFOUFOB;78;smallint;2;5;0;SIM;NAO;NAO;;;;;
COLUNA;CORPORE;dbo;TMOV;TABELA;USADESPFINANC;79;smallint;2;5;0;SIM;NAO;NAO;;;;;
COLUNA;CORPORE;dbo;TMOV;TABELA;FLAGEXPORFISC;80;smallint;2;5;0;SIM;NAO;NAO;;;;;
COLUNA;CORPORE;dbo;TMOV;TABELA;FLAGEXPORFAZENDA;81;smallint;2;5;0;SIM;NAO;NAO;;;;;
COLUNA;CORPORE;dbo;TMOV;TABELA;VALORADIANTAMENTO;82;RMDVALOR4;9;15;4;SIM;NAO;NAO;;;;;
COLUNA;CORPORE;dbo;TMOV;TABELA;CODTRA;83;varchar;5;0;0;SIM;NAO;NAO;;;;;
COLUNA;CORPORE;dbo;TMOV;TABELA;CODTRA2;84;varchar;5;0;0;SIM;NAO;NAO;;;;;
COLUNA;CORPORE;dbo;TMOV;TABELA;STATUSLIBERACAO;85;smallint;2;5;0;SIM;NAO;NAO;;;;;
COLUNA;CORPORE;dbo;TMOV;TABELA;CODCFOAUX;86;varchar;25;0;0;SIM;NAO;NAO;;;;;
COLUNA;CORPORE;dbo;TMOV;TABELA;IDLOT;87;int;4;10;0;SIM;NAO;NAO;;;;;
COLUNA;CORPORE;dbo;TMOV;TABELA;ITENSAGRUPADOS;88;smallint;2;5;0;SIM;NAO;NAO;;;;;
COLUNA;CORPORE;dbo;TMOV;TABELA;FLAGIMPRESSAOFAT;89;varchar;1;0;0;SIM;NAO;NAO;;;;;
COLUNA;CORPORE;dbo;TMOV;TABELA;DATACANCELAMENTOMOV;90;datetime;8;23;3;SIM;NAO;NAO;;;;;
COLUNA;CORPORE;dbo;TMOV;TABELA;VALORRECEBIDO;91;RMDVALOR4;9;15;4;SIM;NAO;NAO;;;;;
COLUNA;CORPORE;dbo;TMOV;TABELA;SEGUNDONUMERO;92;varchar;20;0;0;SIM;NAO;NAO;;;;;
COLUNA;CORPORE;dbo;TMOV;TABELA;CODCCUSTO;93;varchar;25;0;0;SIM;NAO;NAO;;;;;
COLUNA;CORPORE;dbo;TMOV;TABELA;CODCXA;94;varchar;10;0;0;SIM;NAO;NAO;;;;;
COLUNA;CORPORE;dbo;TMOV;TABELA;CODVEN1;95;varchar;16;0;0;SIM;NAO;NAO;;;;;
COLUNA;CORPORE;dbo;TMOV;TABELA;CODVEN2;96;varchar;16;0;0;SIM;NAO;NAO;;;;;
COLUNA;CORPORE;dbo;TMOV;TABELA;CODVEN3;97;varchar;16;0;0;SIM;NAO;NAO;;;;;
COLUNA;CORPORE;dbo;TMOV;TABELA;CODVEN4;98;varchar;16;0;0;SIM;NAO;NAO;;;;;
COLUNA;CORPORE;dbo;TMOV;TABELA;PERCCOMISSAOVEN2;99;RMDVALOR4;9;15;4;SIM;NAO;NAO;;;;;
COLUNA;CORPORE;dbo;TMOV;TABELA;CODCOLCFO;100;smallint;2;5;0;SIM;NAO;NAO;;;;;
COLUNA;CORPORE;dbo;TMOV;TABELA;CODCOLCFONATUREZA;101;smallint;2;5;0;SIM;NAO;NAO;;;;;
COLUNA;CORPORE;dbo;TMOV;TABELA;CODUSUARIO;102;varchar;20;0;0;SIM;NAO;NAO;;;;;
COLUNA;CORPORE;dbo;TMOV;TABELA;CODFILIALENTREGA;103;smallint;2;5;0;SIM;NAO;NAO;;;;;
COLUNA;CORPORE;dbo;TMOV;TABELA;CODFILIALDESTINO;104;smallint;2;5;0;SIM;NAO;NAO;;;;;
COLUNA;CORPORE;dbo;TMOV;TABELA;FLAGAGRUPADOFLUXUS;105;smallint;2;5;0;SIM;NAO;NAO;;;;;
COLUNA;CORPORE;dbo;TMOV;TABELA;CODCOLCXA;106;DCODCOLIGADANULL;2;5;0;SIM;NAO;NAO;;;;;
COLUNA;CORPORE;dbo;TMOV;TABELA;GERADOPORLOTE;107;smallint;2;5;0;SIM;NAO;NAO;;;;;
COLUNA;CORPORE;dbo;TMOV;TABELA;CODDEPARTAMENTO;108;varchar;25;0;0;SIM;NAO;NAO;;;;;
COLUNA;CORPORE;dbo;TMOV;TABELA;CODCCUSTODESTINO;109;varchar;25;0;0;SIM;NAO;NAO;;;;;
COLUNA;CORPORE;dbo;TMOV;TABELA;CODEVENTO;110;smallint;2;5;0;SIM;NAO;NAO;;;;;
COLUNA;CORPORE;dbo;TMOV;TABELA;STATUSEXPORTCONT;111;smallint;2;5;0;SIM;NAO;NAO;;;;;
COLUNA;CORPORE;dbo;TMOV;TABELA;CODLOTE;112;int;4;10;0;SIM;NAO;NAO;;;;;
COLUNA;CORPORE;dbo;TMOV;TABELA;STATUSCHEQUE;113;smallint;2;5;0;SIM;NAO;NAO;;;;;
COLUNA;CORPORE;dbo;TMOV;TABELA;DATAENTREGA;114;datetime;8;23;3;SIM;NAO;NAO;;;;;
COLUNA;CORPORE;dbo;TMOV;TABELA;DATAPROGRAMACAO;115;datetime;8;23;3;SIM;NAO;NAO;;;;;
COLUNA;CORPORE;dbo;TMOV;TABELA;IDNAT;116;int;4;10;0;SIM;NAO;NAO;;;;;
COLUNA;CORPORE;dbo;TMOV;TABELA;IDNAT2;117;int;4;10;0;SIM;NAO;NAO;;;;;
COLUNA;CORPORE;dbo;TMOV;TABELA;CAMPOLIVRE1;118;varchar;100;0;0;SIM;NAO;NAO;;;;;
COLUNA;CORPORE;dbo;TMOV;TABELA;CAMPOLIVRE2;119;varchar;100;0;0;SIM;NAO;NAO;;;;;
COLUNA;CORPORE;dbo;TMOV;TABELA;CAMPOLIVRE3;120;varchar;100;0;0;SIM;NAO;NAO;;;;;
COLUNA;CORPORE;dbo;TMOV;TABELA;GEROUCONTATRABALHO;121;DLOGICONULL;2;5;0;SIM;NAO;NAO;;;;;
COLUNA;CORPORE;dbo;TMOV;TABELA;GERADOPORCONTATRABALHO;122;DLOGICONULL;2;5;0;SIM;NAO;NAO;;;;;
COLUNA;CORPORE;dbo;TMOV;TABELA;HORULTIMAALTERACAO;123;datetime;8;23;3;SIM;NAO;NAO;;;;;
COLUNA;CORPORE;dbo;TMOV;TABELA;CODLAF;124;varchar;15;0;0;SIM;NAO;NAO;;;;;
COLUNA;CORPORE;dbo;TMOV;TABELA;DATAFECHAMENTO;125;datetime;8;23;3;SIM;NAO;NAO;;;;;
COLUNA;CORPORE;dbo;TMOV;TABELA;NSEQDATAFECHAMENTO;126;smallint;2;5;0;SIM;NAO;NAO;;;;;
COLUNA;CORPORE;dbo;TMOV;TABELA;NUMERORECIBO;127;varchar;12;0;0;SIM;NAO;NAO;;;;;
COLUNA;CORPORE;dbo;TMOV;TABELA;IDLOTEPROCESSO;128;int;4;10;0;SIM;NAO;NAO;;;;;
COLUNA;CORPORE;dbo;TMOV;TABELA;IDOBJOF;129;varchar;20;0;0;SIM;NAO;NAO;;;;;
COLUNA;CORPORE;dbo;TMOV;TABELA;CODAGENDAMENTO;130;int;4;10;0;SIM;NAO;NAO;;;;;
COLUNA;CORPORE;dbo;TMOV;TABELA;CHAPARESP;131;DCHAPANULL;16;0;0;SIM;NAO;NAO;;;;;
COLUNA;CORPORE;dbo;TMOV;TABELA;IDLOTEPROCESSOREFAT;132;int;4;10;0;SIM;NAO;NAO;;;;;
COLUNA;CORPORE;dbo;TMOV;TABELA;INDUSOOBJ;133;RMDVALOR2;9;15;2;SIM;NAO;NAO;;;;;
COLUNA;CORPORE;dbo;TMOV;TABELA;SUBSERIE;134;varchar;8;0;0;SIM;NAO;NAO;;;;;
COLUNA;CORPORE;dbo;TMOV;TABELA;STSCOMPRAS;135;DTSTATUS;1;0;0;SIM;NAO;NAO;;;;;
COLUNA;CORPORE;dbo;TMOV;TABELA;CODLOCEXP;136;DTCODIGO;15;0;0;SIM;NAO;NAO;;;;;
COLUNA;CORPORE;dbo;TMOV;TABELA;IDCLASSMOV;137;DTIDENTIFICADOR;4;10;0;SIM;NAO;NAO;;;;;
COLUNA;CORPORE;dbo;TMOV;TABELA;CODENTREGA;138;DTCODIGO;15;0;0;SIM;NAO;NAO;;;;;
COLUNA;CORPORE;dbo;TMOV;TABELA;CODFAIXAENTREGA;139;DTCODIGO;15;0;0;SIM;NAO;NAO;;;;;
COLUNA;CORPORE;dbo;TMOV;TABELA;DTHENTREGA;140;DDATETIME;8;23;3;SIM;NAO;NAO;;;;;
COLUNA;CORPORE;dbo;TMOV;TABELA;CONTABILIZADOPORTOTAL;141;DLOGICONULL;2;5;0;SIM;NAO;NAO;;;;;
COLUNA;CORPORE;dbo;TMOV;TABELA;CODLAFE;142;varchar;15;0;0;SIM;NAO;NAO;;;;;
COLUNA;CORPORE;dbo;TMOV;TABELA;IDPRJ;143;int;4;10;0;SIM;NAO;NAO;;;;;
COLUNA;CORPORE;dbo;TMOV;TABELA;NUMEROCUPOM;144;int;4;10;0;SIM;NAO;NAO;;;;;
COLUNA;CORPORE;dbo;TMOV;TABELA;NUMEROCAIXA;145;int;4;10;0;SIM;NAO;NAO;;;;;
COLUNA;CORPORE;dbo;TMOV;TABELA;FLAGEFEITOSALDO;146;smallint;2;5;0;SIM;NAO;NAO;;;;;
COLUNA;CORPORE;dbo;TMOV;TABELA;INTEGRADOBONUM;147;DLOGICONULL;2;5;0;SIM;NAO;NAO;;;;;
COLUNA;CORPORE;dbo;TMOV;TABELA;CODMOELANCAMENTO;148;varchar;10;0;0;SIM;NAO;NAO;;;;;
COLUNA;CORPORE;dbo;TMOV;TABELA;NAONUMERADO;149;varchar;1;0;0;SIM;NAO;NAO;;;;;
COLUNA;CORPORE;dbo;TMOV;TABELA;FLAGPROCESSADO;150;DLOGICONULL;2;5;0;SIM;NAO;NAO;;;;;
COLUNA;CORPORE;dbo;TMOV;TABELA;ABATIMENTOICMS;151;RMDVALOR4;9;15;4;SIM;NAO;NAO;;;;;
COLUNA;CORPORE;dbo;TMOV;TABELA;TIPOCONSUMO;152;smallint;2;5;0;SIM;NAO;NAO;;;;;
COLUNA;CORPORE;dbo;TMOV;TABELA;HORARIOEMISSAO;153;datetime;8;23;3;SIM;NAO;NAO;;;;;
COLUNA;CORPORE;dbo;TMOV;TABELA;DATARETORNO;154;datetime;8;23;3;SIM;NAO;NAO;;;;;
COLUNA;CORPORE;dbo;TMOV;TABELA;USUARIOCRIACAO;155;varchar;20;0;0;SIM;NAO;NAO;;;;;
COLUNA;CORPORE;dbo;TMOV;TABELA;DATACRIACAO;156;datetime;8;23;3;SIM;NAO;NAO;;;;;
COLUNA;CORPORE;dbo;TMOV;TABELA;IDCONTATOENTREGA;157;int;4;10;0;SIM;NAO;NAO;;;;;
COLUNA;CORPORE;dbo;TMOV;TABELA;IDCONTATOCOBRANCA;158;int;4;10;0;SIM;NAO;NAO;;;;;
COLUNA;CORPORE;dbo;TMOV;TABELA;STATUSSEPARACAO;159;varchar;1;0;0;SIM;NAO;NAO;;;;;
COLUNA;CORPORE;dbo;TMOV;TABELA;STSEMAIL;160;DLOGICONULL;2;5;0;SIM;NAO;NAO;;;;;
COLUNA;CORPORE;dbo;TMOV;TABELA;VALORFRETECTRC;161;RMDVALOR4;9;15;4;SIM;NAO;NAO;;;;;
COLUNA;CORPORE;dbo;TMOV;TABELA;PONTOVENDA;162;varchar;10;0;0;SIM;NAO;NAO;;;;;
COLUNA;CORPORE;dbo;TMOV;TABELA;PRAZOENTREGA;163;int;4;10;0;SIM;NAO;NAO;;;;;
COLUNA;CORPORE;dbo;TMOV;TABELA;VALORBRUTOINTERNO;164;RMDVALOR4;9;15;4;SIM;NAO;NAO;;;;;
COLUNA;CORPORE;dbo;TMOV;TABELA;IDAIDF;165;smallint;2;5;0;SIM;NAO;NAO;;;;;
COLUNA;CORPORE;dbo;TMOV;TABELA;IDSALDOESTOQUE;166;int;4;10;0;SIM;NAO;NAO;;;;;
COLUNA;CORPORE;dbo;TMOV;TABELA;VINCULADOESTOQUEFL;167;DLOGICONULL;2;5;0;SIM;NAO;NAO;;;;;
COLUNA;CORPORE;dbo;TMOV;TABELA;IDREDUCAOZ;168;int;4;10;0;SIM;NAO;NAO;;;;;
COLUNA;CORPORE;dbo;TMOV;TABELA;HORASAIDA;169;datetime;8;23;3;SIM;NAO;NAO;;;;;
COLUNA;CORPORE;dbo;TMOV;TABELA;CODMUNSERVICO;170;varchar;20;0;0;SIM;NAO;NAO;;;;;
COLUNA;CORPORE;dbo;TMOV;TABELA;CODETDMUNSERV;171;varchar;2;0;0;SIM;NAO;NAO;;;;;
COLUNA;CORPORE;dbo;TMOV;TABELA;APROPRIADO;172;smallint;2;5;0;SIM;NAO;NAO;;;;;
COLUNA;CORPORE;dbo;TMOV;TABELA;CODIGOSERVICO;173;varchar;40;0;0;SIM;NAO;NAO;;;;;
COLUNA;CORPORE;dbo;TMOV;TABELA;DATADEDUCAO;174;datetime;8;23;3;SIM;NAO;NAO;;;;;
COLUNA;CORPORE;dbo;TMOV;TABELA;CODDIARIO;175;varchar;5;0;0;SIM;NAO;NAO;;;;;
COLUNA;CORPORE;dbo;TMOV;TABELA;SEQDIARIO;176;varchar;9;0;0;SIM;NAO;NAO;;;;;
COLUNA;CORPORE;dbo;TMOV;TABELA;SEQDIARIOESTORNO;177;varchar;9;0;0;SIM;NAO;NAO;;;;;
COLUNA;CORPORE;dbo;TMOV;TABELA;INSSEMOUTRAEMPRESA;178;RMDVALOR4;9;15;4;SIM;NAO;NAO;;;;;
COLUNA;CORPORE;dbo;TMOV;TABELA;IDMOVCTRC;179;int;4;10;0;SIM;NAO;NAO;;;;;
COLUNA;CORPORE;dbo;TMOV;TABELA;DATAPROGRAMACAOANT;180;datetime;8;23;3;SIM;NAO;NAO;;;;;
COLUNA;CORPORE;dbo;TMOV;TABELA;CODTDO;181;varchar;10;0;0;SIM;NAO;NAO;;;;;
COLUNA;CORPORE;dbo;TMOV;TABELA;VALORDESCCONDICIONAL;182;RMDVALOR4;9;15;4;SIM;NAO;NAO;;;;;
COLUNA;CORPORE;dbo;TMOV;TABELA;VALORDESPCONDICIONAL;183;RMDVALOR4;9;15;4;SIM;NAO;NAO;;;;;
COLUNA;CORPORE;dbo;TMOV;TABELA;CODIGOIRRF;184;varchar;10;0;0;SIM;NAO;NAO;;;;;
COLUNA;CORPORE;dbo;TMOV;TABELA;DEDUCAOIRRF;185;RMDVALOR4;9;15;4;SIM;NAO;NAO;;;;;
COLUNA;CORPORE;dbo;TMOV;TABELA;PERCENTBASEINSS;186;RMDVALOR4;9;15;4;SIM;NAO;NAO;;;;;
COLUNA;CORPORE;dbo;TMOV;TABELA;PERCBASEINSSEMPREGADO;187;RMDVALOR4;9;15;4;SIM;NAO;NAO;;;;;
COLUNA;CORPORE;dbo;TMOV;TABELA;CONTORCAMENTOANTIGO;188;DLOGICONULL;2;5;0;SIM;NAO;NAO;;;;;
COLUNA;CORPORE;dbo;TMOV;TABELA;CODDEPTODESTINO;189;varchar;25;0;0;SIM;NAO;NAO;;;;;
COLUNA;CORPORE;dbo;TMOV;TABELA;DATACONTABILIZACAO;190;datetime;8;23;3;SIM;NAO;NAO;;;;;
COLUNA;CORPORE;dbo;TMOV;TABELA;CODVIATRANSPORTE;191;varchar;1;0;0;SIM;NAO;NAO;;;;;
COLUNA;CORPORE;dbo;TMOV;TABELA;VALORSERVICO;192;RMDVALOR4;9;15;4;SIM;NAO;NAO;;;;;
COLUNA;CORPORE;dbo;TMOV;TABELA;SEQUENCIALESTOQUE;193;int;4;10;0;SIM;NAO;NAO;;;;;
COLUNA;CORPORE;dbo;TMOV;TABELA;DISTANCIA;196;int;4;10;0;SIM;NAO;NAO;;;;;
COLUNA;CORPORE;dbo;TMOV;TABELA;UNCALCULO;197;varchar;5;0;0;SIM;NAO;NAO;;;;;
COLUNA;CORPORE;dbo;TMOV;TABELA;FORMACALCULO;198;varchar;1;0;0;SIM;NAO;NAO;;;;;
COLUNA;CORPORE;dbo;TMOV;TABELA;INTEGRADOAUTOMACAO;205;smallint;2;5;0;SIM;NAO;NAO;;;;;
COLUNA;CORPORE;dbo;TMOV;TABELA;INTEGRAAPLICACAO;206;char;1;0;0;NAO;NAO;NAO;;;;;
COLUNA;CORPORE;dbo;TMOV;TABELA;CLASSECONSUMO;207;varchar;1;0;0;SIM;NAO;NAO;;;;;
COLUNA;CORPORE;dbo;TMOV;TABELA;TIPOASSINANTE;208;varchar;2;0;0;SIM;NAO;NAO;;;;;
COLUNA;CORPORE;dbo;TMOV;TABELA;FASE;209;varchar;1;0;0;SIM;NAO;NAO;;;;;
COLUNA;CORPORE;dbo;TMOV;TABELA;TIPOUTILIZACAO;210;varchar;1;0;0;SIM;NAO;NAO;;;;;
COLUNA;CORPORE;dbo;TMOV;TABELA;GRUPOTENSAO;211;varchar;1;0;0;SIM;NAO;NAO;;;;;
COLUNA;CORPORE;dbo;TMOV;TABELA;DATALANCAMENTO;212;datetime;8;23;3;SIM;NAO;NAO;;;;;
COLUNA;CORPORE;dbo;TMOV;TABELA;EXTENPORANEO;213;DLOGICONULL;2;5;0;SIM;NAO;NAO;;;;;
COLUNA;CORPORE;dbo;TMOV;TABELA;RECIBONFESTATUS;223;varchar;1;0;0;SIM;NAO;NAO;;;;;
COLUNA;CORPORE;dbo;TMOV;TABELA;RECIBONFETIPO;224;smallint;2;5;0;SIM;NAO;NAO;;;;;
COLUNA;CORPORE;dbo;TMOV;TABELA;RECIBONFENUMERO;225;varchar;12;0;0;SIM;NAO;NAO;;;;;
COLUNA;CORPORE;dbo;TMOV;TABELA;RECIBONFESITUACAO;226;smallint;2;5;0;SIM;NAO;NAO;;;;;
COLUNA;CORPORE;dbo;TMOV;TABELA;IDMOVCFO;227;int;4;10;0;SIM;NAO;NAO;;;;;
COLUNA;CORPORE;dbo;TMOV;TABELA;OCAUTONOMO;228;smallint;2;5;0;SIM;NAO;NAO;;;;;
COLUNA;CORPORE;dbo;TMOV;TABELA;VALORMERCADORIAS;229;RMDVALOR4;9;15;4;SIM;NAO;NAO;;;;;
COLUNA;CORPORE;dbo;TMOV;TABELA;NATUREZAVOLUMES;230;varchar;30;0;0;SIM;NAO;NAO;;;;;
COLUNA;CORPORE;dbo;TMOV;TABELA;VOLUMES;231;varchar;30;0;0;SIM;NAO;NAO;;;;;
COLUNA;CORPORE;dbo;TMOV;TABELA;CRO;232;smallint;2;5;0;SIM;NAO;NAO;;;;;
COLUNA;CORPORE;dbo;TMOV;TABELA;USARATEIOVALORFIN;233;DLOGICONULL;2;5;0;SIM;NAO;NAO;;;;;
COLUNA;CORPORE;dbo;TMOV;TABELA;RECIBONFESERIE;234;varchar;5;0;0;SIM;NAO;NAO;;;;;
COLUNA;CORPORE;dbo;TMOV;TABELA;CODCOLCFOORIGEM;235;DCODCOLIGADANULL;2;5;0;SIM;NAO;NAO;;;;;
COLUNA;CORPORE;dbo;TMOV;TABELA;CODCFOORIGEM;236;varchar;25;0;0;SIM;NAO;NAO;;;;;
COLUNA;CORPORE;dbo;TMOV;TABELA;VALORCTRCARATEAR;237;RMDVALOR4;9;15;4;SIM;NAO;NAO;;;;;
COLUNA;CORPORE;dbo;TMOV;TABELA;CODCOLCFOAUX;238;smallint;2;5;0;SIM;NAO;NAO;;;;;
COLUNA;CORPORE;dbo;TMOV;TABELA;VRBASEINSSOUTRAEMPRESA;239;RMDVALOR4;9;15;4;SIM;NAO;NAO;;;;;
COLUNA;CORPORE;dbo;TMOV;TABELA;IDCEICFO;240;int;4;10;0;SIM;NAO;NAO;;;;;
COLUNA;CORPORE;dbo;TMOV;TABELA;CHAVEACESSONFE;241;varchar;50;0;0;SIM;NAO;NAO;;;;;
COLUNA;CORPORE;dbo;TMOV;TABELA;VLRSECCAT;242;RMDVALOR4;9;15;4;SIM;NAO;NAO;;;;;
COLUNA;CORPORE;dbo;TMOV;TABELA;VLRDESPACHO;243;RMDVALOR4;9;15;4;SIM;NAO;NAO;;;;;
COLUNA;CORPORE;dbo;TMOV;TABELA;VLRPEDAGIO;244;RMDVALOR4;9;15;4;SIM;NAO;NAO;;;;;
COLUNA;CORPORE;dbo;TMOV;TABELA;VLRFRETEOUTROS;245;RMDVALOR4;9;15;4;SIM;NAO;NAO;;;;;
COLUNA;CORPORE;dbo;TMOV;TABELA;ABATIMENTONAOTRIB;246;RMDVALOR4;9;15;4;SIM;NAO;NAO;;;;;
COLUNA;CORPORE;dbo;TMOV;TABELA;RATEIOCCUSTODEPTO;247;RMDVALOR4;9;15;4;SIM;NAO;NAO;;;;;
COLUNA;CORPORE;dbo;TMOV;TABELA;VALORRATEIOLAN;248;RMDVALOR4;9;15;4;SIM;NAO;NAO;;;;;
COLUNA;CORPORE;dbo;TMOV;TABELA;CODCOLCFOTRANSFAT;249;DCODCOLIGADANULL;2;5;0;SIM;NAO;NAO;;;;;
COLUNA;CORPORE;dbo;TMOV;TABELA;CODCFOTRANSFAT;250;varchar;25;0;0;SIM;NAO;NAO;;;;;
COLUNA;CORPORE;dbo;TMOV;TABELA;CODUSUARIOAPROVADESC;251;varchar;20;0;0;SIM;NAO;NAO;;;;;
COLUNA;CORPORE;dbo;TMOV;TABELA;IDINTEGRACAO;252;varchar;100;0;0;SIM;NAO;NAO;;;;;
COLUNA;CORPORE;dbo;TMOV;TABELA;STATUSANTERIOR;253;varchar;1;0;0;SIM;NAO;NAO;;;;;
COLUNA;CORPORE;dbo;TMOV;TABELA;VALORBRUTOORIG;254;RMDVALOR4;9;15;4;SIM;NAO;NAO;;;;;
COLUNA;CORPORE;dbo;TMOV;TABELA;VALORLIQUIDOORIG;255;RMDVALOR4;9;15;4;SIM;NAO;NAO;;;;;
COLUNA;CORPORE;dbo;TMOV;TABELA;VALOROUTROSORIG;256;RMDVALOR4;9;15;4;SIM;NAO;NAO;;;;;
COLUNA;CORPORE;dbo;TMOV;TABELA;VALORRATEIOLANORIG;257;RMDVALOR4;9;15;4;SIM;NAO;NAO;;;;;
COLUNA;CORPORE;dbo;TMOV;TABELA;IDOPERACAO;258;int;4;10;0;SIM;NAO;NAO;;;;;
COLUNA;CORPORE;dbo;TMOV;TABELA;DATAPROCESSAMENTO;260;DDATETIME;8;23;3;SIM;NAO;NAO;;;;;
COLUNA;CORPORE;dbo;TMOV;TABELA;IDNATFRETE;261;int;4;10;0;SIM;NAO;NAO;;;;;
COLUNA;CORPORE;dbo;TMOV;TABELA;RECCREATEDBY;262;varchar;50;0;0;SIM;NAO;NAO;;;;;
COLUNA;CORPORE;dbo;TMOV;TABELA;RECCREATEDON;263;datetime;8;23;3;SIM;NAO;NAO;;;;;
COLUNA;CORPORE;dbo;TMOV;TABELA;RECMODIFIEDBY;264;varchar;50;0;0;SIM;NAO;NAO;;;;;
COLUNA;CORPORE;dbo;TMOV;TABELA;RECMODIFIEDON;265;datetime;8;23;3;SIM;NAO;NAO;;;;;
COLUNA;CORPORE;dbo;TMOV;TABELA;VALORRECEBIDOFATPARC;266;RMDVALOR4;9;15;4;SIM;NAO;NAO;;;;;
COLUNA;CORPORE;dbo;TMOV;TABELA;VALORCONCLUIDO;267;RMDVALOR4;9;15;4;SIM;NAO;NAO;;;;;
COLUNA;CORPORE;dbo;TMOV;TABELA;IDTSS;268;varchar;15;0;0;SIM;NAO;NAO;;;;;
COLUNA;CORPORE;dbo;TMOV;TABELA;FLAGCONCLUSAO;269;smallint;2;5;0;SIM;NAO;NAO;;;;;
COLUNA;CORPORE;dbo;TMOV;TABELA;STATUSPARADIGMA;270;varchar;1;0;0;SIM;NAO;NAO;;;;;
COLUNA;CORPORE;dbo;TMOV;TABELA;PRODPREDOMINANTE;271;varchar;60;0;0;SIM;NAO;NAO;;;;;
COLUNA;CORPORE;dbo;TMOV;TABELA;STATUSMOVINCLUSAOCOLAB;272;int;4;10;0;SIM;NAO;NAO;;;;;
COLUNA;CORPORE;dbo;TMOV;TABELA;CNPJCPFADQUIRENTE;273;varchar;20;0;0;SIM;NAO;NAO;;;;;
COLUNA;CORPORE;dbo;TMOV;TABELA;NOMEADQUIRENTE;274;varchar;60;0;0;SIM;NAO;NAO;;;;;
COLUNA;CORPORE;dbo;TMOV;TABELA;DOCESTRANGEIROADQUIRENTE;275;varchar;20;0;0;SIM;NAO;NAO;;;;;
COLUNA;CORPORE;dbo;TMOV;TABELA;CODFILIALSCP;276;smallint;2;5;0;SIM;NAO;NAO;;;;;
COLUNA;CORPORE;dbo;TMOV;TABELA;STSCONTRATO;277;DTSTATUS;1;0;0;SIM;NAO;NAO;;;;;
COLUNA;CORPORE;dbo;TMOV;TABELA;STSCONCLUIDO;278;char;1;0;0;SIM;NAO;NAO;;;;;
COLUNA;CORPORE;dbo;TMOV;TABELA;IDMOVOSMNT;279;int;4;10;0;SIM;NAO;NAO;;;;;
COLUNA;CORPORE;dbo;TMOV;TABELA;CODCOLINTERMEDIADOR;280;DCODCOLIGADANULL;2;5;0;SIM;NAO;NAO;;;;;
COLUNA;CORPORE;dbo;TMOV;TABELA;IDINTERMEDIADOR;281;int;4;10;0;SIM;NAO;NAO;;;;;
COLUNA;CORPORE;dbo;TMOV;TABELA;DESCONSIDERARSNMOV;282;smallint;2;5;0;SIM;NAO;NAO;;;;;
COLUNA;CORPORE;dbo;TMOV;TABELA;PROTOCOLOAUTNFE;283;char;156;0;0;SIM;NAO;NAO;;;;;
COLUNA;CORPORE;dbo;TMOV;TABELA;IDNATRENDIMENTO;284;int;4;10;0;SIM;NAO;NAO;;;;;
COLUNA;CORPORE;dbo;TMOV;TABELA;PERCCOMISSAOVEN3;285;RMDVALOR4;9;15;4;SIM;NAO;NAO;;;;;
COLUNA;CORPORE;dbo;TMOV;TABELA;PERCCOMISSAOVEN4;286;RMDVALOR4;9;15;4;SIM;NAO;NAO;;;;;
COLUNA;CORPORE;dbo;TMOV;TABELA;MOTIVOSUBSTITUICAO;287;varchar;2;0;0;SIM;NAO;NAO;;;;;
COLUNA;CORPORE;dbo;TMOV;TABELA;JUSTIFICATIVASUBSTITUICAO;288;varchar;255;0;0;SIM;NAO;NAO;;;;;
COLUNA;CORPORE;dbo;TMOV;TABELA;CODMUNOPER;289;varchar;20;0;0;SIM;NAO;NAO;;;;;
COLUNA;CORPORE;dbo;TMOV;TABELA;CODUFOPER;290;varchar;2;0;0;SIM;NAO;NAO;;;;;
COLUNA;CORPORE;dbo;TMOV;TABELA;TIPOGUIATRANSITO;291;smallint;2;5;0;SIM;NAO;NAO;;;;;
COLUNA;CORPORE;dbo;TMOV;TABELA;CODUFEMISSAOGUIATRANSITO;292;varchar;2;0;0;SIM;NAO;NAO;;;;;
COLUNA;CORPORE;dbo;TMOV;TABELA;SERIEGUIATRANSITO;293;varchar;9;0;0;SIM;NAO;NAO;;;;;
COLUNA;CORPORE;dbo;TMOV;TABELA;NUMGUIATRANSITO;294;int;4;10;0;SIM;NAO;NAO;;;;;
COLUNA;CORPORE;dbo;TMOVORCAMENTO;TABELA;CODCOLIGADA;1;DCODCOLIGADA;2;5;0;NAO;SIM;NAO;;;;;
COLUNA;CORPORE;dbo;TMOVORCAMENTO;TABELA;IDMOVORCAMENTO;2;int;4;10;0;NAO;SIM;NAO;;;;;
COLUNA;CORPORE;dbo;TMOVORCAMENTO;TABELA;IDORCAMENTO;3;int;4;10;0;NAO;NAO;NAO;;;;;
COLUNA;CORPORE;dbo;TMOVORCAMENTO;TABELA;IDPERIODO;4;int;4;10;0;NAO;NAO;NAO;;;;;
COLUNA;CORPORE;dbo;TMOVORCAMENTO;TABELA;IDITMPERIODO;5;int;4;10;0;NAO;NAO;NAO;;;;;
COLUNA;CORPORE;dbo;TMOVORCAMENTO;TABELA;IDMOV;6;int;4;10;0;SIM;NAO;NAO;;;;;
COLUNA;CORPORE;dbo;TMOVORCAMENTO;TABELA;TIPO;7;varchar;2;0;0;NAO;NAO;NAO;;;;;
COLUNA;CORPORE;dbo;TMOVORCAMENTO;TABELA;TIPOOPERACAO;8;varchar;2;0;0;NAO;NAO;NAO;;;;;
COLUNA;CORPORE;dbo;TMOVORCAMENTO;TABELA;VALORORCADO;9;RMDVALOR4;9;15;4;SIM;NAO;NAO;;;;;
COLUNA;CORPORE;dbo;TMOVORCAMENTO;TABELA;VALORREAL;10;RMDVALOR4;9;15;4;SIM;NAO;NAO;;;;;
COLUNA;CORPORE;dbo;TMOVORCAMENTO;TABELA;VALOROPCIONAL1;11;RMDVALOR4;9;15;4;SIM;NAO;NAO;;;;;
COLUNA;CORPORE;dbo;TMOVORCAMENTO;TABELA;VALOROPCIONAL2;12;RMDVALOR4;9;15;4;SIM;NAO;NAO;;;;;
COLUNA;CORPORE;dbo;TMOVORCAMENTO;TABELA;VALORRECEBIDO;13;RMDVALOR4;9;15;4;SIM;NAO;NAO;;;;;
COLUNA;CORPORE;dbo;TMOVORCAMENTO;TABELA;VALORCEDIDO;14;RMDVALOR4;9;15;4;SIM;NAO;NAO;;;;;
COLUNA;CORPORE;dbo;TMOVORCAMENTO;TABELA;VALOREXCEDENTE;15;RMDVALOR4;9;15;4;SIM;NAO;NAO;;;;;
COLUNA;CORPORE;dbo;TMOVORCAMENTO;TABELA;DATACRIACAO;16;datetime;8;23;3;SIM;NAO;NAO;;;;;
COLUNA;CORPORE;dbo;TMOVORCAMENTO;TABELA;USUARIOCRIACAO;17;varchar;20;0;0;SIM;NAO;NAO;;;;;
COLUNA;CORPORE;dbo;TMOVORCAMENTO;TABELA;RECCREATEDBY;18;varchar;50;0;0;SIM;NAO;NAO;;;;;
COLUNA;CORPORE;dbo;TMOVORCAMENTO;TABELA;RECCREATEDON;19;datetime;8;23;3;SIM;NAO;NAO;;;;;
COLUNA;CORPORE;dbo;TMOVORCAMENTO;TABELA;RECMODIFIEDBY;20;varchar;50;0;0;SIM;NAO;NAO;;;;;
COLUNA;CORPORE;dbo;TMOVORCAMENTO;TABELA;RECMODIFIEDON;21;datetime;8;23;3;SIM;NAO;NAO;;;;;
COLUNA;CORPORE;dbo;TMOVORCAMENTO;TABELA;INTEGRAAPLICACAO;22;varchar;2;0;0;SIM;NAO;NAO;;;;;
COLUNA;CORPORE;dbo;TMOVRELAC;TABELA;IDMOVORIGEM;1;DTIDENTIFICADOR;4;10;0;NAO;SIM;NAO;;;;;
COLUNA;CORPORE;dbo;TMOVRELAC;TABELA;CODCOLORIGEM;2;DCODCOLIGADA;2;5;0;NAO;SIM;NAO;;;;;
COLUNA;CORPORE;dbo;TMOVRELAC;TABELA;IDMOVDESTINO;3;DTIDENTIFICADOR;4;10;0;NAO;SIM;NAO;;;;;
COLUNA;CORPORE;dbo;TMOVRELAC;TABELA;CODCOLDESTINO;4;DCODCOLIGADA;2;5;0;NAO;SIM;NAO;;;;;
COLUNA;CORPORE;dbo;TMOVRELAC;TABELA;TIPORELAC;5;varchar;1;0;0;NAO;NAO;NAO;;;;;
COLUNA;CORPORE;dbo;TMOVRELAC;TABELA;IDPROCESSO;6;int;4;10;0;SIM;NAO;NAO;;;;;
COLUNA;CORPORE;dbo;TMOVRELAC;TABELA;RECCREATEDBY;7;varchar;50;0;0;SIM;NAO;NAO;;;;;
COLUNA;CORPORE;dbo;TMOVRELAC;TABELA;RECCREATEDON;8;datetime;8;23;3;SIM;NAO;NAO;;;;;
COLUNA;CORPORE;dbo;TMOVRELAC;TABELA;RECMODIFIEDBY;9;varchar;50;0;0;SIM;NAO;NAO;;;;;
COLUNA;CORPORE;dbo;TMOVRELAC;TABELA;RECMODIFIEDON;10;datetime;8;23;3;SIM;NAO;NAO;;;;;
COLUNA;CORPORE;dbo;TMOVRELAC;TABELA;VALORRECEBIDO;11;RMDVALOR4;9;15;4;SIM;NAO;NAO;;;;;
COLUNA;CORPORE;dbo;TORCAMENTO;TABELA;CODCOLIGADA;1;DCODCOLIGADA;2;5;0;NAO;SIM;NAO;;;;;
COLUNA;CORPORE;dbo;TORCAMENTO;TABELA;IDORCAMENTO;2;int;4;10;0;NAO;SIM;NAO;;;;;
COLUNA;CORPORE;dbo;TORCAMENTO;TABELA;IDPERIODO;3;int;4;10;0;NAO;NAO;NAO;;;;;
COLUNA;CORPORE;dbo;TORCAMENTO;TABELA;CODCCUSTO;4;varchar;25;0;0;NAO;NAO;NAO;;;;;
COLUNA;CORPORE;dbo;TORCAMENTO;TABELA;CODTBORCAMENTO;5;varchar;40;0;0;NAO;NAO;NAO;;;;;
COLUNA;CORPORE;dbo;TORCAMENTO;TABELA;CODCOLTBORCAMENTO;6;DCODCOLIGADANULL;2;5;0;SIM;NAO;NAO;;;;;
COLUNA;CORPORE;dbo;TORCAMENTO;TABELA;CODTBGRUPOORC;7;varchar;40;0;0;SIM;NAO;NAO;;;;;
COLUNA;CORPORE;dbo;TORCAMENTO;TABELA;CODSISTEMA;8;varchar;1;0;0;SIM;NAO;NAO;;;;;
COLUNA;CORPORE;dbo;TORCAMENTO;TABELA;RECCREATEDBY;9;varchar;50;0;0;SIM;NAO;NAO;;;;;
COLUNA;CORPORE;dbo;TORCAMENTO;TABELA;RECCREATEDON;10;datetime;8;23;3;SIM;NAO;NAO;;;;;
COLUNA;CORPORE;dbo;TORCAMENTO;TABELA;RECMODIFIEDBY;11;varchar;50;0;0;SIM;NAO;NAO;;;;;
COLUNA;CORPORE;dbo;TORCAMENTO;TABELA;RECMODIFIEDON;12;datetime;8;23;3;SIM;NAO;NAO;;;;;
COLUNA;CORPORE;dbo;TORCAMENTO;TABELA;TIPO;13;varchar;1;0;0;SIM;NAO;NAO;;;;;
COLUNA;CORPORE;dbo;TPERIODOORCAMENTO;TABELA;CODCOLIGADA;1;DCODCOLIGADA;2;5;0;NAO;SIM;NAO;;;;;
COLUNA;CORPORE;dbo;TPERIODOORCAMENTO;TABELA;IDPERIODO;2;int;4;10;0;NAO;SIM;NAO;;;;;
COLUNA;CORPORE;dbo;TPERIODOORCAMENTO;TABELA;STATUS;3;smallint;2;5;0;NAO;NAO;NAO;;;;;
COLUNA;CORPORE;dbo;TPERIODOORCAMENTO;TABELA;DESCRICAO;4;varchar;100;0;0;SIM;NAO;NAO;;;;;
COLUNA;CORPORE;dbo;TPERIODOORCAMENTO;TABELA;DATAINICIO;5;datetime;8;23;3;NAO;NAO;NAO;;;;;
COLUNA;CORPORE;dbo;TPERIODOORCAMENTO;TABELA;DATAFIM;6;datetime;8;23;3;NAO;NAO;NAO;;;;;
COLUNA;CORPORE;dbo;TPERIODOORCAMENTO;TABELA;PERIODICIDADE;7;varchar;20;0;0;SIM;NAO;NAO;;;;;
COLUNA;CORPORE;dbo;TPERIODOORCAMENTO;TABELA;CODCLASSIFPERIODO;8;varchar;10;0;0;SIM;NAO;NAO;;;;;
COLUNA;CORPORE;dbo;TPERIODOORCAMENTO;TABELA;RECCREATEDBY;9;varchar;50;0;0;SIM;NAO;NAO;;;;;
COLUNA;CORPORE;dbo;TPERIODOORCAMENTO;TABELA;RECCREATEDON;10;datetime;8;23;3;SIM;NAO;NAO;;;;;
COLUNA;CORPORE;dbo;TPERIODOORCAMENTO;TABELA;RECMODIFIEDBY;11;varchar;50;0;0;SIM;NAO;NAO;;;;;
COLUNA;CORPORE;dbo;TPERIODOORCAMENTO;TABELA;RECMODIFIEDON;12;datetime;8;23;3;SIM;NAO;NAO;;;;;
COLUNA;CORPORE;dbo;TPERIODOORCAMENTO;TABELA;INTEGRAAPLICACAO;13;varchar;2;0;0;SIM;NAO;NAO;;;;;
COLUNA;CORPORE;dbo;TTBORCAMENTO;TABELA;CODCOLIGADA;1;DCODCOLIGADA;2;5;0;NAO;SIM;NAO;;;;;
COLUNA;CORPORE;dbo;TTBORCAMENTO;TABELA;CODTBORCAMENTO;2;varchar;40;0;0;NAO;SIM;NAO;;;;;
COLUNA;CORPORE;dbo;TTBORCAMENTO;TABELA;DESCRICAO;3;varchar;100;0;0;SIM;NAO;NAO;;;;;
COLUNA;CORPORE;dbo;TTBORCAMENTO;TABELA;CAMPOLIVRE;4;varchar;20;0;0;SIM;NAO;NAO;;;;;
COLUNA;CORPORE;dbo;TTBORCAMENTO;TABELA;INATIVO;5;smallint;2;5;0;SIM;NAO;NAO;;;;;
COLUNA;CORPORE;dbo;TTBORCAMENTO;TABELA;NAOPERMITETRANSF;6;smallint;2;5;0;SIM;NAO;NAO;;;;;
COLUNA;CORPORE;dbo;TTBORCAMENTO;TABELA;NATUREZA;7;smallint;2;5;0;NAO;NAO;NAO;;;;;
COLUNA;CORPORE;dbo;TTBORCAMENTO;TABELA;SINTETICOANALITICO;8;smallint;2;5;0;NAO;NAO;NAO;;;;;
COLUNA;CORPORE;dbo;TTBORCAMENTO;TABELA;RECCREATEDBY;9;varchar;50;0;0;SIM;NAO;NAO;;;;;
COLUNA;CORPORE;dbo;TTBORCAMENTO;TABELA;RECCREATEDON;10;datetime;8;23;3;SIM;NAO;NAO;;;;;
COLUNA;CORPORE;dbo;TTBORCAMENTO;TABELA;RECMODIFIEDBY;11;varchar;50;0;0;SIM;NAO;NAO;;;;;
COLUNA;CORPORE;dbo;TTBORCAMENTO;TABELA;RECMODIFIEDON;12;datetime;8;23;3;SIM;NAO;NAO;;;;;
FK;CORPORE;dbo;AINTERVALOPLANEJADOFUNRATEIO;TABELA;CODCOLIGADA;1;;;;;;;;CORPORE;dbo;GCCUSTO;CODCOLIGADA;FKAINTERVPLANEJFUNRAT_GCCUSTO
FK;CORPORE;dbo;AINTERVALOPLANEJADOFUNRATEIO;TABELA;CODCCUSTO;2;;;;;;;;CORPORE;dbo;GCCUSTO;CODCCUSTO;FKAINTERVPLANEJFUNRAT_GCCUSTO
FK;CORPORE;dbo;AMOVFUN;TABELA;CODCOLIGADA;1;;;;;;;;CORPORE;dbo;GCCUSTO;CODCOLIGADA;FKAMOVFUN_GCCUSTO
FK;CORPORE;dbo;AMOVFUN;TABELA;CODCCUSTO;2;;;;;;;;CORPORE;dbo;GCCUSTO;CODCCUSTO;FKAMOVFUN_GCCUSTO
FK;CORPORE;dbo;AMOVFUNAM;TABELA;CODCOLIGADA;1;;;;;;;;CORPORE;dbo;GCCUSTO;CODCOLIGADA;FKAMOVFUNAM_GCCUSTO
FK;CORPORE;dbo;AMOVFUNAM;TABELA;CODCCUSTO;2;;;;;;;;CORPORE;dbo;GCCUSTO;CODCCUSTO;FKAMOVFUNAM_GCCUSTO
FK;CORPORE;dbo;AMOVFUNDIA;TABELA;CODCOLIGADA;1;;;;;;;;CORPORE;dbo;GCCUSTO;CODCOLIGADA;FKAMOVFUNDIA_GCCUSTO
FK;CORPORE;dbo;AMOVFUNDIA;TABELA;CODCCUSTO;2;;;;;;;;CORPORE;dbo;GCCUSTO;CODCCUSTO;FKAMOVFUNDIA_GCCUSTO
FK;CORPORE;dbo;AMOVFUNDIAAM;TABELA;CODCOLIGADA;1;;;;;;;;CORPORE;dbo;GCCUSTO;CODCOLIGADA;FKAMOVFUNDIAAM_GCCUSTO
FK;CORPORE;dbo;AMOVFUNDIAAM;TABELA;CODCCUSTO;2;;;;;;;;CORPORE;dbo;GCCUSTO;CODCCUSTO;FKAMOVFUNDIAAM_GCCUSTO
FK;CORPORE;dbo;APARAMUSUARIO;TABELA;CODUSUARIO;1;;;;;;;;CORPORE;dbo;GUSUARIO;CODUSUARIO;FKAPARAMUSUARIO_GUSUARIO
FK;CORPORE;dbo;AUSOPROV;TABELA;CODPESSOA;1;;;;;;;;CORPORE;dbo;PPESSOA;CODIGO;FKAUSOPROV_PPESSOA
FK;CORPORE;dbo;AVISITA;TABELA;CODPESSOA;1;;;;;;;;CORPORE;dbo;PPESSOA;CODIGO;FKAVISITA_PPESSOA
FK;CORPORE;dbo;BEXECPROVA;TABELA;CODAVALIADO;1;;;;;;;;CORPORE;dbo;PPESSOA;CODIGO;FKBEXECPROVA_PPESSOAAVALIADO
FK;CORPORE;dbo;BEXECPROVA;TABELA;CODPESSOA;1;;;;;;;;CORPORE;dbo;PPESSOA;CODIGO;FKBEXECPROVA_PPESSOA
FK;CORPORE;dbo;BHISTORICO;TABELA;CODAVALIADO;1;;;;;;;;CORPORE;dbo;PPESSOA;CODIGO;FKBHISTORICO_PPESSOAAVALIADO
FK;CORPORE;dbo;BHISTORICO;TABELA;CODPESSOA;1;;;;;;;;CORPORE;dbo;PPESSOA;CODIGO;FKBHISTORICO_PPESSOA
FK;CORPORE;dbo;CAGESTRUT;TABELA;CODCOLIGADA;1;;;;;;;;CORPORE;dbo;CLOTE;CODCOLIGADA;FKCAGESTRUT_CLOTE
FK;CORPORE;dbo;CAGESTRUT;TABELA;CODLOTE;2;;;;;;;;CORPORE;dbo;CLOTE;CODLOTE;FKCAGESTRUT_CLOTE
FK;CORPORE;dbo;CAGLOTE;TABELA;CODCOLIGADA;1;;;;;;;;CORPORE;dbo;CLOTE;CODCOLIGADA;FKCAGLOTE_CLOTE
FK;CORPORE;dbo;CAGLOTE;TABELA;CODUSUARIO;1;;;;;;;;CORPORE;dbo;GUSUARIO;CODUSUARIO;FKCAGLOTE_GUSUARIO
FK;CORPORE;dbo;CAGLOTE;TABELA;CODLOTE;2;;;;;;;;CORPORE;dbo;CLOTE;CODLOTE;FKCAGLOTE_CLOTE
FK;CORPORE;dbo;CAGMOLDE;TABELA;CODCOLCREDITO;1;;;;;;;;CORPORE;dbo;CCONTA;CODCOLIGADA;FKCAGMOLDE_CCONTACREDITO
FK;CORPORE;dbo;CAGMOLDE;TABELA;CODCOLDEBITO;1;;;;;;;;CORPORE;dbo;CCONTA;CODCOLIGADA;FKCAGMOLDE_CCONTADEBITO
FK;CORPORE;dbo;CAGMOLDE;TABELA;CODCOLIGADA;1;;;;;;;;CORPORE;dbo;GCCUSTO;CODCOLIGADA;FKCAGMOLDE_GCCUSTO
FK;CORPORE;dbo;CAGMOLDE;TABELA;CODCOLPARTIDA;1;;;;;;;;CORPORE;dbo;CCONTA;CODCOLIGADA;FKCAGMOLDE_CCONTAPARTIDA
FK;CORPORE;dbo;CAGMOLDE;TABELA;CODCCUSTO;2;;;;;;;;CORPORE;dbo;GCCUSTO;CODCCUSTO;FKCAGMOLDE_GCCUSTO
FK;CORPORE;dbo;CAGMOLDE;TABELA;CREDITO;2;;;;;;;;CORPORE;dbo;CCONTA;CODCONTA;FKCAGMOLDE_CCONTACREDITO
FK;CORPORE;dbo;CAGMOLDE;TABELA;DEBITO;2;;;;;;;;CORPORE;dbo;CCONTA;CODCONTA;FKCAGMOLDE_CCONTADEBITO
FK;CORPORE;dbo;CAGMOLDE;TABELA;PARTIDA;2;;;;;;;;CORPORE;dbo;CCONTA;CODCONTA;FKCAGMOLDE_CCONTAPARTIDA
FK;CORPORE;dbo;CAGRATEIO;TABELA;CODCOLCONTA;1;;;;;;;;CORPORE;dbo;CCONTA;CODCOLIGADA;FKCAGRATEIO_CCONTA
FK;CORPORE;dbo;CAGRATEIO;TABELA;CODCOLGERENCIAL;1;;;;;;;;CORPORE;dbo;CGERENCIA;CODCOLIGADA;FKCAGRATEIO_CGERENCIA
FK;CORPORE;dbo;CAGRATEIO;TABELA;CODCONTA;2;;;;;;;;CORPORE;dbo;CCONTA;CODCONTA;FKCAGRATEIO_CCONTA
FK;CORPORE;dbo;CAGRATEIO;TABELA;CODGERENCIAL;2;;;;;;;;CORPORE;dbo;CGERENCIA;CODCONTA;FKCAGRATEIO_CGERENCIA
FK;CORPORE;dbo;CCOMPLCONTA;TABELA;CODCOLCONTA;1;;;;;;;;CORPORE;dbo;CCONTA;CODCOLIGADA;FKCCOMPLCONTA_CTA
FK;CORPORE;dbo;CCOMPLCONTA;TABELA;CODCONTA;2;;;;;;;;CORPORE;dbo;CCONTA;CODCONTA;FKCCOMPLCONTA_CTA
FK;CORPORE;dbo;CCONT;TABELA;CODCOLIGADA;1;;;;;;;;CORPORE;dbo;CPARTIDA;CODCOLIGADA;FKCCONT_CPARTIDA
FK;CORPORE;dbo;CCONT;TABELA;IDPARTIDA;2;;;;;;;;CORPORE;dbo;CPARTIDA;IDPARTIDA;FKCCONT_CPARTIDA
FK;CORPORE;dbo;CCONTA;TABELA;CODCOLCONTAESTORNO;1;;;;;;;;CORPORE;dbo;CCONTA;CODCOLIGADA;FKCCONTAESTORNO_CCONTA
FK;CORPORE;dbo;CCONTA;TABELA;CODCOLFRMVLRFINCONCIL;1;;;;;;;;CORPORE;dbo;GFORMULA;CODCOLIGADA;FKCCONTAVLRFINCONCIL_GFORMULA
FK;CORPORE;dbo;CCONTA;TABELA;CODCOLHISTP;1;;;;;;;;CORPORE;dbo;CHISTP;CODCOLIGADA;FKCHISTP_CCONTA
FK;CORPORE;dbo;CCONTA;TABELA;CODCOLIGADA;1;;;;;;;;CORPORE;dbo;GCOLIGADA;CODCOLIGADA;FKCOLIGADA
FK;CORPORE;dbo;CCONTA;TABELA;MOEDACOMPRA;1;;;;;;;;CORPORE;dbo;GMOEDA;SIMBOLO;FKCCONTA_GMOEDACOMPRA
FK;CORPORE;dbo;CCONTA;TABELA;MOEDAVENDA;1;;;;;;;;CORPORE;dbo;GMOEDA;SIMBOLO;FKCCONTA_GMOEDA
FK;CORPORE;dbo;CCONTA;TABELA;APLICACAOFRMVLRFINCONCIL;2;;;;;;;;CORPORE;dbo;GFORMULA;APLICACAO;FKCCONTAVLRFINCONCIL_GFORMULA
FK;CORPORE;dbo;CCONTA;TABELA;CODHISTP;2;;;;;;;;CORPORE;dbo;CHISTP;CODHISTP;FKCHISTP_CCONTA
FK;CORPORE;dbo;CCONTA;TABELA;CONTAESTORNO;2;;;;;;;;CORPORE;dbo;CCONTA;CODCONTA;FKCCONTAESTORNO_CCONTA
FK;CORPORE;dbo;CCONTA;TABELA;CODFRMVLRFINCONCIL;3;;;;;;;;CORPORE;dbo;GFORMULA;CODIGO;FKCCONTAVLRFINCONCIL_GFORMULA
FK;CORPORE;dbo;CCONTAESCRITRESUMIDA;TABELA;CODCOLCONTA;1;;;;;;;;CORPORE;dbo;CCONTA;CODCOLIGADA;FKCCONTAESCRITRES_CCONTA
FK;CORPORE;dbo;CCONTAESCRITRESUMIDA;TABELA;CODCONTA;2;;;;;;;;CORPORE;dbo;CCONTA;CODCONTA;FKCCONTAESCRITRES_CCONTA
FK;CORPORE;dbo;CCONTAHISTINATIVACAO;TABELA;CODCOLIGADA;1;;;;;;;;CORPORE;dbo;CCONTA;CODCOLIGADA;FKCCONTAHISTINATIVACAO_CCONTA
FK;CORPORE;dbo;CCONTAHISTINATIVACAO;TABELA;CODCONTA;2;;;;;;;;CORPORE;dbo;CCONTA;CODCONTA;FKCCONTAHISTINATIVACAO_CCONTA
FK;CORPORE;dbo;CCONTAHISTORICO;TABELA;CODCOLCONTAESTORNO;1;;;;;;;;CORPORE;dbo;CCONTA;CODCOLIGADA;FKCCONTAESTORN_CCONTAHISTORICO
FK;CORPORE;dbo;CCONTAHISTORICO;TABELA;CODCOLIGADA;1;;;;;;;;CORPORE;dbo;CCONTA;CODCOLIGADA;FKCCONTA_CCONTAHISTORICO
FK;CORPORE;dbo;CCONTAHISTORICO;TABELA;CODCONTA;2;;;;;;;;CORPORE;dbo;CCONTA;CODCONTA;FKCCONTA_CCONTAHISTORICO
FK;CORPORE;dbo;CCONTAHISTORICO;TABELA;CONTAESTORNO;2;;;;;;;;CORPORE;dbo;CCONTA;CODCONTA;FKCCONTAESTORN_CCONTAHISTORICO
FK;CORPORE;dbo;CCONTAHISTORICOALTERACAO;TABELA;CODCOLIGADA;1;;;;;;;;CORPORE;dbo;CCONTA;CODCOLIGADA;FKCCONTAHISTORICOALTERACAO_CC
FK;CORPORE;dbo;CCONTAHISTORICOALTERACAO;TABELA;CODCONTA;2;;;;;;;;CORPORE;dbo;CCONTA;CODCONTA;FKCCONTAHISTORICOALTERACAO_CC
FK;CORPORE;dbo;CCONTAMOEDAFUNCIONAL;TABELA;CODCOLCONTA;1;;;;;;;;CORPORE;dbo;CCONTA;CODCOLIGADA;FKCCONTAMOEDAFUNCIONAL_CCONTA
FK;CORPORE;dbo;CCONTAMOEDAFUNCIONAL;TABELA;CODCONTA;2;;;;;;;;CORPORE;dbo;CCONTA;CODCONTA;FKCCONTAMOEDAFUNCIONAL_CCONTA
FK;CORPORE;dbo;CCONTRAT;TABELA;CODCOLCONTAGER;1;;;;;;;;CORPORE;dbo;CGERENCIA;CODCOLIGADA;FKCCONTRAT_CGERENCIA
FK;CORPORE;dbo;CCONTRAT;TABELA;CODCOLIGADA;1;;;;;;;;CORPORE;dbo;CRATEIOLC;CODCOLIGADA;FKCCONTRAT_CRATEIOLC
FK;CORPORE;dbo;CCONTRAT;TABELA;CODCONTAGER;2;;;;;;;;CORPORE;dbo;CGERENCIA;CODCONTA;FKCCONTRAT_CGERENCIA
FK;CORPORE;dbo;CCONTRAT;TABELA;IDRATEIO;2;;;;;;;;CORPORE;dbo;CRATEIOLC;IDRATEIO;FKCCONTRAT_CRATEIOLC
FK;CORPORE;dbo;CCTAANTERIORSPED;TABELA;CODCOLCONTAATUAL;1;;;;;;;;CORPORE;dbo;CCONTA;CODCOLIGADA;FKCCTAANTERIORSPED_CCONTA
FK;CORPORE;dbo;CCTAANTERIORSPED;TABELA;CODCOLCONTAGERATUAL;1;;;;;;;;CORPORE;dbo;CGERENCIA;CODCOLIGADA;FKCCTAANTERIORSPED_CGERENCIA
FK;CORPORE;dbo;CCTAANTERIORSPED;TABELA;CODCOLIGADA;1;;;;;;;;CORPORE;dbo;GCCUSTO;CODCOLIGADA;FKCCTAANTERIORSPED_GCCUSTO
FK;CORPORE;dbo;CCTAANTERIORSPED;TABELA;CODCCUSTOATUAL;2;;;;;;;;CORPORE;dbo;GCCUSTO;CODCCUSTO;FKCCTAANTERIORSPED_GCCUSTO
FK;CORPORE;dbo;CCTAANTERIORSPED;TABELA;CODCONTAATUAL;2;;;;;;;;CORPORE;dbo;CCONTA;CODCONTA;FKCCTAANTERIORSPED_CCONTA
FK;CORPORE;dbo;CCTAANTERIORSPED;TABELA;CODCONTAGERATUAL;2;;;;;;;;CORPORE;dbo;CGERENCIA;CODCONTA;FKCCTAANTERIORSPED_CGERENCIA
FK;CORPORE;dbo;CCTACTA_FCONT;TABELA;CODCOLIGADA;1;;;;;;;;CORPORE;dbo;CCONTA;CODCOLIGADA;FKCCTACTA_FCONT_CCONTA
FK;CORPORE;dbo;CCTACTA_FCONT;TABELA;CODCONTA;2;;;;;;;;CORPORE;dbo;CCONTA;CODCONTA;FKCCTACTA_FCONT_CCONTA
FK;CORPORE;dbo;CCTACTA2;TABELA;CODCOLIGADA;1;;;;;;;;CORPORE;dbo;CCONTA;CODCOLIGADA;FKCCTACTA2_CCONTA
FK;CORPORE;dbo;CCTACTA2;TABELA;CODCONTA;2;;;;;;;;CORPORE;dbo;CCONTA;CODCONTA;FKCCTACTA2_CCONTA
FK;CORPORE;dbo;CCTACTA2ITEM;TABELA;CODCOLGERENCIAL;1;;;;;;;;CORPORE;dbo;CGERENCIA;CODCOLIGADA;FKCCTACTA2ITEM_CGERENCIA
FK;CORPORE;dbo;CCTACTA2ITEM;TABELA;CODCOLIGADA2;1;;;;;;;;CORPORE;dbo;GCCUSTO;CODCOLIGADA;FKCCTACTA2ITEM_GCCUSTO
FK;CORPORE;dbo;CCTACTA2ITEM;TABELA;CODCCUSTO;2;;;;;;;;CORPORE;dbo;GCCUSTO;CODCCUSTO;FKCCTACTA2ITEM_GCCUSTO
FK;CORPORE;dbo;CCTACTA2ITEM;TABELA;CODGERENCIAL;2;;;;;;;;CORPORE;dbo;CGERENCIA;CODCONTA;FKCCTACTA2ITEM_CGERENCIA
FK;CORPORE;dbo;CCUSTOCOMPL;TABELA;CODCOLIGADA;1;;;;;;;;CORPORE;dbo;GCCUSTO;CODCOLIGADA;FKCCUSTOCOMPL_GCCUSTO
FK;CORPORE;dbo;CCUSTOCOMPL;TABELA;CODCCUSTO;2;;;;;;;;CORPORE;dbo;GCCUSTO;CODCCUSTO;FKCCUSTOCOMPL_GCCUSTO
FK;CORPORE;dbo;CDIFERENCA;TABELA;CODCOLIGADA;1;;;;;;;;CORPORE;dbo;CLOTE;CODCOLIGADA;FKCDIFERENCA_CLOTE
FK;CORPORE;dbo;CDIFERENCA;TABELA;CODCOLIGADA;1;;;;;;;;CORPORE;dbo;CLANCAMENTO;CODCOLIGADA;FKCDIFERENCA_CLANCAMENTO
FK;CORPORE;dbo;CDIFERENCA;TABELA;CODUSUARIO;1;;;;;;;;CORPORE;dbo;GUSUARIO;CODUSUARIO;FKCDIFERENCA_GUSUARIO
FK;CORPORE;dbo;CDIFERENCA;TABELA;CODLOTE;2;;;;;;;;CORPORE;dbo;CLOTE;CODLOTE;FKCDIFERENCA_CLOTE
FK;CORPORE;dbo;CDIFERENCA;TABELA;IDLANCAMENTO;2;;;;;;;;CORPORE;dbo;CLANCAMENTO;IDLANCAMENTO;FKCDIFERENCA_CLANCAMENTO
FK;CORPORE;dbo;CDIMENSAOFCFO;TABELA;CODCOLCFO;1;;;;;;;;CORPORE;dbo;FCFO;CODCOLIGADA;FKCDIMENSAOFCFO_FCFO
FK;CORPORE;dbo;CDIMENSAOFCFO;TABELA;CODCOLIGADA;1;;;;;;;;CORPORE;dbo;CPARTIDA;CODCOLIGADA;FKCDIMENSAOFCFO_CPARTIDA
FK;CORPORE;dbo;CDIMENSAOFCFO;TABELA;CODCFO;2;;;;;;;;CORPORE;dbo;FCFO;CODCFO;FKCDIMENSAOFCFO_FCFO
FK;CORPORE;dbo;CDIMENSAOFCFO;TABELA;IDPARTIDA;2;;;;;;;;CORPORE;dbo;CPARTIDA;IDPARTIDA;FKCDIMENSAOFCFO_CPARTIDA
FK;CORPORE;dbo;CDIMENSAORATEIO;TABELA;CODCOLIGADA;1;;;;;;;;CORPORE;dbo;CPARTIDA;CODCOLIGADA;FKCDIMENSAORATEIO_CPARTIDA
FK;CORPORE;dbo;CDIMENSAORATEIO;TABELA;IDPARTIDA;2;;;;;;;;CORPORE;dbo;CPARTIDA;IDPARTIDA;FKCDIMENSAORATEIO_CPARTIDA
FK;CORPORE;dbo;CDIMENSAOTPRODUTO;TABELA;CODCOLIGADA;1;;;;;;;;CORPORE;dbo;CPARTIDA;CODCOLIGADA;FKCDIMENSAOTPRODUTO_CPARTIDA
FK;CORPORE;dbo;CDIMENSAOTPRODUTO;TABELA;IDPARTIDA;2;;;;;;;;CORPORE;dbo;CPARTIDA;IDPARTIDA;FKCDIMENSAOTPRODUTO_CPARTIDA
FK;CORPORE;dbo;CDSCONTRELACONTA;TABELA;CODCOLCONTA;1;;;;;;;;CORPORE;dbo;CCONTA;CODCOLIGADA;FKCDSCONTRELACONTA_CCONTA
FK;CORPORE;dbo;CDSCONTRELACONTA;TABELA;CODCOLCONTAFINAL;1;;;;;;;;CORPORE;dbo;CCONTA;CODCOLIGADA;FKCDSCONTRELACONTA_CCONTA_FINA
FK;CORPORE;dbo;CDSCONTRELACONTA;TABELA;CODCONTA;2;;;;;;;;CORPORE;dbo;CCONTA;CODCONTA;FKCDSCONTRELACONTA_CCONTA_FINA
FK;CORPORE;dbo;CDSCONTRELACONTA;TABELA;CODCONTA;2;;;;;;;;CORPORE;dbo;CCONTA;CODCONTA;FKCDSCONTRELACONTA_CCONTA
FK;CORPORE;dbo;CEPESTRUTMOLDE;TABELA;CODCOLGERENCIAL;1;;;;;;;;CORPORE;dbo;CGERENCIA;CODCOLIGADA;FKCEPCMOLDE_CGERENCIA
FK;CORPORE;dbo;CEPESTRUTMOLDE;TABELA;CODCOLIGADA;1;;;;;;;;CORPORE;dbo;GCCUSTO;CODCOLIGADA;FKCEPCESTRUTMOLDE_GCCUSTO
FK;CORPORE;dbo;CEPESTRUTMOLDE;TABELA;CODCCUSTODEFAULT;2;;;;;;;;CORPORE;dbo;GCCUSTO;CODCCUSTO;FKCEPCESTRUTMOLDE_GCCUSTO
FK;CORPORE;dbo;CEPESTRUTMOLDE;TABELA;GERENCIAL;2;;;;;;;;CORPORE;dbo;CGERENCIA;CODCONTA;FKCEPCMOLDE_CGERENCIA
FK;CORPORE;dbo;CEPGRUPOSCONTA;TABELA;CODCOLCREDITOLUCRO;1;;;;;;;;CORPORE;dbo;CCONTA;CODCOLIGADA;FKCEPGRUPOSCONTA_CONTACRELUCR
FK;CORPORE;dbo;CEPGRUPOSCONTA;TABELA;CODCOLCREDITOPREJUIZO;1;;;;;;;;CORPORE;dbo;CCONTA;CODCOLIGADA;FKCEPGRUPOSCONTA_CONTACREPREJU
FK;CORPORE;dbo;CEPGRUPOSCONTA;TABELA;CODCOLDEBITOLUCRO;1;;;;;;;;CORPORE;dbo;CCONTA;CODCOLIGADA;FKCEPGRUPOSCONTA_CONTADEBLUCRO
FK;CORPORE;dbo;CEPGRUPOSCONTA;TABELA;CODCOLDEBITOPREJUIZO;1;;;;;;;;CORPORE;dbo;CCONTA;CODCOLIGADA;FKCEPGRUPOSCONTA_CONTADEBPREJU
FK;CORPORE;dbo;CEPGRUPOSCONTA;TABELA;CODCOLIGADA;1;;;;;;;;CORPORE;dbo;GCCUSTO;CODCOLIGADA;FKCEPGRUPOSCONTA_GCCUSTO
FK;CORPORE;dbo;CEPGRUPOSCONTA;TABELA;CODCCUSTO;2;;;;;;;;CORPORE;dbo;GCCUSTO;CODCCUSTO;FKCEPGRUPOSCONTA_GCCUSTO
FK;CORPORE;dbo;CEPGRUPOSCONTA;TABELA;CREDITOLUCRO;2;;;;;;;;CORPORE;dbo;CCONTA;CODCONTA;FKCEPGRUPOSCONTA_CONTACRELUCR
FK;CORPORE;dbo;CEPGRUPOSCONTA;TABELA;CREDITOPREJUIZO;2;;;;;;;;CORPORE;dbo;CCONTA;CODCONTA;FKCEPGRUPOSCONTA_CONTACREPREJU
FK;CORPORE;dbo;CEPGRUPOSCONTA;TABELA;DEBITOLUCRO;2;;;;;;;;CORPORE;dbo;CCONTA;CODCONTA;FKCEPGRUPOSCONTA_CONTADEBLUCRO
FK;CORPORE;dbo;CEPGRUPOSCONTA;TABELA;DEBITOPREJUIZO;2;;;;;;;;CORPORE;dbo;CCONTA;CODCONTA;FKCEPGRUPOSCONTA_CONTADEBPREJU
FK;CORPORE;dbo;CESCRITURACAO;TABELA;USUARIOGEROUSPED;1;;;;;;;;CORPORE;dbo;GUSUARIO;CODUSUARIO;FKCESCRITURACAO_GUSUARIO
FK;CORPORE;dbo;CGERCOMPL;TABELA;CODCOLIGADA;1;;;;;;;;CORPORE;dbo;CGERENCIA;CODCOLIGADA;FKCGERCOMPL_CGERENCIA
FK;CORPORE;dbo;CGERCOMPL;TABELA;CODCONTA;2;;;;;;;;CORPORE;dbo;CGERENCIA;CODCONTA;FKCGERCOMPL_CGERENCIA
FK;CORPORE;dbo;CGERENCIA;TABELA;CODCOLIGADA;1;;;;;;;;CORPORE;dbo;GCOLIGADA;CODCOLIGADA;FKGERCOLIGADA
FK;CORPORE;dbo;CGERENCIAHIST;TABELA;CODCOLIGADA;1;;;;;;;;CORPORE;dbo;CGERENCIA;CODCOLIGADA;FKCGERENCIAHIST_CGERENCIA
FK;CORPORE;dbo;CGERENCIAHIST;TABELA;CODCONTA;2;;;;;;;;CORPORE;dbo;CGERENCIA;CODCONTA;FKCGERENCIAHIST_CGERENCIA
FK;CORPORE;dbo;CHISTEP;TABELA;CODUSUARIOCANCEL;1;;;;;;;;CORPORE;dbo;GUSUARIO;CODUSUARIO;FKCHISTEP_GUSUARIOCANCEL
FK;CORPORE;dbo;CHISTEP;TABELA;CODUSUARIOEXEC;1;;;;;;;;CORPORE;dbo;GUSUARIO;CODUSUARIO;FKCHISTEP_GUSUARIOEXEC
FK;CORPORE;dbo;CHISTEPPROC;TABELA;CODCOLIGADA;1;;;;;;;;CORPORE;dbo;CLANCAMENTO;CODCOLIGADA;FKCHISTEPPROC_CLANCAMENTO
FK;CORPORE;dbo;CHISTEPPROC;TABELA;IDLANCAMENTO;2;;;;;;;;CORPORE;dbo;CLANCAMENTO;IDLANCAMENTO;FKCHISTEPPROC_CLANCAMENTO
FK;CORPORE;dbo;CHISTEXCLUSAOCONT;TABELA;USUARIOEXCLUIU;1;;;;;;;;CORPORE;dbo;GUSUARIO;CODUSUARIO;FKCHISTEXCLUSAOCONT_GUSUARIO_EXCLUIU
FK;CORPORE;dbo;CHISTEXCLUSAOCONT;TABELA;USUARIOSOLICITOU;1;;;;;;;;CORPORE;dbo;GUSUARIO;CODUSUARIO;FKCHISTEXCLUSAOCONT_GUSUARIO_SOLICITOU
FK;CORPORE;dbo;CHISTRATEIOLAN;TABELA;CODCOLIGADA;1;;;;;;;;CORPORE;dbo;CLANCAMENTO;CODCOLIGADA;FK_CHISTRATLAN_CLANCAMENTO
FK;CORPORE;dbo;CHISTRATEIOLAN;TABELA;IDLANCAMENTO;2;;;;;;;;CORPORE;dbo;CLANCAMENTO;IDLANCAMENTO;FK_CHISTRATLAN_CLANCAMENTO
FK;CORPORE;dbo;CHISTTGC;TABELA;CODUSUARIOCANCEL;1;;;;;;;;CORPORE;dbo;GUSUARIO;CODUSUARIO;FKCHISTTGC_CODUCANC_GUSUARIO
FK;CORPORE;dbo;CHISTTGC;TABELA;CODUSUARIOEXEC;1;;;;;;;;CORPORE;dbo;GUSUARIO;CODUSUARIO;FKCHISTTGC_CODUEXEC_GUSUARIO
FK;CORPORE;dbo;CHISTTGCPROC;TABELA;CODCOLIGADA;1;;;;;;;;CORPORE;dbo;CLANCAMENTO;CODCOLIGADA;FKCHISTTGCPROC_CLANCTO
FK;CORPORE;dbo;CHISTTGCPROC;TABELA;IDLANCAMENTO;2;;;;;;;;CORPORE;dbo;CLANCAMENTO;IDLANCAMENTO;FKCHISTTGCPROC_CLANCTO
FK;CORPORE;dbo;CHISTTROCACODCONTA;TABELA;CODCOLIGADA;1;;;;;;;;CORPORE;dbo;CCONTA;CODCOLIGADA;FKCHISTTROCACODCONTA_CCONTA
FK;CORPORE;dbo;CHISTTROCACODCONTA;TABELA;CODCONTAATUAL;2;;;;;;;;CORPORE;dbo;CCONTA;CODCONTA;FKCHISTTROCACODCONTA_CCONTA
FK;CORPORE;dbo;CITEMRATDESTINO;TABELA;CODCOLGERENCIAL;1;;;;;;;;CORPORE;dbo;CGERENCIA;CODCOLIGADA;FKCITEMRATDESTINO_CGERENCIAL
FK;CORPORE;dbo;CITEMRATDESTINO;TABELA;CODGERENCIAL;2;;;;;;;;CORPORE;dbo;CGERENCIA;CODCONTA;FKCITEMRATDESTINO_CGERENCIAL
FK;CORPORE;dbo;CITEMRATEIO;TABELA;CODCOLCONTADIST;1;;;;;;;;CORPORE;dbo;CCONTA;CODCOLIGADA;FKCITEMRATEIO_CCONTADIST
FK;CORPORE;dbo;CITEMRATEIO;TABELA;CODCOLCONTAREC;1;;;;;;;;CORPORE;dbo;CCONTA;CODCOLIGADA;FKCITEMRATEIO_CCONTAREC
FK;CORPORE;dbo;CITEMRATEIO;TABELA;CODCONTADIST;2;;;;;;;;CORPORE;dbo;CCONTA;CODCONTA;FKCITEMRATEIO_CCONTADIST
FK;CORPORE;dbo;CITEMRATEIO;TABELA;CODCONTAREC;2;;;;;;;;CORPORE;dbo;CCONTA;CODCONTA;FKCITEMRATEIO_CCONTAREC
FK;CORPORE;dbo;CITEMRATORIGEM;TABELA;CODCOLCONTAFIM;1;;;;;;;;CORPORE;dbo;CCONTA;CODCOLIGADA;FKCITEMRATORIGEM_CCONTAFIM
FK;CORPORE;dbo;CITEMRATORIGEM;TABELA;CODCOLCONTAINI;1;;;;;;;;CORPORE;dbo;CCONTA;CODCOLIGADA;FKCITEMRATORIGEM_CCONTAINI
FK;CORPORE;dbo;CITEMRATORIGEM;TABELA;CODCOLGERENCIALFIM;1;;;;;;;;CORPORE;dbo;CGERENCIA;CODCOLIGADA;FKCITEMRATORIG_CGERENCFIM
FK;CORPORE;dbo;CITEMRATORIGEM;TABELA;CODCOLGERENCIALINI;1;;;;;;;;CORPORE;dbo;CGERENCIA;CODCOLIGADA;FKCITEMRATORIG_CGERENCINI
FK;CORPORE;dbo;CITEMRATORIGEM;TABELA;CODCOLIGADA;1;;;;;;;;CORPORE;dbo;GCCUSTO;CODCOLIGADA;FKCITEMRATORIGEM_GCCUSTOFIM
FK;CORPORE;dbo;CITEMRATORIGEM;TABELA;CODCOLIGADA;1;;;;;;;;CORPORE;dbo;GCCUSTO;CODCOLIGADA;FKCITEMRATORIGEM_GCCUSTOINI
FK;CORPORE;dbo;CITEMRATORIGEM;TABELA;CODCCUSTOFIM;2;;;;;;;;CORPORE;dbo;GCCUSTO;CODCCUSTO;FKCITEMRATORIGEM_GCCUSTOFIM
FK;CORPORE;dbo;CITEMRATORIGEM;TABELA;CODCCUSTOINI;2;;;;;;;;CORPORE;dbo;GCCUSTO;CODCCUSTO;FKCITEMRATORIGEM_GCCUSTOINI
FK;CORPORE;dbo;CITEMRATORIGEM;TABELA;CODCONTAFIM;2;;;;;;;;CORPORE;dbo;CCONTA;CODCONTA;FKCITEMRATORIGEM_CCONTAFIM
FK;CORPORE;dbo;CITEMRATORIGEM;TABELA;CODCONTAINI;2;;;;;;;;CORPORE;dbo;CCONTA;CODCONTA;FKCITEMRATORIGEM_CCONTAINI
FK;CORPORE;dbo;CITEMRATORIGEM;TABELA;CODGERENCIALFIM;2;;;;;;;;CORPORE;dbo;CGERENCIA;CODCONTA;FKCITEMRATORIG_CGERENCFIM
FK;CORPORE;dbo;CITEMRATORIGEM;TABELA;CODGERENCIALINI;2;;;;;;;;CORPORE;dbo;CGERENCIA;CODCONTA;FKCITEMRATORIG_CGERENCINI
FK;CORPORE;dbo;CLANCAMENTO;TABELA;CODCOLIGADA;1;;;;;;;;CORPORE;dbo;CLOTE;CODCOLIGADA;FKCLANCAMENTO_CLOTE
FK;CORPORE;dbo;CLANCAMENTO;TABELA;CODUSUARIOAPROVACAO;1;;;;;;;;CORPORE;dbo;GUSUARIO;CODUSUARIO;FKUSUARIOAPROVADOR
FK;CORPORE;dbo;CLANCAMENTO;TABELA;CODLOTE;2;;;;;;;;CORPORE;dbo;CLOTE;CODLOTE;FKCLANCAMENTO_CLOTE
FK;CORPORE;dbo;CLCESTRUT;TABELA;CODCOLIGADA;1;;;;;;;;CORPORE;dbo;CLOTE;CODCOLIGADA;FKCLCESTRUT_CLOTE
FK;CORPORE;dbo;CLCESTRUT;TABELA;CODLOTE;2;;;;;;;;CORPORE;dbo;CLOTE;CODLOTE;FKCLCESTRUT_CLOTE
FK;CORPORE;dbo;CLCMOLDE;TABELA;CODCOLCREDITO;1;;;;;;;;CORPORE;dbo;CCONTA;CODCOLIGADA;FKLCMOLDE_CCONTA_CREDITO
FK;CORPORE;dbo;CLCMOLDE;TABELA;CODCOLDEBITO;1;;;;;;;;CORPORE;dbo;CCONTA;CODCOLIGADA;FKLCMOLDE_CCONTA_DEBITO
FK;CORPORE;dbo;CLCMOLDE;TABELA;CODCOLIGADA;1;;;;;;;;CORPORE;dbo;GCCUSTO;CODCOLIGADA;FKLCMOLDE_GCCUSTO
FK;CORPORE;dbo;CLCMOLDE;TABELA;CODCOLPARTIDA;1;;;;;;;;CORPORE;dbo;CCONTA;CODCOLIGADA;FKLCMOLDE_CCONTA_PARTIDA
FK;CORPORE;dbo;CLCMOLDE;TABELA;CODCCUSTO;2;;;;;;;;CORPORE;dbo;GCCUSTO;CODCCUSTO;FKLCMOLDE_GCCUSTO
FK;CORPORE;dbo;CLCMOLDE;TABELA;CREDITO;2;;;;;;;;CORPORE;dbo;CCONTA;CODCONTA;FKLCMOLDE_CCONTA_CREDITO
FK;CORPORE;dbo;CLCMOLDE;TABELA;DEBITO;2;;;;;;;;CORPORE;dbo;CCONTA;CODCONTA;FKLCMOLDE_CCONTA_DEBITO
FK;CORPORE;dbo;CLCMOLDE;TABELA;PARTIDA;2;;;;;;;;CORPORE;dbo;CCONTA;CODCONTA;FKLCMOLDE_CCONTA_PARTIDA
FK;CORPORE;dbo;CLCMOLDERATEIO;TABELA;CODCOLCONTA;1;;;;;;;;CORPORE;dbo;CCONTA;CODCOLIGADA;FKLCMOLDE_CCONTA
FK;CORPORE;dbo;CLCMOLDERATEIO;TABELA;CODCOLGERENCIAL;1;;;;;;;;CORPORE;dbo;CGERENCIA;CODCOLIGADA;FKLCMOLDERATEIO_CGERENCIA
FK;CORPORE;dbo;CLCMOLDERATEIO;TABELA;CODCONTA;2;;;;;;;;CORPORE;dbo;CCONTA;CODCONTA;FKLCMOLDE_CCONTA
FK;CORPORE;dbo;CLCMOLDERATEIO;TABELA;CODGERENCIAL;2;;;;;;;;CORPORE;dbo;CGERENCIA;CODCONTA;FKLCMOLDERATEIO_CGERENCIA
FK;CORPORE;dbo;CLCOMPL;TABELA;CODCOLIGADA;1;;;;;;;;CORPORE;dbo;CPARTIDA;CODCOLIGADA;FKCLCOMPL_CPARTIDA
FK;CORPORE;dbo;CLCOMPL;TABELA;IDPARTIDA;2;;;;;;;;CORPORE;dbo;CPARTIDA;IDPARTIDA;FKCLCOMPL_CPARTIDA
FK;CORPORE;dbo;CLOTE;TABELA;USUARIOATUAL;1;;;;;;;;CORPORE;dbo;GUSUARIO;CODUSUARIO;FKCLOTE_GUSUARIO
FK;CORPORE;dbo;CLOTE;TABELA;USUARIOSOLICITANTE;1;;;;;;;;CORPORE;dbo;GUSUARIO;CODUSUARIO;FKCLOTE_GUSUARIOSOLICITANTE
FK;CORPORE;dbo;CNOTAEXPLICATIVA;TABELA;CODCOLCONTA;1;;;;;;;;CORPORE;dbo;CCONTA;CODCOLIGADA;FKCNOTAEXPLICATIVA_CCONTA
FK;CORPORE;dbo;CNOTAEXPLICATIVA;TABELA;CODCONTA;2;;;;;;;;CORPORE;dbo;CCONTA;CODCONTA;FKCNOTAEXPLICATIVA_CCONTA
FK;CORPORE;dbo;CORCAMENTO;TABELA;CODCOLCONTA;1;;;;;;;;CORPORE;dbo;CCONTA;CODCOLIGADA;FKCORCAMENTO_CCONTA
FK;CORPORE;dbo;CORCAMENTO;TABELA;CODCOLGERENCIAL;1;;;;;;;;CORPORE;dbo;CGERENCIA;CODCOLIGADA;FKCORCAMENTO_CGERENCIA
FK;CORPORE;dbo;CORCAMENTO;TABELA;CODCOLIGADA;1;;;;;;;;CORPORE;dbo;GCCUSTO;CODCOLIGADA;FKCORCAMENTO_GCCUSTO
FK;CORPORE;dbo;CORCAMENTO;TABELA;CODCCUSTO;2;;;;;;;;CORPORE;dbo;GCCUSTO;CODCCUSTO;FKCORCAMENTO_GCCUSTO
FK;CORPORE;dbo;CORCAMENTO;TABELA;CODCONTA;2;;;;;;;;CORPORE;dbo;CCONTA;CODCONTA;FKCORCAMENTO_CCONTA
FK;CORPORE;dbo;CORCAMENTO;TABELA;CODGERENCIAL;2;;;;;;;;CORPORE;dbo;CGERENCIA;CODCONTA;FKCORCAMENTO_CGERENCIA
FK;CORPORE;dbo;CPARTIDA;TABELA;CODCOLCONTAELIMINACAO;1;;;;;;;;CORPORE;dbo;CCONTA;CODCOLIGADA;FKCPARTIDA_CCONTAELIMINACAO
FK;CORPORE;dbo;CPARTIDA;TABELA;CODCOLCREDITO;1;;;;;;;;CORPORE;dbo;CCONTA;CODCOLIGADA;FKCPARTIDA_CCONTACREDITO
FK;CORPORE;dbo;CPARTIDA;TABELA;CODCOLDEBITO;1;;;;;;;;CORPORE;dbo;CCONTA;CODCOLIGADA;FKCPARTIDA_CCONTADEBITO
FK;CORPORE;dbo;CPARTIDA;TABELA;CODCOLIGADA;1;;;;;;;;CORPORE;dbo;GFILIAL;CODCOLIGADA;FKCPARTIDA_GFILIAL
FK;CORPORE;dbo;CPARTIDA;TABELA;CODCOLIGADA;1;;;;;;;;CORPORE;dbo;CHISTP;CODCOLIGADA;FKCPARTIDA_CHISTP
FK;CORPORE;dbo;CPARTIDA;TABELA;CODCOLIGADA;1;;;;;;;;CORPORE;dbo;CLANCAMENTO;CODCOLIGADA;FKCPARTIDA_CLANCAMENTO
FK;CORPORE;dbo;CPARTIDA;TABELA;CODCOLIGADA;1;;;;;;;;CORPORE;dbo;GCCUSTO;CODCOLIGADA;FKCPARTIDA_GCCUSTO
FK;CORPORE;dbo;CPARTIDA;TABELA;CODCOLIGADA;1;;;;;;;;CORPORE;dbo;CPDIARIOPTG;CODCOLIGADA;FKCPARTIDA_CPDIARIOPTG
FK;CORPORE;dbo;CPARTIDA;TABELA;CODCOLIGADA;1;;;;;;;;CORPORE;dbo;GDEPTO;CODCOLIGADA;FKCPARTIDA_GDEPTO
FK;CORPORE;dbo;CPARTIDA;TABELA;CODCOLIGADA;1;;;;;;;;CORPORE;dbo;CLOTE;CODCOLIGADA;FKCPARTIDA_CLOTE
FK;CORPORE;dbo;CPARTIDA;TABELA;CODCOLIGADA;1;;;;;;;;CORPORE;dbo;CSPEDPARTICIPANTE;CODCOLIGADA;FKCPARTIDA_CSPEDPARTICIPANTE
FK;CORPORE;dbo;CPARTIDA;TABELA;CODCOLIGADA;1;;;;;;;;CORPORE;dbo;CSPEDRASITEM;CODCOLIGADA;FKCPARTIDA_CSPEDRASITEM
FK;CORPORE;dbo;CPARTIDA;TABELA;CODCOLPARTIDA;1;;;;;;;;CORPORE;dbo;CCONTA;CODCOLIGADA;FKCPARTIDA_CCONTAPARTIDA
FK;CORPORE;dbo;CPARTIDA;TABELA;CODCCUSTO;2;;;;;;;;CORPORE;dbo;GCCUSTO;CODCCUSTO;FKCPARTIDA_GCCUSTO
FK;CORPORE;dbo;CPARTIDA;TABELA;CODCONTAELIMINACAO;2;;;;;;;;CORPORE;dbo;CCONTA;CODCONTA;FKCPARTIDA_CCONTAELIMINACAO
FK;CORPORE;dbo;CPARTIDA;TABELA;CODDIARIO;2;;;;;;;;CORPORE;dbo;CPDIARIOPTG;CODDIARIO;FKCPARTIDA_CPDIARIOPTG
FK;CORPORE;dbo;CPARTIDA;TABELA;CODFILIAL;2;;;;;;;;CORPORE;dbo;GDEPTO;CODFILIAL;FKCPARTIDA_GDEPTO
FK;CORPORE;dbo;CPARTIDA;TABELA;CODFILIAL;2;;;;;;;;CORPORE;dbo;GFILIAL;CODFILIAL;FKCPARTIDA_GFILIAL
FK;CORPORE;dbo;CPARTIDA;TABELA;CODHISTP;2;;;;;;;;CORPORE;dbo;CHISTP;CODHISTP;FKCPARTIDA_CHISTP
FK;CORPORE;dbo;CPARTIDA;TABELA;CODLOTE;2;;;;;;;;CORPORE;dbo;CLOTE;CODLOTE;FKCPARTIDA_CLOTE
FK;CORPORE;dbo;CPARTIDA;TABELA;CREDITO;2;;;;;;;;CORPORE;dbo;CCONTA;CODCONTA;FKCPARTIDA_CCONTACREDITO
FK;CORPORE;dbo;CPARTIDA;TABELA;DEBITO;2;;;;;;;;CORPORE;dbo;CCONTA;CODCONTA;FKCPARTIDA_CCONTADEBITO
FK;CORPORE;dbo;CPARTIDA;TABELA;IDITEM_RAS;2;;;;;;;;CORPORE;dbo;CSPEDRASITEM;IDITEM;FKCPARTIDA_CSPEDRASITEM
FK;CORPORE;dbo;CPARTIDA;TABELA;IDLANCAMENTO;2;;;;;;;;CORPORE;dbo;CLANCAMENTO;IDLANCAMENTO;FKCPARTIDA_CLANCAMENTO
FK;CORPORE;dbo;CPARTIDA;TABELA;IDPARTICIPANTE;2;;;;;;;;CORPORE;dbo;CSPEDPARTICIPANTE;IDPARTICIPANTE;FKCPARTIDA_CSPEDPARTICIPANTE
FK;CORPORE;dbo;CPARTIDA;TABELA;PARTIDA;2;;;;;;;;CORPORE;dbo;CCONTA;CODCONTA;FKCPARTIDA_CCONTAPARTIDA
FK;CORPORE;dbo;CPARTIDA;TABELA;CODDEPARTAMENTO;3;;;;;;;;CORPORE;dbo;GDEPTO;CODDEPARTAMENTO;FKCPARTIDA_GDEPTO
FK;CORPORE;dbo;CPARTIDAHIST;TABELA;CODCOLCONTAELIMINACAO;1;;;;;;;;CORPORE;dbo;CCONTA;CODCOLIGADA;FKCPARTIDAHIS_CCONTAELIMINACAO
FK;CORPORE;dbo;CPARTIDAHIST;TABELA;CODCOLCREDITO;1;;;;;;;;CORPORE;dbo;CCONTA;CODCOLIGADA;FKCPARTIDAHIST_CCONTA
FK;CORPORE;dbo;CPARTIDAHIST;TABELA;CODCOLDEBITO;1;;;;;;;;CORPORE;dbo;CCONTA;CODCOLIGADA;FKCPARTIDAHIST_CCONTA2
FK;CORPORE;dbo;CPARTIDAHIST;TABELA;CODCOLIGADA;1;;;;;;;;CORPORE;dbo;GCCUSTO;CODCOLIGADA;FKCPARTIDAHIST_GCCUSTO
FK;CORPORE;dbo;CPARTIDAHIST;TABELA;CODCOLPARTIDA;1;;;;;;;;CORPORE;dbo;CCONTA;CODCOLIGADA;FKCPARTIDAHIST_CCONTA3
FK;CORPORE;dbo;CPARTIDAHIST;TABELA;CODCCUSTO;2;;;;;;;;CORPORE;dbo;GCCUSTO;CODCCUSTO;FKCPARTIDAHIST_GCCUSTO
FK;CORPORE;dbo;CPARTIDAHIST;TABELA;CODCONTAELIMINACAO;2;;;;;;;;CORPORE;dbo;CCONTA;CODCONTA;FKCPARTIDAHIS_CCONTAELIMINACAO
FK;CORPORE;dbo;CPARTIDAHIST;TABELA;CREDITO;2;;;;;;;;CORPORE;dbo;CCONTA;CODCONTA;FKCPARTIDAHIST_CCONTA
FK;CORPORE;dbo;CPARTIDAHIST;TABELA;DEBITO;2;;;;;;;;CORPORE;dbo;CCONTA;CODCONTA;FKCPARTIDAHIST_CCONTA2
FK;CORPORE;dbo;CPARTIDAHIST;TABELA;PARTIDA;2;;;;;;;;CORPORE;dbo;CCONTA;CODCONTA;FKCPARTIDAHIST_CCONTA3
FK;CORPORE;dbo;CPARTIDAMULTIMOEDA;TABELA;CODCOLIGADA;1;;;;;;;;CORPORE;dbo;CPARTIDA;CODCOLIGADA;FKCPARTIDAMULTIMOEDA_CPARTIDA
FK;CORPORE;dbo;CPARTIDAMULTIMOEDA;TABELA;IDPARTIDA;2;;;;;;;;CORPORE;dbo;CPARTIDA;IDPARTIDA;FKCPARTIDAMULTIMOEDA_CPARTIDA
FK;CORPORE;dbo;CPCCOMPL;TABELA;CODCOLIGADA;1;;;;;;;;CORPORE;dbo;CCONTA;CODCOLIGADA;FKCPCCOMPL_CCONTA
FK;CORPORE;dbo;CPCCOMPL;TABELA;CODCONTA;2;;;;;;;;CORPORE;dbo;CCONTA;CODCONTA;FKCPCCOMPL_CCONTA
FK;CORPORE;dbo;CPERIODOINCLUSAO;TABELA;CODUSUARIO;1;;;;;;;;CORPORE;dbo;GUSUARIO;CODUSUARIO;FK_CPERIODOINCLUSAO_GUSUARIO
FK;CORPORE;dbo;CPERMISSAOTAREFA;TABELA;CODUSUARIO;1;;;;;;;;CORPORE;dbo;GUSUARIO;CODUSUARIO;FKCPERMISSAOTAREFA_GUSUARIO
FK;CORPORE;dbo;CQUITAR;TABELA;CODCOLCONTA;1;;;;;;;;CORPORE;dbo;CCONTA;CODCOLIGADA;FKCQUITAR_CCONTA
FK;CORPORE;dbo;CQUITAR;TABELA;CODCOLGER;1;;;;;;;;CORPORE;dbo;CGERENCIA;CODCOLIGADA;FKCQUITAR_CGERENCIA
FK;CORPORE;dbo;CQUITAR;TABELA;CODCOLIGADA;1;;;;;;;;CORPORE;dbo;GCCUSTO;CODCOLIGADA;FKCQUITAR_GCCUSTO
FK;CORPORE;dbo;CQUITAR;TABELA;CODCCUSTO;2;;;;;;;;CORPORE;dbo;GCCUSTO;CODCCUSTO;FKCQUITAR_GCCUSTO
FK;CORPORE;dbo;CQUITAR;TABELA;CODCONTA;2;;;;;;;;CORPORE;dbo;CCONTA;CODCONTA;FKCQUITAR_CCONTA
FK;CORPORE;dbo;CQUITAR;TABELA;CODGERENCIAL;2;;;;;;;;CORPORE;dbo;CGERENCIA;CODCONTA;FKCQUITAR_CGERENCIA
FK;CORPORE;dbo;CRATEIOLC;TABELA;CODCOLCONTA;1;;;;;;;;CORPORE;dbo;CCONTA;CODCOLIGADA;FKRATEIOLCCONTA
FK;CORPORE;dbo;CRATEIOLC;TABELA;CODCOLGERENCIAL;1;;;;;;;;CORPORE;dbo;CGERENCIA;CODCOLIGADA;FKRATEIOLCGERENCIAL
FK;CORPORE;dbo;CRATEIOLC;TABELA;CODCOLIGADA;1;;;;;;;;CORPORE;dbo;CPARTIDA;CODCOLIGADA;FKCRATEIOLC_CPARTIDA
FK;CORPORE;dbo;CRATEIOLC;TABELA;CODCONTA;2;;;;;;;;CORPORE;dbo;CCONTA;CODCONTA;FKRATEIOLCCONTA
FK;CORPORE;dbo;CRATEIOLC;TABELA;CODGERENCIAL;2;;;;;;;;CORPORE;dbo;CGERENCIA;CODCONTA;FKRATEIOLCGERENCIAL
FK;CORPORE;dbo;CRATEIOLC;TABELA;IDPARTIDA;2;;;;;;;;CORPORE;dbo;CPARTIDA;IDPARTIDA;FKCRATEIOLC_CPARTIDA
FK;CORPORE;dbo;CRATEIOLCCC;TABELA;CODCOLCONTA;1;;;;;;;;CORPORE;dbo;CCONTA;CODCOLIGADA;FKCRATEIOLCCCCTA
FK;CORPORE;dbo;CRATEIOLCCC;TABELA;CODCOLIGADA;1;;;;;;;;CORPORE;dbo;GCCUSTO;CODCOLIGADA;FKCRATEIOLCCCCC
FK;CORPORE;dbo;CRATEIOLCCC;TABELA;CODCCUSTO;2;;;;;;;;CORPORE;dbo;GCCUSTO;CODCCUSTO;FKCRATEIOLCCCCC
FK;CORPORE;dbo;CRATEIOLCCC;TABELA;CODCONTA;2;;;;;;;;CORPORE;dbo;CCONTA;CODCONTA;FKCRATEIOLCCCCTA
FK;CORPORE;dbo;CRATEIOLCHIST;TABELA;CODCOLCONTA;1;;;;;;;;CORPORE;dbo;CCONTA;CODCOLIGADA;FKCRATEIOLCHIST_CCONTA
FK;CORPORE;dbo;CRATEIOLCHIST;TABELA;CODCOLGERENCIAL;1;;;;;;;;CORPORE;dbo;CGERENCIA;CODCOLIGADA;FKCRATEIOLCHIST_CGERENCIA
FK;CORPORE;dbo;CRATEIOLCHIST;TABELA;CODCONTA;2;;;;;;;;CORPORE;dbo;CCONTA;CODCONTA;FKCRATEIOLCHIST_CCONTA
FK;CORPORE;dbo;CRATEIOLCHIST;TABELA;CODGERENCIAL;2;;;;;;;;CORPORE;dbo;CGERENCIA;CODCONTA;FKCRATEIOLCHIST_CGERENCIA
FK;CORPORE;dbo;CRATEIOLCMULTIMOEDA;TABELA;CODCOLIGADA;1;;;;;;;;CORPORE;dbo;CRATEIOLC;CODCOLIGADA;FKCRATEIOLCMULTIMOEDA_CRATEIO
FK;CORPORE;dbo;CRATEIOLCMULTIMOEDA;TABELA;IDRATEIO;2;;;;;;;;CORPORE;dbo;CRATEIOLC;IDRATEIO;FKCRATEIOLCMULTIMOEDA_CRATEIO
FK;CORPORE;dbo;CRATEIOPC;TABELA;CODCOLGERENCIAL;1;;;;;;;;CORPORE;dbo;CGERENCIA;CODCOLIGADA;FKRATEIOPC_GERENCIAL
FK;CORPORE;dbo;CRATEIOPC;TABELA;CODCOLIGADA;1;;;;;;;;CORPORE;dbo;CCONTA;CODCOLIGADA;FKRATEIOPC_CONTA
FK;CORPORE;dbo;CRATEIOPC;TABELA;CODCONTA;2;;;;;;;;CORPORE;dbo;CCONTA;CODCONTA;FKRATEIOPC_CONTA
FK;CORPORE;dbo;CRATEIOPC;TABELA;CODGERENCIAL;2;;;;;;;;CORPORE;dbo;CGERENCIA;CODCONTA;FKRATEIOPC_GERENCIAL
FK;CORPORE;dbo;CRATEIOPCPER;TABELA;CODCOLGERENCIAL;1;;;;;;;;CORPORE;dbo;CGERENCIA;CODCOLIGADA;FKCRATEIOPCPER_CGERENCIA
FK;CORPORE;dbo;CRATEIOPCPER;TABELA;CODCOLIGADA;1;;;;;;;;CORPORE;dbo;CCONTA;CODCOLIGADA;FKCRATEIOPCPER_CCONTA
FK;CORPORE;dbo;CRATEIOPCPER;TABELA;CODCONTA;2;;;;;;;;CORPORE;dbo;CCONTA;CODCONTA;FKCRATEIOPCPER_CCONTA
FK;CORPORE;dbo;CRATEIOPCPER;TABELA;CODGERENCIAL;2;;;;;;;;CORPORE;dbo;CGERENCIA;CODCONTA;FKCRATEIOPCPER_CGERENCIA
FK;CORPORE;dbo;CRATMOLDE;TABELA;CODCOLCONTA;1;;;;;;;;CORPORE;dbo;CCONTA;CODCOLIGADA;FK_CRATMOLDE_CCONTA
FK;CORPORE;dbo;CRATMOLDE;TABELA;CODCONTA;2;;;;;;;;CORPORE;dbo;CCONTA;CODCONTA;FK_CRATMOLDE_CCONTA
FK;CORPORE;dbo;CRATMOLDEGER;TABELA;CODCOLGERENCIAL;1;;;;;;;;CORPORE;dbo;CGERENCIA;CODCOLIGADA;FKCRATMOLDEGER_CGERENCIA
FK;CORPORE;dbo;CRATMOLDEGER;TABELA;CODGERENCIAL;2;;;;;;;;CORPORE;dbo;CGERENCIA;CODCONTA;FKCRATMOLDEGER_CGERENCIA
FK;CORPORE;dbo;CSALDOEXERCICIO;TABELA;CODCOLCONTA;1;;;;;;;;CORPORE;dbo;CCONTA;CODCOLIGADA;FKCSALDOEXERCICIO_CCONTA
FK;CORPORE;dbo;CSALDOEXERCICIO;TABELA;CODCOLCONTAELIMINACAO;1;;;;;;;;CORPORE;dbo;CCONTA;CODCOLIGADA;FKCSALDOEXERCICIO_CCONTAELIMIN
FK;CORPORE;dbo;CSALDOEXERCICIO;TABELA;CODCOLGERENCIAL;1;;;;;;;;CORPORE;dbo;CGERENCIA;CODCOLIGADA;FKCSALDOEXERCICIO_CGERENCIA
FK;CORPORE;dbo;CSALDOEXERCICIO;TABELA;CODCOLIGADA;1;;;;;;;;CORPORE;dbo;GCCUSTO;CODCOLIGADA;FKCSALDOEXERCICIO_GCCUSTO
FK;CORPORE;dbo;CSALDOEXERCICIO;TABELA;CODCCUSTO;2;;;;;;;;CORPORE;dbo;GCCUSTO;CODCCUSTO;FKCSALDOEXERCICIO_GCCUSTO
FK;CORPORE;dbo;CSALDOEXERCICIO;TABELA;CODCONTA;2;;;;;;;;CORPORE;dbo;CCONTA;CODCONTA;FKCSALDOEXERCICIO_CCONTA
FK;CORPORE;dbo;CSALDOEXERCICIO;TABELA;CODCONTAELIMINACAO;2;;;;;;;;CORPORE;dbo;CCONTA;CODCONTA;FKCSALDOEXERCICIO_CCONTAELIMIN
FK;CORPORE;dbo;CSALDOEXERCICIO;TABELA;CODGERENCIAL;2;;;;;;;;CORPORE;dbo;CGERENCIA;CODCONTA;FKCSALDOEXERCICIO_CGERENCIA
FK;CORPORE;dbo;CSDANT_TEMP_SD1200_02;TABELA;CODCOLCONTA;1;;;;;;;;CORPORE;dbo;CCONTA;CODCOLIGADA;FKSDANTCONTA
FK;CORPORE;dbo;CSDANT_TEMP_SD1200_02;TABELA;CODCOLGERENCIAL;1;;;;;;;;CORPORE;dbo;CGERENCIA;CODCOLIGADA;FKSDANTGERENCIAL
FK;CORPORE;dbo;CSDANT_TEMP_SD1200_02;TABELA;CODCOLIGADA;1;;;;;;;;CORPORE;dbo;GCCUSTO;CODCOLIGADA;FKSDANTCCUSTO
FK;CORPORE;dbo;CSDANT_TEMP_SD1200_02;TABELA;CODCCUSTO;2;;;;;;;;CORPORE;dbo;GCCUSTO;CODCCUSTO;FKSDANTCCUSTO
FK;CORPORE;dbo;CSDANT_TEMP_SD1200_02;TABELA;CODCONTA;2;;;;;;;;CORPORE;dbo;CCONTA;CODCONTA;FKSDANTCONTA
FK;CORPORE;dbo;CSDANT_TEMP_SD1200_02;TABELA;CODGERENCIAL;2;;;;;;;;CORPORE;dbo;CGERENCIA;CODCONTA;FKSDANTGERENCIAL
FK;CORPORE;dbo;CSINACOR;TABELA;CODCOLCONTA;1;;;;;;;;CORPORE;dbo;CCONTA;CODCOLIGADA;FKCSINACOR_CCONTA
FK;CORPORE;dbo;CSINACOR;TABELA;CODCONTA;2;;;;;;;;CORPORE;dbo;CCONTA;CODCONTA;FKCSINACOR_CCONTA
FK;CORPORE;dbo;CSPEDLANCAMENTORAS;TABELA;CODCOLIGADA;1;;;;;;;;CORPORE;dbo;GCCUSTO;CODCOLIGADA;FKCSPEDLANCAMENTORAS_GCCUSTO
FK;CORPORE;dbo;CSPEDLANCAMENTORAS;TABELA;CODCOLIGADA;1;;;;;;;;CORPORE;dbo;CPARTIDA;CODCOLIGADA;FKCSPEDLANCAMENTORAS_CPARTIDA
FK;CORPORE;dbo;CSPEDLANCAMENTORAS;TABELA;CODCCUSTO;2;;;;;;;;CORPORE;dbo;GCCUSTO;CODCCUSTO;FKCSPEDLANCAMENTORAS_GCCUSTO
FK;CORPORE;dbo;CSPEDLANCAMENTORAS;TABELA;IDPARTIDA;2;;;;;;;;CORPORE;dbo;CPARTIDA;IDPARTIDA;FKCSPEDLANCAMENTORAS_CPARTIDA
FK;CORPORE;dbo;CSPEDPARTICIPANTE;TABELA;CODCOLCFO;1;;;;;;;;CORPORE;dbo;FCFO;CODCOLIGADA;FKCSPEDPARTICIPANTE_FCFO
FK;CORPORE;dbo;CSPEDPARTICIPANTE;TABELA;USUARIOATUALIZOU;1;;;;;;;;CORPORE;dbo;GUSUARIO;CODUSUARIO;FKCSPEDPARTICIPANTE_GUSUARIO
FK;CORPORE;dbo;CSPEDPARTICIPANTE;TABELA;CODCFO;2;;;;;;;;CORPORE;dbo;FCFO;CODCFO;FKCSPEDPARTICIPANTE_FCFO
FK;CORPORE;dbo;CSUBCONTA;TABELA;CODCOLIGADA;1;;;;;;;;CORPORE;dbo;CCONTA;CODCOLIGADA;FKCSUBCONTA_CCONTA2
FK;CORPORE;dbo;CSUBCONTA;TABELA;CODCOLIGADA;1;;;;;;;;CORPORE;dbo;CCONTA;CODCOLIGADA;FKCSUBCONTA_CCONTA
FK;CORPORE;dbo;CSUBCONTA;TABELA;CODCONTA;2;;;;;;;;CORPORE;dbo;CCONTA;CODCONTA;FKCSUBCONTA_CCONTA
FK;CORPORE;dbo;CSUBCONTA;TABELA;CODSUBCONTA;2;;;;;;;;CORPORE;dbo;CCONTA;CODCONTA;FKCSUBCONTA_CCONTA2
FK;CORPORE;dbo;CTAREFA;TABELA;CODUSUARIOEXECUTOR;1;;;;;;;;CORPORE;dbo;GUSUARIO;CODUSUARIO;FKCTAREFA_GUSUARIOEXEC
FK;CORPORE;dbo;CTAREFA;TABELA;CODUSUARIOSOLICITANTE;1;;;;;;;;CORPORE;dbo;GUSUARIO;CODUSUARIO;FKCTAREFA_GUSUARIO
FK;CORPORE;dbo;CTGCGRUPOSCONTA;TABELA;CODCOLCONTA;1;;;;;;;;CORPORE;dbo;CCONTA;CODCOLIGADA;FKCTGCGRUPOSCONTA_CCONTA
FK;CORPORE;dbo;CTGCGRUPOSCONTA;TABELA;CONTA;2;;;;;;;;CORPORE;dbo;CCONTA;CODCONTA;FKCTGCGRUPOSCONTA_CCONTA
FK;CORPORE;dbo;CTGCMOLDE;TABELA;CODCOLDESTINO;1;;;;;;;;CORPORE;dbo;CCONTA;CODCOLIGADA;FKCTGCMOLDE_CCONTA
FK;CORPORE;dbo;CTGCMOLDE;TABELA;CODCOLGERENCIAL;1;;;;;;;;CORPORE;dbo;CGERENCIA;CODCOLIGADA;FKCTGCMOLDE_CGERENCIA
FK;CORPORE;dbo;CTGCMOLDE;TABELA;CODCOLIVAPAGAR;1;;;;;;;;CORPORE;dbo;CCONTA;CODCOLIGADA;FKCTGCMOLDE_CCONTAIVAPAG
FK;CORPORE;dbo;CTGCMOLDE;TABELA;CODCOLIVARESTITUIR;1;;;;;;;;CORPORE;dbo;CCONTA;CODCOLIGADA;FKCTGCMOLDE_CCONTAIVARES
FK;CORPORE;dbo;CTGCMOLDE;TABELA;DESTINO;2;;;;;;;;CORPORE;dbo;CCONTA;CODCONTA;FKCTGCMOLDE_CCONTA
FK;CORPORE;dbo;CTGCMOLDE;TABELA;GERENCIAL;2;;;;;;;;CORPORE;dbo;CGERENCIA;CODCONTA;FKCTGCMOLDE_CGERENCIA
FK;CORPORE;dbo;CTGCMOLDE;TABELA;IVAPAGAR;2;;;;;;;;CORPORE;dbo;CCONTA;CODCONTA;FKCTGCMOLDE_CCONTAIVAPAG
FK;CORPORE;dbo;CTGCMOLDE;TABELA;IVARESTITUIR;2;;;;;;;;CORPORE;dbo;CCONTA;CODCONTA;FKCTGCMOLDE_CCONTAIVARES
FK;CORPORE;dbo;DAIDF;TABELA;CODCOLCFO;1;;;;;;;;CORPORE;dbo;FCFO;CODCOLIGADA;FKDAIDF_FCFO
FK;CORPORE;dbo;DAIDF;TABELA;CODCFO;2;;;;;;;;CORPORE;dbo;FCFO;CODCFO;FKDAIDF_FCFO
FK;CORPORE;dbo;DATIVO;TABELA;CODCOLCFO;1;;;;;;;;CORPORE;dbo;FCFO;CODCOLIGADA;FKDATIVO_FCFO
FK;CORPORE;dbo;DATIVO;TABELA;EMITENTECFO;2;;;;;;;;CORPORE;dbo;FCFO;CODCFO;FKDATIVO_FCFO
FK;CORPORE;dbo;DATIVOCOMPONENTE;TABELA;CODCOLCFO;1;;;;;;;;CORPORE;dbo;FCFO;CODCOLIGADA;FKDATIVOCOMPONENTE_FCFO
FK;CORPORE;dbo;DATIVOCOMPONENTE;TABELA;EMITENTECFO;2;;;;;;;;CORPORE;dbo;FCFO;CODCFO;FKDATIVOCOMPONENTE_FCFO
FK;CORPORE;dbo;DCCUSTOEVCTRB;TABELA;CODCOLCONTA;1;;;;;;;;CORPORE;dbo;CCONTA;CODCOLIGADA;FKDCCUSTOEVCTRB_CCONTA
FK;CORPORE;dbo;DCCUSTOEVCTRB;TABELA;CODCOLIGADA;1;;;;;;;;CORPORE;dbo;GCCUSTO;CODCOLIGADA;FKDCCUSTOEVCTRB_GCCUSTO
FK;CORPORE;dbo;DCCUSTOEVCTRB;TABELA;CODCCUSTO;2;;;;;;;;CORPORE;dbo;GCCUSTO;CODCCUSTO;FKDCCUSTOEVCTRB_GCCUSTO
FK;CORPORE;dbo;DCCUSTOEVCTRB;TABELA;CODCONTA;2;;;;;;;;CORPORE;dbo;CCONTA;CODCONTA;FKDCCUSTOEVCTRB_CCONTA
FK;CORPORE;dbo;DCFOP;TABELA;CODCOLCFO;1;;;;;;;;CORPORE;dbo;FCFO;CODCOLIGADA;FKDCFOP_FCFO
FK;CORPORE;dbo;DCFOP;TABELA;CODCOLIGADA;1;;;;;;;;CORPORE;dbo;CLOTE;CODCOLIGADA;FKDCFOP_CLOTE
FK;CORPORE;dbo;DCFOP;TABELA;CODCFO;2;;;;;;;;CORPORE;dbo;FCFO;CODCFO;FKDCFOP_FCFO
FK;CORPORE;dbo;DCFOP;TABELA;CODLOTESALDUS;2;;;;;;;;CORPORE;dbo;CLOTE;CODLOTE;FKDCFOP_CLOTE
FK;CORPORE;dbo;DCFOPCFO;TABELA;CODCOLCFO;1;;;;;;;;CORPORE;dbo;FCFO;CODCOLIGADA;FKDCFOPCFO_FCFO
FK;CORPORE;dbo;DCFOPCFO;TABELA;CODCFO;2;;;;;;;;CORPORE;dbo;FCFO;CODCFO;FKDCFOPCFO_FCFO
FK;CORPORE;dbo;DCONTDIPJ;TABELA;CODCOLCONTA;1;;;;;;;;CORPORE;dbo;CCONTA;CODCOLIGADA;FKDCONTDIPJ_CCONTA
FK;CORPORE;dbo;DCONTDIPJ;TABELA;CODCONTA;2;;;;;;;;CORPORE;dbo;CCONTA;CODCONTA;FKDCONTDIPJ_CCONTA
FK;CORPORE;dbo;DCONTGERDIPJ;TABELA;CODCOLGERENCIAL;1;;;;;;;;CORPORE;dbo;CGERENCIA;CODCOLIGADA;FKDCONTGERDIPJ_CGERENCIA
FK;CORPORE;dbo;DCONTGERDIPJ;TABELA;CODGERENCIAL;2;;;;;;;;CORPORE;dbo;CGERENCIA;CODCONTA;FKDCONTGERDIPJ_CGERENCIA
FK;CORPORE;dbo;DDETALHAMENTOAPURACAOPISCOFINS;TABELA;CODCOLCFO;1;;;;;;;;CORPORE;dbo;FCFO;CODCOLIGADA;FKDDETAPURACAOPISCOF_FCFO
FK;CORPORE;dbo;DDETALHAMENTOAPURACAOPISCOFINS;TABELA;CODCFO;2;;;;;;;;CORPORE;dbo;FCFO;CODCFO;FKDDETAPURACAOPISCOF_FCFO
FK;CORPORE;dbo;DDIFERIMENTOCONTRATANTE;TABELA;CODCOLCFO;1;;;;;;;;CORPORE;dbo;FCFO;CODCOLIGADA;FKDDIFERIMENTOCONTRATANTE_FCFO
FK;CORPORE;dbo;DDIFERIMENTOCONTRATANTE;TABELA;CODCFO;2;;;;;;;;CORPORE;dbo;FCFO;CODCFO;FKDDIFERIMENTOCONTRATANTE_FCFO
FK;CORPORE;dbo;DEVCTRBLANC;TABELA;CODCOLIGADA;1;;;;;;;;CORPORE;dbo;GCCUSTO;CODCOLIGADA;FKDEVCTRBLANC_GCCUSTO
FK;CORPORE;dbo;DEVCTRBLANC;TABELA;CODCCUSTO;2;;;;;;;;CORPORE;dbo;GCCUSTO;CODCCUSTO;FKDEVCTRBLANC_GCCUSTO
FK;CORPORE;dbo;DEVENTOREINFMOV;TABELA;CODCOLIGADA;1;;;;;;;;CORPORE;dbo;TMOV;CODCOLIGADA;FKDEVENTOREINFMOV_TMOV
FK;CORPORE;dbo;DEVENTOREINFMOV;TABELA;IDMOV;2;;;;;;;;CORPORE;dbo;TMOV;IDMOV;FKDEVENTOREINFMOV_TMOV
FK;CORPORE;dbo;DFAIXACCUSTO;TABELA;CODCOLIGADA;1;;;;;;;;CORPORE;dbo;GCCUSTO;CODCOLIGADA;FKDFAIXACCUSTO_GCCUSTOFIM
FK;CORPORE;dbo;DFAIXACCUSTO;TABELA;CODCOLIGADA;1;;;;;;;;CORPORE;dbo;GCCUSTO;CODCOLIGADA;FKDFAIXACCUSTO_GCCUSTOINI
FK;CORPORE;dbo;DFAIXACCUSTO;TABELA;CCUSTOFIM;2;;;;;;;;CORPORE;dbo;GCCUSTO;CODCCUSTO;FKDFAIXACCUSTO_GCCUSTOFIM
FK;CORPORE;dbo;DFAIXACCUSTO;TABELA;CCUSTOINI;2;;;;;;;;CORPORE;dbo;GCCUSTO;CODCCUSTO;FKDFAIXACCUSTO_GCCUSTOINI
FK;CORPORE;dbo;DFILIALSCPCCUSTO;TABELA;CODCOLIGADA;1;;;;;;;;CORPORE;dbo;GCCUSTO;CODCOLIGADA;FKDFILIALSCPCCUSTO_GCCUSTO
FK;CORPORE;dbo;DFILIALSCPCCUSTO;TABELA;CODCCUSTO;2;;;;;;;;CORPORE;dbo;GCCUSTO;CODCCUSTO;FKDFILIALSCPCCUSTO_GCCUSTO
FK;CORPORE;dbo;DFILTROOPCONTABIL;TABELA;CODCOLCONTACONTABIL;1;;;;;;;;CORPORE;dbo;CCONTA;CODCOLIGADA;FKDFILTROOPCONTABIL_CCONTA
FK;CORPORE;dbo;DFILTROOPCONTABIL;TABELA;CODCONTACONTABIL;2;;;;;;;;CORPORE;dbo;CCONTA;CODCONTA;FKDFILTROOPCONTABIL_CCONTA
FK;CORPORE;dbo;DFILTROOPERACAO;TABELA;CODCOLCONTACONTABIL;1;;;;;;;;CORPORE;dbo;CCONTA;CODCOLIGADA;FKDFILTROOPERACAO_CCONTA
FK;CORPORE;dbo;DFILTROOPERACAO;TABELA;CODCONTACONTABIL;2;;;;;;;;CORPORE;dbo;CCONTA;CODCONTA;FKDFILTROOPERACAO_CCONTA
FK;CORPORE;dbo;DFILTROTIPOAPLFIN;TABELA;CODCOLCONTA;1;;;;;;;;CORPORE;dbo;CCONTA;CODCOLIGADA;FKDFILTROTIPOAPLFIN_CCONTA
FK;CORPORE;dbo;DFILTROTIPOAPLFIN;TABELA;CODCONTA;2;;;;;;;;CORPORE;dbo;CCONTA;CODCONTA;FKDFILTROTIPOAPLFIN_CCONTA
FK;CORPORE;dbo;DFILTROTIPODOC;TABELA;CODCOLCONTA;1;;;;;;;;CORPORE;dbo;CCONTA;CODCOLIGADA;FKDFILTROTIPODOC_CCONTA
FK;CORPORE;dbo;DFILTROTIPODOC;TABELA;CODCONTA;2;;;;;;;;CORPORE;dbo;CCONTA;CODCONTA;FKDFILTROTIPODOC_CCONTA
FK;CORPORE;dbo;DFISCALMUNICIPIO;TABELA;CODCOLCFO;1;;;;;;;;CORPORE;dbo;FCFO;CODCOLIGADA;FKDFISCALMUNICIPIO_FCFO
FK;CORPORE;dbo;DFISCALMUNICIPIO;TABELA;CODCFO;2;;;;;;;;CORPORE;dbo;FCFO;CODCFO;FKDFISCALMUNICIPIO_FCFO
FK;CORPORE;dbo;DGUIAPERIODO;TABELA;CODCOLCFO;1;;;;;;;;CORPORE;dbo;FCFO;CODCOLIGADA;FKDGUIAPERIODO_FCFO
FK;CORPORE;dbo;DGUIAPERIODO;TABELA;CODCOLIGADA;1;;;;;;;;CORPORE;dbo;GCCUSTO;CODCOLIGADA;FKDGUIAPERIODO_GCCUSTO
FK;CORPORE;dbo;DGUIAPERIODO;TABELA;CODCOLNATFINANCEIRA;1;;;;;;;;CORPORE;dbo;TTBORCAMENTO;CODCOLIGADA;FKDGUIAPERIODO_TTBORCAMENTO
FK;CORPORE;dbo;DGUIAPERIODO;TABELA;CODCCUSTO;2;;;;;;;;CORPORE;dbo;GCCUSTO;CODCCUSTO;FKDGUIAPERIODO_GCCUSTO
FK;CORPORE;dbo;DGUIAPERIODO;TABELA;CODCFO;2;;;;;;;;CORPORE;dbo;FCFO;CODCFO;FKDGUIAPERIODO_FCFO
FK;CORPORE;dbo;DGUIAPERIODO;TABELA;CODNATFINANCEIRA;2;;;;;;;;CORPORE;dbo;TTBORCAMENTO;CODTBORCAMENTO;FKDGUIAPERIODO_TTBORCAMENTO
FK;CORPORE;dbo;DGUIARATCCU;TABELA;CODCOLIGADA;1;;;;;;;;CORPORE;dbo;GCCUSTO;CODCOLIGADA;FKDGUIARATCCU_GCCUSTO
FK;CORPORE;dbo;DGUIARATCCU;TABELA;CODCOLNATFINANCEIRA;1;;;;;;;;CORPORE;dbo;TTBORCAMENTO;CODCOLIGADA;FKDGUIARATCCU_TTBORCAMENTO
FK;CORPORE;dbo;DGUIARATCCU;TABELA;CODCCUSTO;2;;;;;;;;CORPORE;dbo;GCCUSTO;CODCCUSTO;FKDGUIARATCCU_GCCUSTO
FK;CORPORE;dbo;DGUIARATCCU;TABELA;CODNATFINANCEIRA;2;;;;;;;;CORPORE;dbo;TTBORCAMENTO;CODTBORCAMENTO;FKDGUIARATCCU_TTBORCAMENTO
FK;CORPORE;dbo;DITEM;TABELA;CODCOLCONTA;1;;;;;;;;CORPORE;dbo;CCONTA;CODCOLIGADA;FKDITEM_CCONTA
FK;CORPORE;dbo;DITEM;TABELA;CODCOLFCFOTERCEIRO;1;;;;;;;;CORPORE;dbo;FCFO;CODCOLIGADA;FKDITEM_FCFO
FK;CORPORE;dbo;DITEM;TABELA;CODCOLIGADA;1;;;;;;;;CORPORE;dbo;GCCUSTO;CODCOLIGADA;FKDITEM_GCCUSTO
FK;CORPORE;dbo;DITEM;TABELA;CODCCUSTO;2;;;;;;;;CORPORE;dbo;GCCUSTO;CODCCUSTO;FKDITEM_GCCUSTO
FK;CORPORE;dbo;DITEM;TABELA;CODCFOTERCEIRO;2;;;;;;;;CORPORE;dbo;FCFO;CODCFO;FKDITEM_FCFO
FK;CORPORE;dbo;DITEM;TABELA;CODCONTA;2;;;;;;;;CORPORE;dbo;CCONTA;CODCONTA;FKDITEM_CCONTA
FK;CORPORE;dbo;DITEMHISTORICO;TABELA;CODCOLCONTA;1;;;;;;;;CORPORE;dbo;CCONTA;CODCOLIGADA;FKDITEMHISTORICO_CCONTA
FK;CORPORE;dbo;DITEMHISTORICO;TABELA;CODCOLFCFOTERCEIRO;1;;;;;;;;CORPORE;dbo;FCFO;CODCOLIGADA;FKDITEMHISTORICO_FCFO
FK;CORPORE;dbo;DITEMHISTORICO;TABELA;CODCOLIGADA;1;;;;;;;;CORPORE;dbo;GCCUSTO;CODCOLIGADA;FKDITEMHISTORICO_GCCUSTO
FK;CORPORE;dbo;DITEMHISTORICO;TABELA;CODCCUSTO;2;;;;;;;;CORPORE;dbo;GCCUSTO;CODCCUSTO;FKDITEMHISTORICO_GCCUSTO
FK;CORPORE;dbo;DITEMHISTORICO;TABELA;CODCFOTERCEIRO;2;;;;;;;;CORPORE;dbo;FCFO;CODCFO;FKDITEMHISTORICO_FCFO
FK;CORPORE;dbo;DITEMHISTORICO;TABELA;CODCONTA;2;;;;;;;;CORPORE;dbo;CCONTA;CODCONTA;FKDITEMHISTORICO_CCONTA
FK;CORPORE;dbo;DITMEVCTRB;TABELA;CODCOLCONTA;1;;;;;;;;CORPORE;dbo;CCONTA;CODCOLIGADA;FKDITMEVCTRB_CCONTA
FK;CORPORE;dbo;DITMEVCTRB;TABELA;CODCOLIGADA;1;;;;;;;;CORPORE;dbo;GCCUSTO;CODCOLIGADA;FKDITMEVCTRB_GCCUSTO
FK;CORPORE;dbo;DITMEVCTRB;TABELA;CODCCUSTO;2;;;;;;;;CORPORE;dbo;GCCUSTO;CODCCUSTO;FKDITMEVCTRB_GCCUSTO
FK;CORPORE;dbo;DITMEVCTRB;TABELA;CODCONTA;2;;;;;;;;CORPORE;dbo;CCONTA;CODCONTA;FKDITMEVCTRB_CCONTA
FK;CORPORE;dbo;DITMEVCTRBCGER;TABELA;CODCOLGERENCIAL;1;;;;;;;;CORPORE;dbo;CGERENCIA;CODCOLIGADA;FKDITMEVCTRBCGER_CGERENCIA
FK;CORPORE;dbo;DITMEVCTRBCGER;TABELA;CODGERENCIAL;2;;;;;;;;CORPORE;dbo;CGERENCIA;CODCONTA;FKDITMEVCTRBCGER_CGERENCIA
FK;CORPORE;dbo;DLAF;TABELA;CODCOLCFO;1;;;;;;;;CORPORE;dbo;FCFO;CODCOLIGADA;FKDLAF_FCFO
FK;CORPORE;dbo;DLAF;TABELA;CODCOLIGADA;1;;;;;;;;CORPORE;dbo;CLOTE;CODCOLIGADA;FKDLAF_CLOTE
FK;CORPORE;dbo;DLAF;TABELA;CODCOLIGADA;1;;;;;;;;CORPORE;dbo;TMOV;CODCOLIGADA;FKDLAF_TMOV
FK;CORPORE;dbo;DLAF;TABELA;CODCOLIGADA;1;;;;;;;;CORPORE;dbo;GCCUSTO;CODCOLIGADA;FKDLAF_GCCUSTO
FK;CORPORE;dbo;DLAF;TABELA;CODCOLIGADA;1;;;;;;;;CORPORE;dbo;GCCUSTO;CODCOLIGADA;FKDLAF_GCCUFIN
FK;CORPORE;dbo;DLAF;TABELA;CODCOLNATFINANCEIRA;1;;;;;;;;CORPORE;dbo;TTBORCAMENTO;CODCOLIGADA;FKDLAF_TTBORCAMENTO
FK;CORPORE;dbo;DLAF;TABELA;CODCCUSTO;2;;;;;;;;CORPORE;dbo;GCCUSTO;CODCCUSTO;FKDLAF_GCCUSTO
FK;CORPORE;dbo;DLAF;TABELA;CODCCUSTOFIN;2;;;;;;;;CORPORE;dbo;GCCUSTO;CODCCUSTO;FKDLAF_GCCUFIN
FK;CORPORE;dbo;DLAF;TABELA;CODLOTESALDUS;2;;;;;;;;CORPORE;dbo;CLOTE;CODLOTE;FKDLAF_CLOTE
FK;CORPORE;dbo;DLAF;TABELA;CODNATFINANCEIRA;2;;;;;;;;CORPORE;dbo;TTBORCAMENTO;CODTBORCAMENTO;FKDLAF_TTBORCAMENTO
FK;CORPORE;dbo;DLAF;TABELA;EMITENTECFO;2;;;;;;;;CORPORE;dbo;FCFO;CODCFO;FKDLAF_FCFO
FK;CORPORE;dbo;DLAF;TABELA;IDMOV;2;;;;;;;;CORPORE;dbo;TMOV;IDMOV;FKDLAF_TMOV
FK;CORPORE;dbo;DLAFHISTORICO;TABELA;CODCOLCFO;1;;;;;;;;CORPORE;dbo;FCFO;CODCOLIGADA;FKDLAFHISTORICO_FCFO
FK;CORPORE;dbo;DLAFHISTORICO;TABELA;CODCOLIGADA;1;;;;;;;;CORPORE;dbo;TMOV;CODCOLIGADA;FKDLAFHISTORICO_TMOV
FK;CORPORE;dbo;DLAFHISTORICO;TABELA;CODCOLIGADA;1;;;;;;;;CORPORE;dbo;GCCUSTO;CODCOLIGADA;FKDLAFHISTORICO_GCCUSTO1
FK;CORPORE;dbo;DLAFHISTORICO;TABELA;CODCOLIGADA;1;;;;;;;;CORPORE;dbo;GCCUSTO;CODCOLIGADA;FKDLAFHISTORICO_GCCUSTO2
FK;CORPORE;dbo;DLAFHISTORICO;TABELA;CODCOLIGADA;1;;;;;;;;CORPORE;dbo;CLOTE;CODCOLIGADA;FKDLAFHISTORICO_CLOTE
FK;CORPORE;dbo;DLAFHISTORICO;TABELA;CODCOLNATFINANCEIRA;1;;;;;;;;CORPORE;dbo;TTBORCAMENTO;CODCOLIGADA;FKDLAFHISTORICO_TTBORCAMENTO
FK;CORPORE;dbo;DLAFHISTORICO;TABELA;CODCCUSTO;2;;;;;;;;CORPORE;dbo;GCCUSTO;CODCCUSTO;FKDLAFHISTORICO_GCCUSTO2
FK;CORPORE;dbo;DLAFHISTORICO;TABELA;CODCCUSTOFIN;2;;;;;;;;CORPORE;dbo;GCCUSTO;CODCCUSTO;FKDLAFHISTORICO_GCCUSTO1
FK;CORPORE;dbo;DLAFHISTORICO;TABELA;CODLOTESALDUS;2;;;;;;;;CORPORE;dbo;CLOTE;CODLOTE;FKDLAFHISTORICO_CLOTE
FK;CORPORE;dbo;DLAFHISTORICO;TABELA;CODNATFINANCEIRA;2;;;;;;;;CORPORE;dbo;TTBORCAMENTO;CODTBORCAMENTO;FKDLAFHISTORICO_TTBORCAMENTO
FK;CORPORE;dbo;DLAFHISTORICO;TABELA;EMITENTECFO;2;;;;;;;;CORPORE;dbo;FCFO;CODCFO;FKDLAFHISTORICO_FCFO
FK;CORPORE;dbo;DLAFHISTORICO;TABELA;IDMOV;2;;;;;;;;CORPORE;dbo;TMOV;IDMOV;FKDLAFHISTORICO_TMOV
FK;CORPORE;dbo;DLAFMOVNOTAEMPENHO;TABELA;CODCOLIGADA;1;;;;;;;;CORPORE;dbo;TMOV;CODCOLIGADA;FKDLAFMOVNOTAEMPENHO_TMOV
FK;CORPORE;dbo;DLAFMOVNOTAEMPENHO;TABELA;IDMOV;2;;;;;;;;CORPORE;dbo;TMOV;IDMOV;FKDLAFMOVNOTAEMPENHO_TMOV
FK;CORPORE;dbo;DLAFMOVNOTAEMPENHOHISTORICO;TABELA;CODCOLIGADA;1;;;;;;;;CORPORE;dbo;TMOV;CODCOLIGADA;FKDLAFMOVNOTAEMPENHOHIST_TMOV
FK;CORPORE;dbo;DLAFMOVNOTAEMPENHOHISTORICO;TABELA;IDMOV;2;;;;;;;;CORPORE;dbo;TMOV;IDMOV;FKDLAFMOVNOTAEMPENHOHIST_TMOV
FK;CORPORE;dbo;DLAFMOVPROCESSOJUD;TABELA;CODCOLIGADA;1;;;;;;;;CORPORE;dbo;TMOV;CODCOLIGADA;FKDLAFMOVPROCESSOJUD_TMOV
FK;CORPORE;dbo;DLAFMOVPROCESSOJUD;TABELA;IDMOV;2;;;;;;;;CORPORE;dbo;TMOV;IDMOV;FKDLAFMOVPROCESSOJUD_TMOV
FK;CORPORE;dbo;DLAFMOVPROCESSOJUDHISTORICO;TABELA;CODCOLIGADA;1;;;;;;;;CORPORE;dbo;TMOV;CODCOLIGADA;FKDLAFMOVPROCJUDHIST_TMOV
FK;CORPORE;dbo;DLAFMOVPROCESSOJUDHISTORICO;TABELA;IDMOV;2;;;;;;;;CORPORE;dbo;TMOV;IDMOV;FKDLAFMOVPROCJUDHIST_TMOV
FK;CORPORE;dbo;DLAFRATCCU;TABELA;CODCOLIGADA;1;;;;;;;;CORPORE;dbo;GCCUSTO;CODCOLIGADA;FKDLAFRATCCU_GCCUSTO
FK;CORPORE;dbo;DLAFRATCCU;TABELA;CODCOLNATFINANCEIRA;1;;;;;;;;CORPORE;dbo;TTBORCAMENTO;CODCOLIGADA;FKDLAFRATCCU_TTBORCAMENTO
FK;CORPORE;dbo;DLAFRATCCU;TABELA;CODCCUSTO;2;;;;;;;;CORPORE;dbo;GCCUSTO;CODCCUSTO;FKDLAFRATCCU_GCCUSTO
FK;CORPORE;dbo;DLAFRATCCU;TABELA;CODNATFINANCEIRA;2;;;;;;;;CORPORE;dbo;TTBORCAMENTO;CODTBORCAMENTO;FKDLAFRATCCU_TTBORCAMENTO
FK;CORPORE;dbo;DLAFRATCCUHISTORICO;TABELA;CODCOLIGADA;1;;;;;;;;CORPORE;dbo;GCCUSTO;CODCOLIGADA;FKDLAFRATCCUHISTORICO_GCCUSTO
FK;CORPORE;dbo;DLAFRATCCUHISTORICO;TABELA;CODCOLNATFINANCEIRA;1;;;;;;;;CORPORE;dbo;TTBORCAMENTO;CODCOLIGADA;FKDLAFRATCCUHISTORICO_TTBORCAM
FK;CORPORE;dbo;DLAFRATCCUHISTORICO;TABELA;CODCCUSTO;2;;;;;;;;CORPORE;dbo;GCCUSTO;CODCCUSTO;FKDLAFRATCCUHISTORICO_GCCUSTO
FK;CORPORE;dbo;DLAFRATCCUHISTORICO;TABELA;CODNATFINANCEIRA;2;;;;;;;;CORPORE;dbo;TTBORCAMENTO;CODTBORCAMENTO;FKDLAFRATCCUHISTORICO_TTBORCAM
FK;CORPORE;dbo;DLAFTRANSP;TABELA;DESTINATARIOCODCOLCFO;1;;;;;;;;CORPORE;dbo;FCFO;CODCOLIGADA;FKDLAFTRANSP_FCFODESTINATARIO
FK;CORPORE;dbo;DLAFTRANSP;TABELA;REMETENTECODCOLCFO;1;;;;;;;;CORPORE;dbo;FCFO;CODCOLIGADA;FKDLAFTRANSP_FCFOREMETENTE
FK;CORPORE;dbo;DLAFTRANSP;TABELA;DESTINATARIOCODCFO;2;;;;;;;;CORPORE;dbo;FCFO;CODCFO;FKDLAFTRANSP_FCFODESTINATARIO
FK;CORPORE;dbo;DLAFTRANSP;TABELA;REMETENTECODCFO;2;;;;;;;;CORPORE;dbo;FCFO;CODCFO;FKDLAFTRANSP_FCFOREMETENTE
FK;CORPORE;dbo;DLAFTRANSPHISTORICO;TABELA;DESTINATARIOCODCOLCFO;1;;;;;;;;CORPORE;dbo;FCFO;CODCOLIGADA;FKDLAFTRANSPHISTORICO_FCFO1
FK;CORPORE;dbo;DLAFTRANSPHISTORICO;TABELA;REMETENTECODCOLCFO;1;;;;;;;;CORPORE;dbo;FCFO;CODCOLIGADA;FKDLAFTRANSPHISTORICO_FCFO2
FK;CORPORE;dbo;DLAFTRANSPHISTORICO;TABELA;DESTINATARIOCODCFO;2;;;;;;;;CORPORE;dbo;FCFO;CODCFO;FKDLAFTRANSPHISTORICO_FCFO1
FK;CORPORE;dbo;DLAFTRANSPHISTORICO;TABELA;REMETENTECODCFO;2;;;;;;;;CORPORE;dbo;FCFO;CODCFO;FKDLAFTRANSPHISTORICO_FCFO2
FK;CORPORE;dbo;DLANCLALURB;TABELA;CODCOLIGADA;1;;;;;;;;CORPORE;dbo;GCCUSTO;CODCOLIGADA;FKDLANCLALURB_GCCUSTO
FK;CORPORE;dbo;DLANCLALURB;TABELA;CODCCUSTO;2;;;;;;;;CORPORE;dbo;GCCUSTO;CODCCUSTO;FKDLANCLALURB_GCCUSTO
FK;CORPORE;dbo;DLOTE;TABELA;CODCOLCFO;1;;;;;;;;CORPORE;dbo;FCFO;CODCOLIGADA;FKDLOTE_FCFO
FK;CORPORE;dbo;DLOTE;TABELA;CODCOLIGADA;1;;;;;;;;CORPORE;dbo;CLOTE;CODCOLIGADA;FKDLOTE_CLOTE
FK;CORPORE;dbo;DLOTE;TABELA;CODCFO;2;;;;;;;;CORPORE;dbo;FCFO;CODCFO;FKDLOTE_FCFO
FK;CORPORE;dbo;DLOTE;TABELA;NUMLOTESALDUS;2;;;;;;;;CORPORE;dbo;CLOTE;CODLOTE;FKDLOTE_CLOTE
FK;CORPORE;dbo;DNATCONT;TABELA;CODCOLCONTA;1;;;;;;;;CORPORE;dbo;CCONTA;CODCOLIGADA;FKDNATCONT_CCONTA
FK;CORPORE;dbo;DNATCONT;TABELA;CODCOLIGADA;1;;;;;;;;CORPORE;dbo;GCCUSTO;CODCOLIGADA;FKDNATCONT_GCCUSTO
FK;CORPORE;dbo;DNATCONT;TABELA;CODCCUSTO;2;;;;;;;;CORPORE;dbo;GCCUSTO;CODCCUSTO;FKDNATCONT_GCCUSTO
FK;CORPORE;dbo;DNATCONT;TABELA;CODCONTA;2;;;;;;;;CORPORE;dbo;CCONTA;CODCONTA;FKDNATCONT_CCONTA
FK;CORPORE;dbo;DNATRAT;TABELA;CODCOLCONTAGER;1;;;;;;;;CORPORE;dbo;CGERENCIA;CODCOLIGADA;FKDNATRAT_CGERENCIA
FK;CORPORE;dbo;DNATRAT;TABELA;CODCONTAGER;2;;;;;;;;CORPORE;dbo;CGERENCIA;CODCONTA;FKDNATRAT_CGERENCIA
FK;CORPORE;dbo;DPARAMETROSEMPRESA;TABELA;CODCOLCFOESTADUAL;1;;;;;;;;CORPORE;dbo;FCFO;CODCOLIGADA;FKDPARAMETROSEMPRESA_FCFOESTAD
FK;CORPORE;dbo;DPARAMETROSEMPRESA;TABELA;CODCOLCFOMUNICIPAL;1;;;;;;;;CORPORE;dbo;FCFO;CODCOLIGADA;FKDPARAMETROSEMPRESA_FCFOMUNIC
FK;CORPORE;dbo;DPARAMETROSEMPRESA;TABELA;CODCFOESTADUAL;2;;;;;;;;CORPORE;dbo;FCFO;CODCFO;FKDPARAMETROSEMPRESA_FCFOESTAD
FK;CORPORE;dbo;DPARAMETROSEMPRESA;TABELA;CODCFOMUNICIPAL;2;;;;;;;;CORPORE;dbo;FCFO;CODCFO;FKDPARAMETROSEMPRESA_FCFOMUNIC
FK;CORPORE;dbo;DPERIODOCCUSTO;TABELA;CODCOLIGADA;1;;;;;;;;CORPORE;dbo;GCCUSTO;CODCOLIGADA;FKDPERIODOCCUSTO_GCCUSTO
FK;CORPORE;dbo;DPERIODOCCUSTO;TABELA;CODCCUSTO;2;;;;;;;;CORPORE;dbo;GCCUSTO;CODCCUSTO;FKDPERIODOCCUSTO_GCCUSTO
FK;CORPORE;dbo;DPROCESSOJUDICIAL;TABELA;CODCOLCFO;1;;;;;;;;CORPORE;dbo;FCFO;CODCOLIGADA;FKDPROCESSOJUDICIAL_FCFO
FK;CORPORE;dbo;DPROCESSOJUDICIAL;TABELA;CODCFO;2;;;;;;;;CORPORE;dbo;FCFO;CODCFO;FKDPROCESSOJUDICIAL_FCFO
FK;CORPORE;dbo;DREGRATRIBUTARIACFO;TABELA;CODCOLCFO;1;;;;;;;;CORPORE;dbo;FCFO;CODCOLIGADA;FKDREGRATRIBUTARIACFO_FCFO
FK;CORPORE;dbo;DREGRATRIBUTARIACFO;TABELA;CODCFO;2;;;;;;;;CORPORE;dbo;FCFO;CODCFO;FKDREGRATRIBUTARIACFO_FCFO
FK;CORPORE;dbo;DTRBCONT;TABELA;CODCOLCONTA;1;;;;;;;;CORPORE;dbo;CCONTA;CODCOLIGADA;FKDTRBCONT_CCONTA
FK;CORPORE;dbo;DTRBCONT;TABELA;CODCOLIGADA;1;;;;;;;;CORPORE;dbo;GCCUSTO;CODCOLIGADA;FKDTRBCONT_GCCUSTO
FK;CORPORE;dbo;DTRBCONT;TABELA;CODCCUSTO;2;;;;;;;;CORPORE;dbo;GCCUSTO;CODCCUSTO;FKDTRBCONT_GCCUSTO
FK;CORPORE;dbo;DTRBCONT;TABELA;CODCONTA;2;;;;;;;;CORPORE;dbo;CCONTA;CODCONTA;FKDTRBCONT_CCONTA
FK;CORPORE;dbo;DTRBLAF;TABELA;CODCOLCFO;1;;;;;;;;CORPORE;dbo;FCFO;CODCOLIGADA;FKDTRBLAF_FCFO
FK;CORPORE;dbo;DTRBLAF;TABELA;CODCFO;2;;;;;;;;CORPORE;dbo;FCFO;CODCFO;FKDTRBLAF_FCFO
FK;CORPORE;dbo;DTRBLAFHISTORICO;TABELA;CODCOLCFO;1;;;;;;;;CORPORE;dbo;FCFO;CODCOLIGADA;FKDTRBLAFHISTORICO_FCFO
FK;CORPORE;dbo;DTRBLAFHISTORICO;TABELA;CODCFO;2;;;;;;;;CORPORE;dbo;FCFO;CODCFO;FKDTRBLAFHISTORICO_FCFO
FK;CORPORE;dbo;DTRBRAT;TABELA;CODCOLCONTAGER;1;;;;;;;;CORPORE;dbo;CGERENCIA;CODCOLIGADA;FKDTRBRAT_CGERENCIA
FK;CORPORE;dbo;DTRBRAT;TABELA;CODCONTAGER;2;;;;;;;;CORPORE;dbo;CGERENCIA;CODCONTA;FKDTRBRAT_CGERENCIA
FK;CORPORE;dbo;DTRIBUTO;TABELA;CODCOLTBORCAMENTO;1;;;;;;;;CORPORE;dbo;TTBORCAMENTO;CODCOLIGADA;FKDTRIBUTO_TTBORCAMENTO
FK;CORPORE;dbo;DTRIBUTO;TABELA;CODTBORCAMENTO;2;;;;;;;;CORPORE;dbo;TTBORCAMENTO;CODTBORCAMENTO;FKDTRIBUTO_TTBORCAMENTO
FK;CORPORE;dbo;EALUBOLSA;TABELA;USUARIOCANCELAMENTO;1;;;;;;;;CORPORE;dbo;GUSUARIO;CODUSUARIO;FKEALUBOLSA_GUSUARIOCANCEL
FK;CORPORE;dbo;EALUBOLSA;TABELA;USUARIOINCLUSAO;1;;;;;;;;CORPORE;dbo;GUSUARIO;CODUSUARIO;FKEALUBOLSA_GUSUARIOINCLUSAO
FK;CORPORE;dbo;EALUNOS;TABELA;CODCOLRESPONS;1;;;;;;;;CORPORE;dbo;FCFO;CODCOLIGADA;FKEALUNOSRESPONS_FCFO
FK;CORPORE;dbo;EALUNOS;TABELA;CODPESSOA;1;;;;;;;;CORPORE;dbo;PPESSOA;CODIGO;FKEALUNOS_PPESSOA
FK;CORPORE;dbo;EALUNOS;TABELA;CODUSUARIO;1;;;;;;;;CORPORE;dbo;GUSUARIO;CODUSUARIO;FKEALUNOS_GUSUARIO
FK;CORPORE;dbo;EALUNOS;TABELA;MAE;1;;;;;;;;CORPORE;dbo;PPESSOA;CODIGO;FKEALUNOSMAE_PPESSOA
FK;CORPORE;dbo;EALUNOS;TABELA;PAI;1;;;;;;;;CORPORE;dbo;PPESSOA;CODIGO;FKEALUNOSPAI_PPESSOA
FK;CORPORE;dbo;EALUNOS;TABELA;RESPACAD;1;;;;;;;;CORPORE;dbo;PPESSOA;CODIGO;FKEALUNOSRESPACAD_PPESSOA
FK;CORPORE;dbo;EALUNOS;TABELA;RESPONS;2;;;;;;;;CORPORE;dbo;FCFO;CODCFO;FKEALUNOSRESPONS_FCFO
FK;CORPORE;dbo;EATENDIMENTO;TABELA;CODPESSOA;1;;;;;;;;CORPORE;dbo;PPESSOA;CODIGO;FKEATENDIMENTO_PPESSOA
FK;CORPORE;dbo;EFLANTMOV;TABELA;CODCOLIGADA;1;;;;;;;;CORPORE;dbo;TMOV;CODCOLIGADA;FKEFLANTMOV_TMOV
FK;CORPORE;dbo;EFLANTMOV;TABELA;IDMOV;2;;;;;;;;CORPORE;dbo;TMOV;IDMOV;FKEFLANTMOV_TMOV
FK;CORPORE;dbo;ELISTAPRESENCA;TABELA;USUARIO;1;;;;;;;;CORPORE;dbo;GUSUARIO;CODUSUARIO;FKELISTAPRESENCA_GUSUARIO
FK;CORPORE;dbo;ELISTAPRESENCATURMISTA;TABELA;USUARIO;1;;;;;;;;CORPORE;dbo;GUSUARIO;CODUSUARIO;FKELISTAPRESTURMISTA_GUSUARIO
FK;CORPORE;dbo;EPROFES;TABELA;CODPESSOA;1;;;;;;;;CORPORE;dbo;PPESSOA;CODIGO;FKEPROFES_PPESSOA
FK;CORPORE;dbo;EPROFES;TABELA;CODUSUARIO;1;;;;;;;;CORPORE;dbo;GUSUARIO;CODUSUARIO;FKEPROFES_GUSUARIO
FK;CORPORE;dbo;ETURMISTA;TABELA;CODCOLIGADA;1;;;;;;;;CORPORE;dbo;GCCUSTO;CODCOLIGADA;FKETURMISTA_GCCUSTO
FK;CORPORE;dbo;ETURMISTA;TABELA;CODCCUSTO;2;;;;;;;;CORPORE;dbo;GCCUSTO;CODCCUSTO;FKETURMISTA_GCCUSTO
FK;CORPORE;dbo;EUSUARIOS;TABELA;CODUSUARIO;1;;;;;;;;CORPORE;dbo;GUSUARIO;CODUSUARIO;FKEUSUARIOS_GUSUARIO
FK;CORPORE;dbo;EWEBMATERIALPROF;TABELA;CODUSRAUTOR;1;;;;;;;;CORPORE;dbo;GUSUARIO;CODUSUARIO;FKEWEBMATERIALPROF_GUSUARIO
FK;CORPORE;dbo;EWEBMATERIALSEC;TABELA;CODUSRAUTOR;1;;;;;;;;CORPORE;dbo;GUSUARIO;CODUSUARIO;FKEWEBMATERIALSEC_GUSUARIO
FK;CORPORE;dbo;FACORDO;TABELA;CODCOLCFO;1;;;;;;;;CORPORE;dbo;FCFO;CODCOLIGADA;FKFACORDO_FCFO
FK;CORPORE;dbo;FACORDO;TABELA;CODCFO;2;;;;;;;;CORPORE;dbo;FCFO;CODCFO;FKFACORDO_FCFO
FK;CORPORE;dbo;FBOLETO;TABELA;CODCOLSACADO;1;;;;;;;;CORPORE;dbo;FCFO;CODCOLIGADA;FKFBOLETO_FCFO
FK;CORPORE;dbo;FBOLETO;TABELA;SACADO;2;;;;;;;;CORPORE;dbo;FCFO;CODCFO;FKFBOLETO_FCFO
FK;CORPORE;dbo;FBORDERO;TABELA;CODUSUARIO;1;;;;;;;;CORPORE;dbo;GUSUARIO;CODUSUARIO;FKFBORDERO_GUSUARIO
FK;CORPORE;dbo;FBORDERO;TABELA;CODUSUARIOAUTZ;1;;;;;;;;CORPORE;dbo;GUSUARIO;CODUSUARIO;FKFBORDERO_GUSUARIO1
FK;CORPORE;dbo;FCARTEIRADIGITAL;TABELA;CODUSUARIO;1;;;;;;;;CORPORE;dbo;GUSUARIO;CODUSUARIO;FKFCARTEIRADIGITAL_GUSUARIO
FK;CORPORE;dbo;FCENARIOFLXCXITEM;TABELA;CODCOLIGADA;1;;;;;;;;CORPORE;dbo;GCCUSTO;CODCOLIGADA;FKFCENARIOFLXCXITEM_GCCUSTO
FK;CORPORE;dbo;FCENARIOFLXCXITEM;TABELA;CODCCUSTO;2;;;;;;;;CORPORE;dbo;GCCUSTO;CODCCUSTO;FKFCENARIOFLXCXITEM_GCCUSTO
FK;CORPORE;dbo;FCFO;TABELA;CODCFOCOLINTEGRACAO;1;;;;;;;;CORPORE;dbo;FCFO;CODCOLIGADA;FKFCFO_FCFOINTEGRACAO
FK;CORPORE;dbo;FCFO;TABELA;CODCOLCFOFISCAL;1;;;;;;;;CORPORE;dbo;DCFOFISCAL;CODCOLIGADA;FKFCFO_DCFOFISCAL
FK;CORPORE;dbo;FCFO;TABELA;CODCOLCHAVESESTRANG;1;;;;;;;;CORPORE;dbo;TVEN;CODCOLIGADA;FKFCFO_TVEN
FK;CORPORE;dbo;FCFO;TABELA;CODCOLCHAVESESTRANG;1;;;;;;;;CORPORE;dbo;TTRA;CODCOLIGADA;FKFCFO_TTRA
FK;CORPORE;dbo;FCFO;TABELA;CODCOLCONTAGER;1;;;;;;;;CORPORE;dbo;CGERENCIA;CODCOLIGADA;FKFCFO_CGERENCIA
FK;CORPORE;dbo;FCFO;TABELA;CODCOLFORMULA;1;;;;;;;;CORPORE;dbo;GFORMULA;CODCOLIGADA;FKFCFO_GFORMULA
FK;CORPORE;dbo;FCFO;TABELA;CODCOLIGADA;1;;;;;;;;CORPORE;dbo;GCOLIGADA;CODCOLIGADA;FKFCFO_GCOLIGADA
FK;CORPORE;dbo;FCFO;TABELA;CODCOLTCF;1;;;;;;;;CORPORE;dbo;FTCF;CODCOLIGADA;FKFCFO_FTCF
FK;CORPORE;dbo;FCFO;TABELA;CODETD;1;;;;;;;;CORPORE;dbo;GETD;CODETD;FKFCFO_GETD
FK;CORPORE;dbo;FCFO;TABELA;CODETDENTREGA;1;;;;;;;;CORPORE;dbo;GETD;CODETD;FKFCFO_GETDENT
FK;CORPORE;dbo;FCFO;TABELA;CODETDPGTO;1;;;;;;;;CORPORE;dbo;GETD;CODETD;FKFCFO_GETDPGT
FK;CORPORE;dbo;FCFO;TABELA;CODRECEITA;1;;;;;;;;CORPORE;dbo;FIRRF;CODRECEITA;FKFCFO_FIRRF
FK;CORPORE;dbo;FCFO;TABELA;CODUSUARIOACESSO;1;;;;;;;;CORPORE;dbo;GUSUARIO;CODUSUARIO;FKFCFO_GUSUARIO
FK;CORPORE;dbo;FCFO;TABELA;IDNATRENDIMENTO;1;;;;;;;;CORPORE;dbo;DNATUREZARENDIMENTO;IDNATRENDIMENTO;FKFCFO_DNATUREZARENDIMENTO
FK;CORPORE;dbo;FCFO;TABELA;IDPAIS;1;;;;;;;;CORPORE;dbo;GPAIS;IDPAIS;FKFCFO_GPAIS
FK;CORPORE;dbo;FCFO;TABELA;IDPAISENTREGA;1;;;;;;;;CORPORE;dbo;GPAIS;IDPAIS;FKFCFO_GPAISENTREGA
FK;CORPORE;dbo;FCFO;TABELA;IDPAISPGTO;1;;;;;;;;CORPORE;dbo;GPAIS;IDPAIS;FKFCFO_GPAISPGTO
FK;CORPORE;dbo;FCFO;TABELA;SIMBMOEDAINDEX;1;;;;;;;;CORPORE;dbo;GMOEDA;SIMBOLO;FKFCFO_MOE
FK;CORPORE;dbo;FCFO;TABELA;TIPOBAIRRO;1;;;;;;;;CORPORE;dbo;DTIPOBAIRRO;CODIGO;FKFCFO_DTIPOBAIRRO
FK;CORPORE;dbo;FCFO;TABELA;TIPOBAIRROENTREGA;1;;;;;;;;CORPORE;dbo;DTIPOBAIRRO;CODIGO;FKFCFO_DTIPOBAIRROENTREGA
FK;CORPORE;dbo;FCFO;TABELA;TIPOBAIRROPGTO;1;;;;;;;;CORPORE;dbo;DTIPOBAIRRO;CODIGO;FKFCFO_DTIPOBAIRROPGTO
FK;CORPORE;dbo;FCFO;TABELA;TIPORUA;1;;;;;;;;CORPORE;dbo;DTIPORUA;CODIGO;FKFCFO_DTIPORUA
FK;CORPORE;dbo;FCFO;TABELA;TIPORUAENTREGA;1;;;;;;;;CORPORE;dbo;DTIPORUA;CODIGO;FKFCFO_DTIPORUAENTREGA
FK;CORPORE;dbo;FCFO;TABELA;TIPORUAPGTO;1;;;;;;;;CORPORE;dbo;DTIPORUA;CODIGO;FKFCFO_DTIPORUAPGTO
FK;CORPORE;dbo;FCFO;TABELA;APLICFORMULA;2;;;;;;;;CORPORE;dbo;GFORMULA;APLICACAO;FKFCFO_GFORMULA
FK;CORPORE;dbo;FCFO;TABELA;CHAPA;2;;;;;;;;CORPORE;dbo;TVEN;CODVEN;FKFCFO_TVEN
FK;CORPORE;dbo;FCFO;TABELA;CODCFOINTEGRACAO;2;;;;;;;;CORPORE;dbo;FCFO;CODCFO;FKFCFO_FCFOINTEGRACAO
FK;CORPORE;dbo;FCFO;TABELA;CODCONTAGER;2;;;;;;;;CORPORE;dbo;CGERENCIA;CODCONTA;FKFCFO_CGERENCIA
FK;CORPORE;dbo;FCFO;TABELA;CODTCF;2;;;;;;;;CORPORE;dbo;FTCF;CODTCF;FKFCFO_FTCF
FK;CORPORE;dbo;FCFO;TABELA;CODTRA;2;;;;;;;;CORPORE;dbo;TTRA;CODTRA;FKFCFO_TTRA
FK;CORPORE;dbo;FCFO;TABELA;IDCFOFISCAL;2;;;;;;;;CORPORE;dbo;DCFOFISCAL;IDCFOFISCAL;FKFCFO_DCFOFISCAL
FK;CORPORE;dbo;FCFO;TABELA;FORMULAVALDEDUCAOVARIAVEL;3;;;;;;;;CORPORE;dbo;GFORMULA;CODIGO;FKFCFO_GFORMULA
FK;CORPORE;dbo;FCFOCEI;TABELA;CODCOLIGADA;1;;;;;;;;CORPORE;dbo;FCFO;CODCOLIGADA;FKFCFOCEI_FCFO
FK;CORPORE;dbo;FCFOCEI;TABELA;CODCFO;2;;;;;;;;CORPORE;dbo;FCFO;CODCFO;FKFCFOCEI_FCFO
FK;CORPORE;dbo;FCFOCOMPL;TABELA;CODCOLIGADA;1;;;;;;;;CORPORE;dbo;FCFO;CODCOLIGADA;FKFCFOCOMPL_FCFO
FK;CORPORE;dbo;FCFOCOMPL;TABELA;CODCFO;2;;;;;;;;CORPORE;dbo;FCFO;CODCFO;FKFCFOCOMPL_FCFO
FK;CORPORE;dbo;FCFOCONT;TABELA;CODCOLCFO;1;;;;;;;;CORPORE;dbo;FCFO;CODCOLIGADA;FKFCFOCONT_FCFO
FK;CORPORE;dbo;FCFOCONT;TABELA;CODCOLCONTA;1;;;;;;;;CORPORE;dbo;CCONTA;CODCOLIGADA;FKFCFOCONT_CCONTA
FK;CORPORE;dbo;FCFOCONT;TABELA;CODCOLIGADA;1;;;;;;;;CORPORE;dbo;GCCUSTO;CODCOLIGADA;FKFCFOCONT_GCCUSTO
FK;CORPORE;dbo;FCFOCONT;TABELA;CODCCUSTO;2;;;;;;;;CORPORE;dbo;GCCUSTO;CODCCUSTO;FKFCFOCONT_GCCUSTO
FK;CORPORE;dbo;FCFOCONT;TABELA;CODCFO;2;;;;;;;;CORPORE;dbo;FCFO;CODCFO;FKFCFOCONT_FCFO
FK;CORPORE;dbo;FCFOCONT;TABELA;CODCONTA;2;;;;;;;;CORPORE;dbo;CCONTA;CODCONTA;FKFCFOCONT_CCONTA
FK;CORPORE;dbo;FCFOCONTATO;TABELA;CODCOLIGADA;1;;;;;;;;CORPORE;dbo;FCFO;CODCOLIGADA;FKFCFOCONTATO_FCFO
FK;CORPORE;dbo;FCFOCONTATO;TABELA;CODUSUARIO;1;;;;;;;;CORPORE;dbo;GUSUARIO;CODUSUARIO;FKFCFOCONTATO_GUSUARIO
FK;CORPORE;dbo;FCFOCONTATO;TABELA;CODUSUARIOACESSO;1;;;;;;;;CORPORE;dbo;GUSUARIO;CODUSUARIO;FKFCFOCONTATOCUSRACE_GUSUARIO
FK;CORPORE;dbo;FCFOCONTATO;TABELA;CODCFO;2;;;;;;;;CORPORE;dbo;FCFO;CODCFO;FKFCFOCONTATO_FCFO
FK;CORPORE;dbo;FCFODEF;TABELA;CODCOLCFO;1;;;;;;;;CORPORE;dbo;FCFO;CODCOLIGADA;FKFCFODEF_FCFO
FK;CORPORE;dbo;FCFODEF;TABELA;CODCOLIGADA;1;;;;;;;;CORPORE;dbo;GCCUSTO;CODCOLIGADA;FKFCFODEF_GCCUSTO
FK;CORPORE;dbo;FCFODEF;TABELA;CODCCUSTO;2;;;;;;;;CORPORE;dbo;GCCUSTO;CODCCUSTO;FKFCFODEF_GCCUSTO
FK;CORPORE;dbo;FCFODEF;TABELA;CODCFO;2;;;;;;;;CORPORE;dbo;FCFO;CODCFO;FKFCFODEF_FCFO
FK;CORPORE;dbo;FCFODEPENDENTE;TABELA;CODCOLCFO;1;;;;;;;;CORPORE;dbo;FCFO;CODCOLIGADA;FKFCFODEPENDENTE_FCFO
FK;CORPORE;dbo;FCFODEPENDENTE;TABELA;CODCFO;2;;;;;;;;CORPORE;dbo;FCFO;CODCFO;FKFCFODEPENDENTE_FCFO
FK;CORPORE;dbo;FCFOHISTORICO;TABELA;CODCOLIGADA;1;;;;;;;;CORPORE;dbo;FCFO;CODCOLIGADA;FKFCFOHISTORICO_FCFO
FK;CORPORE;dbo;FCFOHISTORICO;TABELA;CODCFO;2;;;;;;;;CORPORE;dbo;FCFO;CODCFO;FKFCFOHISTORICO_FCFO
FK;CORPORE;dbo;FCFOINSCST;TABELA;CODCOLIGADA;1;;;;;;;;CORPORE;dbo;FCFO;CODCOLIGADA;FKFCFOINSCST_FCFO
FK;CORPORE;dbo;FCFOINSCST;TABELA;CODCFO;2;;;;;;;;CORPORE;dbo;FCFO;CODCFO;FKFCFOINSCST_FCFO
FK;CORPORE;dbo;FCFOLOG;TABELA;CODCOLIGADA;1;;;;;;;;CORPORE;dbo;FCFO;CODCOLIGADA;FKFCFOLOG_FCFO
FK;CORPORE;dbo;FCFOLOG;TABELA;CODCFO;2;;;;;;;;CORPORE;dbo;FCFO;CODCFO;FKFCFOLOG_FCFO
FK;CORPORE;dbo;FCFOPPESSOA;TABELA;CODCOLCFO;1;;;;;;;;CORPORE;dbo;FCFO;CODCOLIGADA;FKFCFOPPESSOA_FCFO
FK;CORPORE;dbo;FCFOPPESSOA;TABELA;CODPESSOA;1;;;;;;;;CORPORE;dbo;PPESSOA;CODIGO;FKFCFOPPESSOA_PPESSOA
FK;CORPORE;dbo;FCFOPPESSOA;TABELA;CODCFO;2;;;;;;;;CORPORE;dbo;FCFO;CODCFO;FKFCFOPPESSOA_FCFO
FK;CORPORE;dbo;FCFOPT;TABELA;CODCOLIGADA;1;;;;;;;;CORPORE;dbo;FCFO;CODCOLIGADA;FKFCFOPT_FCFO
FK;CORPORE;dbo;FCFOPT;TABELA;CODCFO;2;;;;;;;;CORPORE;dbo;FCFO;CODCFO;FKFCFOPT_FCFO
FK;CORPORE;dbo;FCFORAT;TABELA;CODCOLCONTA;1;;;;;;;;CORPORE;dbo;CCONTA;CODCOLIGADA;FKFCFORAT_CCONTA
FK;CORPORE;dbo;FCFORAT;TABELA;CODCOLCONTAGER;1;;;;;;;;CORPORE;dbo;CGERENCIA;CODCOLIGADA;FKFCFORAT_CGERENCIA
FK;CORPORE;dbo;FCFORAT;TABELA;CODCONTA;2;;;;;;;;CORPORE;dbo;CCONTA;CODCONTA;FKFCFORAT_CCONTA
FK;CORPORE;dbo;FCFORAT;TABELA;CODCONTAGER;2;;;;;;;;CORPORE;dbo;CGERENCIA;CODCONTA;FKFCFORAT_CGERENCIA
FK;CORPORE;dbo;FCFORATCCU;TABELA;CODCOLCFO;1;;;;;;;;CORPORE;dbo;FCFO;CODCOLIGADA;FKFCFORATCCU_FCFO
FK;CORPORE;dbo;FCFORATCCU;TABELA;CODCOLIGADA;1;;;;;;;;CORPORE;dbo;GCCUSTO;CODCOLIGADA;FKFCFORATCCU_GCCUSTO
FK;CORPORE;dbo;FCFORATCCU;TABELA;CODCOLNATFINANCEIRA;1;;;;;;;;CORPORE;dbo;TTBORCAMENTO;CODCOLIGADA;FKFCFORATCCU_TTBORCAMENTO
FK;CORPORE;dbo;FCFORATCCU;TABELA;CODCCUSTO;2;;;;;;;;CORPORE;dbo;GCCUSTO;CODCCUSTO;FKFCFORATCCU_GCCUSTO
FK;CORPORE;dbo;FCFORATCCU;TABELA;CODCFO;2;;;;;;;;CORPORE;dbo;FCFO;CODCFO;FKFCFORATCCU_FCFO
FK;CORPORE;dbo;FCFORATCCU;TABELA;CODNATFINANCEIRA;2;;;;;;;;CORPORE;dbo;TTBORCAMENTO;CODTBORCAMENTO;FKFCFORATCCU_TTBORCAMENTO
FK;CORPORE;dbo;FCFORATDEP;TABELA;CODCOLCFO;1;;;;;;;;CORPORE;dbo;FCFO;CODCOLIGADA;FKFCFORATDEP_FCFO
FK;CORPORE;dbo;FCFORATDEP;TABELA;CODCFO;2;;;;;;;;CORPORE;dbo;FCFO;CODCFO;FKFCFORATDEP_FCFO
FK;CORPORE;dbo;FCFOREDESOCIAL;TABELA;CODCOLIGADA;1;;;;;;;;CORPORE;dbo;FCFO;CODCOLIGADA;FKFCFOREDESOCIAL_FCFO
FK;CORPORE;dbo;FCFOREDESOCIAL;TABELA;CODCFO;2;;;;;;;;CORPORE;dbo;FCFO;CODCFO;FKFCFOREDESOCIAL_FCFO
FK;CORPORE;dbo;FCFOREL;TABELA;CODCOLDETALHE;1;;;;;;;;CORPORE;dbo;FCFO;CODCOLIGADA;FKFCFOREL
FK;CORPORE;dbo;FCFOREL;TABELA;CODCOLMESTRE;1;;;;;;;;CORPORE;dbo;FCFO;CODCOLIGADA;FKFCFOREL_FCFO
FK;CORPORE;dbo;FCFOREL;TABELA;CODCFODETALHE;2;;;;;;;;CORPORE;dbo;FCFO;CODCFO;FKFCFOREL
FK;CORPORE;dbo;FCFOREL;TABELA;CODCFOMESTRE;2;;;;;;;;CORPORE;dbo;FCFO;CODCFO;FKFCFOREL_FCFO
FK;CORPORE;dbo;FCHEQUEPROCESSO;TABELA;CODUSUARIO;1;;;;;;;;CORPORE;dbo;GUSUARIO;CODUSUARIO;FKFCHEQUEPROCESSO_GUSUARIO
FK;CORPORE;dbo;FCONTRATO;TABELA;CODCOLCFO;1;;;;;;;;CORPORE;dbo;FCFO;CODCOLIGADA;FKFCONTRATO_FCFO
FK;CORPORE;dbo;FCONTRATO;TABELA;CODCFO;2;;;;;;;;CORPORE;dbo;FCFO;CODCFO;FKFCONTRATO_FCFO
FK;CORPORE;dbo;FCXACONT;TABELA;CODCOLCONTA;1;;;;;;;;CORPORE;dbo;CCONTA;CODCOLIGADA;FKFCXACONT_CCONTA
FK;CORPORE;dbo;FCXACONT;TABELA;CODCOLPROP;1;;;;;;;;CORPORE;dbo;GCCUSTO;CODCOLIGADA;FKFCXACONT_GCCUSTO
FK;CORPORE;dbo;FCXACONT;TABELA;CODCCUSTO;2;;;;;;;;CORPORE;dbo;GCCUSTO;CODCCUSTO;FKFCXACONT_GCCUSTO
FK;CORPORE;dbo;FCXACONT;TABELA;CODCONTA;2;;;;;;;;CORPORE;dbo;CCONTA;CODCONTA;FKFCXACONT_CCONTA
FK;CORPORE;dbo;FCXADEF;TABELA;CODCOLIGADA;1;;;;;;;;CORPORE;dbo;GCCUSTO;CODCOLIGADA;FKFCXADEF_GCCUSTO
FK;CORPORE;dbo;FCXADEF;TABELA;CODCCUSTO;2;;;;;;;;CORPORE;dbo;GCCUSTO;CODCCUSTO;FKFCXADEF_GCCUSTO
FK;CORPORE;dbo;FCXARAT;TABELA;CODCOLCONTA;1;;;;;;;;CORPORE;dbo;CCONTA;CODCOLIGADA;FKFCXARAT_CCONTA
FK;CORPORE;dbo;FCXARAT;TABELA;CODCOLCONTAGER;1;;;;;;;;CORPORE;dbo;CGERENCIA;CODCOLIGADA;FKFCXARAT_CGERENCIA
FK;CORPORE;dbo;FCXARAT;TABELA;CODCONTA;2;;;;;;;;CORPORE;dbo;CCONTA;CODCONTA;FKFCXARAT_CCONTA
FK;CORPORE;dbo;FCXARAT;TABELA;CODCONTAGER;2;;;;;;;;CORPORE;dbo;CGERENCIA;CODCONTA;FKFCXARAT_CGERENCIA
FK;CORPORE;dbo;FDADOSPGTO;TABELA;CODCOLCFO;1;;;;;;;;CORPORE;dbo;FCFO;CODCOLIGADA;FKFDADOSPGTO_FCFO
FK;CORPORE;dbo;FDADOSPGTO;TABELA;CODCFO;2;;;;;;;;CORPORE;dbo;FCFO;CODCFO;FKFDADOSPGTO_FCFO
FK;CORPORE;dbo;FDADOSREPASSE;TABELA;CODCOLCFO;1;;;;;;;;CORPORE;dbo;FCFO;CODCOLIGADA;FKFDADOSREPASSE_FCFO
FK;CORPORE;dbo;FDADOSREPASSE;TABELA;USUARIO;1;;;;;;;;CORPORE;dbo;GUSUARIO;CODUSUARIO;FKFDADOSREPASSE_GUSUARIO
FK;CORPORE;dbo;FDADOSREPASSE;TABELA;CODCFO;2;;;;;;;;CORPORE;dbo;FCFO;CODCFO;FKFDADOSREPASSE_FCFO
FK;CORPORE;dbo;FEMPRESTIMO;TABELA;CODCOLCFO;1;;;;;;;;CORPORE;dbo;FCFO;CODCOLIGADA;FKFEMPRESTIMO_FCFO
FK;CORPORE;dbo;FEMPRESTIMO;TABELA;CODCFO;2;;;;;;;;CORPORE;dbo;FCFO;CODCFO;FKFEMPRESTIMO_FCFO
FK;CORPORE;dbo;FFAT;TABELA;CODCOLCFO;1;;;;;;;;CORPORE;dbo;FCFO;CODCOLIGADA;FKFFAT_FCFO
FK;CORPORE;dbo;FFAT;TABELA;CODCOLIGADA;1;;;;;;;;CORPORE;dbo;TMOV;CODCOLIGADA;FKFFAT_TMOV
FK;CORPORE;dbo;FFAT;TABELA;CODCFO;2;;;;;;;;CORPORE;dbo;FCFO;CODCFO;FKFFAT_FCFO
FK;CORPORE;dbo;FFAT;TABELA;IDMOV;2;;;;;;;;CORPORE;dbo;TMOV;IDMOV;FKFFAT_TMOV
FK;CORPORE;dbo;FFATCONT;TABELA;CODCOLIGADA;1;;;;;;;;CORPORE;dbo;GCCUSTO;CODCOLIGADA;FKFFATCONT_GCCUSTO
FK;CORPORE;dbo;FFATCONT;TABELA;CODCOLIGADA;1;;;;;;;;CORPORE;dbo;CCONTA;CODCOLIGADA;FKFFATCONT_CCONTA
FK;CORPORE;dbo;FFATCONT;TABELA;CODCCUSTO;2;;;;;;;;CORPORE;dbo;GCCUSTO;CODCCUSTO;FKFFATCONT_GCCUSTO
FK;CORPORE;dbo;FFATCONT;TABELA;CODCONTA;2;;;;;;;;CORPORE;dbo;CCONTA;CODCONTA;FKFFATCONT_CCONTA
FK;CORPORE;dbo;FFATCONTRAT;TABELA;CODCOLCONTAGER;1;;;;;;;;CORPORE;dbo;CGERENCIA;CODCOLIGADA;FKFFATCONTRAT_CGERENCIA
FK;CORPORE;dbo;FFATCONTRAT;TABELA;CODCONTAGER;2;;;;;;;;CORPORE;dbo;CGERENCIA;CODCONTA;FKFFATCONTRAT_CGERENCIA
FK;CORPORE;dbo;FISENTOCT;TABELA;CODCOLIGADA;1;;;;;;;;CORPORE;dbo;FCFO;CODCOLIGADA;FKFISENTOCT_FCFO
FK;CORPORE;dbo;FISENTOCT;TABELA;CODCFO;2;;;;;;;;CORPORE;dbo;FCFO;CODCFO;FKFISENTOCT_FCFO
FK;CORPORE;dbo;FLAN;TABELA;CODCOLCFO;1;;;;;;;;CORPORE;dbo;FCFO;CODCOLIGADA;FKFLAN_FCFO
FK;CORPORE;dbo;FLAN;TABELA;CODCOLCFOORIGEM;1;;;;;;;;CORPORE;dbo;FCFO;CODCOLIGADA;FKFLAN_FCFOORIGEM
FK;CORPORE;dbo;FLAN;TABELA;CODCOLIGADA;1;;;;;;;;CORPORE;dbo;TMOV;CODCOLIGADA;FKFLAN_TMOV
FK;CORPORE;dbo;FLAN;TABELA;CODCOLIGADA;1;;;;;;;;CORPORE;dbo;GCCUSTO;CODCOLIGADA;FKFLAN_GCCUSTO
FK;CORPORE;dbo;FLAN;TABELA;CODCOLTOMADOR;1;;;;;;;;CORPORE;dbo;FCFO;CODCOLIGADA;FKFLAN_FCFO2
FK;CORPORE;dbo;FLAN;TABELA;CODCCUSTO;2;;;;;;;;CORPORE;dbo;GCCUSTO;CODCCUSTO;FKFLAN_GCCUSTO
FK;CORPORE;dbo;FLAN;TABELA;CODCFO;2;;;;;;;;CORPORE;dbo;FCFO;CODCFO;FKFLAN_FCFO
FK;CORPORE;dbo;FLAN;TABELA;CODCFOORIGEM;2;;;;;;;;CORPORE;dbo;FCFO;CODCFO;FKFLAN_FCFOORIGEM
FK;CORPORE;dbo;FLAN;TABELA;CODTOMADOR;2;;;;;;;;CORPORE;dbo;FCFO;CODCFO;FKFLAN_FCFO2
FK;CORPORE;dbo;FLAN;TABELA;IDMOV;2;;;;;;;;CORPORE;dbo;TMOV;IDMOV;FKFLAN_TMOV
FK;CORPORE;dbo;FLANBAIXA;TABELA;CODCOLIGADA;1;;;;;;;;CORPORE;dbo;GCCUSTO;CODCOLIGADA;FKFLANBAIXA_GCCUSTO
FK;CORPORE;dbo;FLANBAIXA;TABELA;USUARIO;1;;;;;;;;CORPORE;dbo;GUSUARIO;CODUSUARIO;FKFLANBAIXA_GUSUARIO
FK;CORPORE;dbo;FLANBAIXA;TABELA;CODCCUSTO;2;;;;;;;;CORPORE;dbo;GCCUSTO;CODCCUSTO;FKFLANBAIXA_GCCUSTO
FK;CORPORE;dbo;FLANBAIXARATCCU;TABELA;CODCOLIGADA;1;;;;;;;;CORPORE;dbo;GCCUSTO;CODCOLIGADA;FKFLANBAIXARATCCU_GCCUSTO
FK;CORPORE;dbo;FLANBAIXARATCCU;TABELA;CODCOLNATFINANCEIRA;1;;;;;;;;CORPORE;dbo;TTBORCAMENTO;CODCOLIGADA;FKFLANBAIXARATCCU_TTBORCAMENTO
FK;CORPORE;dbo;FLANBAIXARATCCU;TABELA;CODCCUSTO;2;;;;;;;;CORPORE;dbo;GCCUSTO;CODCCUSTO;FKFLANBAIXARATCCU_GCCUSTO
FK;CORPORE;dbo;FLANBAIXARATCCU;TABELA;CODNATFINANCEIRA;2;;;;;;;;CORPORE;dbo;TTBORCAMENTO;CODTBORCAMENTO;FKFLANBAIXARATCCU_TTBORCAMENTO
FK;CORPORE;dbo;FLANCONTOLD;TABELA;CODCOLCONTA;1;;;;;;;;CORPORE;dbo;CCONTA;CODCOLIGADA;FKFLANCONTOLD_CCONTA
FK;CORPORE;dbo;FLANCONTOLD;TABELA;CODCOLIGADA;1;;;;;;;;CORPORE;dbo;GCCUSTO;CODCOLIGADA;FKFLANCONTOLD_GCCUSTO
FK;CORPORE;dbo;FLANCONTOLD;TABELA;CODCCUSTO;2;;;;;;;;CORPORE;dbo;GCCUSTO;CODCCUSTO;FKFLANCONTOLD_GCCUSTO
FK;CORPORE;dbo;FLANCONTOLD;TABELA;CODCONTA;2;;;;;;;;CORPORE;dbo;CCONTA;CODCONTA;FKFLANCONTOLD_CCONTA
FK;CORPORE;dbo;FLANLOG;TABELA;USUARIO;1;;;;;;;;CORPORE;dbo;GUSUARIO;CODUSUARIO;FKFLANLOG_GUSUARIO
FK;CORPORE;dbo;FLANRATCCU;TABELA;CODCOLIGADA;1;;;;;;;;CORPORE;dbo;GCCUSTO;CODCOLIGADA;FKLANRATCCU_FCCU
FK;CORPORE;dbo;FLANRATCCU;TABELA;CODCOLNATFINANCEIRA;1;;;;;;;;CORPORE;dbo;TTBORCAMENTO;CODCOLIGADA;FKFLANRATCCU_TTBORCAMENTO
FK;CORPORE;dbo;FLANRATCCU;TABELA;CODCCUSTO;2;;;;;;;;CORPORE;dbo;GCCUSTO;CODCCUSTO;FKLANRATCCU_FCCU
FK;CORPORE;dbo;FLANRATCCU;TABELA;CODNATFINANCEIRA;2;;;;;;;;CORPORE;dbo;TTBORCAMENTO;CODTBORCAMENTO;FKFLANRATCCU_TTBORCAMENTO
FK;CORPORE;dbo;FLANRATOLD;TABELA;CODCOLCONTA;1;;;;;;;;CORPORE;dbo;CCONTA;CODCOLIGADA;FKFLANRATOLD_CCONTA
FK;CORPORE;dbo;FLANRATOLD;TABELA;CODCOLCONTAGER;1;;;;;;;;CORPORE;dbo;CGERENCIA;CODCOLIGADA;FKFLANRATOLD_CGERENCIA
FK;CORPORE;dbo;FLANRATOLD;TABELA;CODCONTA;2;;;;;;;;CORPORE;dbo;CCONTA;CODCONTA;FKFLANRATOLD_CCONTA
FK;CORPORE;dbo;FLANRATOLD;TABELA;CODCONTAGER;2;;;;;;;;CORPORE;dbo;CGERENCIA;CODCONTA;FKFLANRATOLD_CGERENCIA
FK;CORPORE;dbo;FLANRELACORCAMENTO;TABELA;CODCOLIGADA;1;;;;;;;;CORPORE;dbo;TMOVORCAMENTO;CODCOLIGADA;FKFLANRELACORCAMENTO_TMOVORCAM
FK;CORPORE;dbo;FLANRELACORCAMENTO;TABELA;IDMOVORCAMENTO;2;;;;;;;;CORPORE;dbo;TMOVORCAMENTO;IDMOVORCAMENTO;FKFLANRELACORCAMENTO_TMOVORCAM
FK;CORPORE;dbo;FORCAMENTDETALHE;TABELA;CODCOLIGADA;1;;;;;;;;CORPORE;dbo;GCCUSTO;CODCOLIGADA;FKFORCAMENTDETALHE_GCCUSTO
FK;CORPORE;dbo;FORCAMENTDETALHE;TABELA;CODCCUSTO;2;;;;;;;;CORPORE;dbo;GCCUSTO;CODCCUSTO;FKFORCAMENTDETALHE_GCCUSTO
FK;CORPORE;dbo;FORCAMENTOCCUSTO;TABELA;CODCOLIGADA;1;;;;;;;;CORPORE;dbo;GCCUSTO;CODCOLIGADA;FKFORCAMENTOCCUSTO_GCCUSTO
FK;CORPORE;dbo;FORCAMENTOCCUSTO;TABELA;CODCCUSTO;2;;;;;;;;CORPORE;dbo;GCCUSTO;CODCCUSTO;FKFORCAMENTOCCUSTO_GCCUSTO
FK;CORPORE;dbo;FPARCONT;TABELA;CODCOLCONTA;1;;;;;;;;CORPORE;dbo;CCONTA;CODCOLIGADA;FKFPARCONT_CCONTA
FK;CORPORE;dbo;FPARCONT;TABELA;CODCOLIGADA;1;;;;;;;;CORPORE;dbo;GCCUSTO;CODCOLIGADA;FKFPARCONT_GCCUSTO
FK;CORPORE;dbo;FPARCONT;TABELA;CODCCUSTO;2;;;;;;;;CORPORE;dbo;GCCUSTO;CODCCUSTO;FKFPARCONT_GCCUSTO
FK;CORPORE;dbo;FPARCONT;TABELA;CODCONTA;2;;;;;;;;CORPORE;dbo;CCONTA;CODCONTA;FKFPARCONT_CCONTA
FK;CORPORE;dbo;FPARRAT;TABELA;CODCOLCONTAGER;1;;;;;;;;CORPORE;dbo;CGERENCIA;CODCOLIGADA;FKFPARRAT_CGERENCIA
FK;CORPORE;dbo;FPARRAT;TABELA;CODCONTAGER;2;;;;;;;;CORPORE;dbo;CGERENCIA;CODCONTA;FKFPARRAT_CGERENCIA
FK;CORPORE;dbo;FPLANEJAMENTOFLXCXITEM;TABELA;CODCOLIGADA;1;;;;;;;;CORPORE;dbo;GCCUSTO;CODCOLIGADA;FKFPLANEJAMENTOFLXCXITEM_GCCUS
FK;CORPORE;dbo;FPLANEJAMENTOFLXCXITEM;TABELA;CODCOLNATFINANCEIRA;1;;;;;;;;CORPORE;dbo;TTBORCAMENTO;CODCOLIGADA;FKFPLANEJAMENTOFLXCXITEM_TTBOR
FK;CORPORE;dbo;FPLANEJAMENTOFLXCXITEM;TABELA;CODCCUSTO;2;;;;;;;;CORPORE;dbo;GCCUSTO;CODCCUSTO;FKFPLANEJAMENTOFLXCXITEM_GCCUS
FK;CORPORE;dbo;FPLANEJAMENTOFLXCXITEM;TABELA;CODNATFINANCEIRA;2;;;;;;;;CORPORE;dbo;TTBORCAMENTO;CODTBORCAMENTO;FKFPLANEJAMENTOFLXCXITEM_TTBOR
FK;CORPORE;dbo;FRETENCAOACUMULADA;TABELA;CODCOLCFO;1;;;;;;;;CORPORE;dbo;FCFO;CODCOLIGADA;FKFRETENCAOACUMULADA_FCFO
FK;CORPORE;dbo;FRETENCAOACUMULADA;TABELA;CODCFO;2;;;;;;;;CORPORE;dbo;FCFO;CODCFO;FKFRETENCAOACUMULADA_FCFO
FK;CORPORE;dbo;FRETORNOBANCARIO;TABELA;CODUSUARIO;1;;;;;;;;CORPORE;dbo;GUSUARIO;CODUSUARIO;FKFRETORNOBANCARIO_GUSUARIO
FK;CORPORE;dbo;FSESSAOCAIXA;TABELA;CODUSUARIOABERTURA;1;;;;;;;;CORPORE;dbo;GUSUARIO;CODUSUARIO;FKFSESSAOCAIXA_GUSUARIO_A
FK;CORPORE;dbo;FSESSAOCAIXA;TABELA;CODUSUARIOFECHAMENTO;1;;;;;;;;CORPORE;dbo;GUSUARIO;CODUSUARIO;FKFSESSAOCAIXA_GUSUARIO_F
FK;CORPORE;dbo;FSESSAOCAIXA;TABELA;CODUSUARIOOPERADOR;1;;;;;;;;CORPORE;dbo;GUSUARIO;CODUSUARIO;FKFSESSAOCAIXA_GUSUARIO_O
FK;CORPORE;dbo;FTB1;TABELA;CODCOLIGADA;1;;;;;;;;CORPORE;dbo;GCCUSTO;CODCOLIGADA;FKFTB1_GCCUSTO
FK;CORPORE;dbo;FTB1;TABELA;CODCCUSTO;2;;;;;;;;CORPORE;dbo;GCCUSTO;CODCCUSTO;FKFTB1_GCCUSTO
FK;CORPORE;dbo;FTB1CONT;TABELA;CODCOLCONTA;1;;;;;;;;CORPORE;dbo;CCONTA;CODCOLIGADA;FKFTB1CONT_CCONTA
FK;CORPORE;dbo;FTB1CONT;TABELA;CODCOLIGADA;1;;;;;;;;CORPORE;dbo;GCCUSTO;CODCOLIGADA;FKFTB1CONT_GCCUSTO
FK;CORPORE;dbo;FTB1CONT;TABELA;CODCCUSTO;2;;;;;;;;CORPORE;dbo;GCCUSTO;CODCCUSTO;FKFTB1CONT_GCCUSTO
FK;CORPORE;dbo;FTB1CONT;TABELA;CODCONTA;2;;;;;;;;CORPORE;dbo;CCONTA;CODCONTA;FKFTB1CONT_CCONTA
FK;CORPORE;dbo;FTB1RAT;TABELA;CODCOLCONTAGER;1;;;;;;;;CORPORE;dbo;CGERENCIA;CODCOLIGADA;FKFTB1RAT_CGERENCIA
FK;CORPORE;dbo;FTB1RAT;TABELA;CODCONTAGER;2;;;;;;;;CORPORE;dbo;CGERENCIA;CODCONTA;FKFTB1RAT_CGERENCIA
FK;CORPORE;dbo;FTB2CONT;TABELA;CODCOLCONTA;1;;;;;;;;CORPORE;dbo;CCONTA;CODCOLIGADA;FKFTB2CONT_CCONTA
FK;CORPORE;dbo;FTB2CONT;TABELA;CODCOLIGADA;1;;;;;;;;CORPORE;dbo;GCCUSTO;CODCOLIGADA;FKFTB2CONT_GCCUSTO
FK;CORPORE;dbo;FTB2CONT;TABELA;CODCCUSTO;2;;;;;;;;CORPORE;dbo;GCCUSTO;CODCCUSTO;FKFTB2CONT_GCCUSTO
FK;CORPORE;dbo;FTB2CONT;TABELA;CODCONTA;2;;;;;;;;CORPORE;dbo;CCONTA;CODCONTA;FKFTB2CONT_CCONTA
FK;CORPORE;dbo;FTB2RAT;TABELA;CODCOLCONTAGER;1;;;;;;;;CORPORE;dbo;CGERENCIA;CODCOLIGADA;FKFTB2RAT_CGERENCIA
FK;CORPORE;dbo;FTB2RAT;TABELA;CODCONTAGER;2;;;;;;;;CORPORE;dbo;CGERENCIA;CODCONTA;FKFTB2RAT_CGERENCIA
FK;CORPORE;dbo;FTB3CONT;TABELA;CODCOLCONTA;1;;;;;;;;CORPORE;dbo;CCONTA;CODCOLIGADA;FKFTB3CONT_CCONTA
FK;CORPORE;dbo;FTB3CONT;TABELA;CODCOLIGADA;1;;;;;;;;CORPORE;dbo;GCCUSTO;CODCOLIGADA;FKFTB3CONT_GCCUSTO
FK;CORPORE;dbo;FTB3CONT;TABELA;CODCCUSTO;2;;;;;;;;CORPORE;dbo;GCCUSTO;CODCCUSTO;FKFTB3CONT_GCCUSTO
FK;CORPORE;dbo;FTB3CONT;TABELA;CODCONTA;2;;;;;;;;CORPORE;dbo;CCONTA;CODCONTA;FKFTB3CONT_CCONTA
FK;CORPORE;dbo;FTB3RAT;TABELA;CODCOLCONTAGER;1;;;;;;;;CORPORE;dbo;CGERENCIA;CODCOLIGADA;FKFTB3RAT_CGERENCIA
FK;CORPORE;dbo;FTB3RAT;TABELA;CODCONTAGER;2;;;;;;;;CORPORE;dbo;CGERENCIA;CODCONTA;FKFTB3RAT_CGERENCIA
FK;CORPORE;dbo;FTB4CONT;TABELA;CODCOLCONTA;1;;;;;;;;CORPORE;dbo;CCONTA;CODCOLIGADA;FKFTB4CONT_CCONTA
FK;CORPORE;dbo;FTB4CONT;TABELA;CODCOLIGADA;1;;;;;;;;CORPORE;dbo;GCCUSTO;CODCOLIGADA;FKFTB4CONT_GCCUSTO
FK;CORPORE;dbo;FTB4CONT;TABELA;CODCCUSTO;2;;;;;;;;CORPORE;dbo;GCCUSTO;CODCCUSTO;FKFTB4CONT_GCCUSTO
FK;CORPORE;dbo;FTB4CONT;TABELA;CODCONTA;2;;;;;;;;CORPORE;dbo;CCONTA;CODCONTA;FKFTB4CONT_CCONTA
FK;CORPORE;dbo;FTB4RAT;TABELA;CODCOLCONTAGER;1;;;;;;;;CORPORE;dbo;CGERENCIA;CODCOLIGADA;FKFTB4RAT_CGERENCIA
FK;CORPORE;dbo;FTB4RAT;TABELA;CODCONTAGER;2;;;;;;;;CORPORE;dbo;CGERENCIA;CODCONTA;FKFTB4RAT_CGERENCIA
FK;CORPORE;dbo;FTB5CONT;TABELA;CODCOLCONTA;1;;;;;;;;CORPORE;dbo;CCONTA;CODCOLIGADA;FKFTB5CONT_CCONTA
FK;CORPORE;dbo;FTB5CONT;TABELA;CODCOLIGADA;1;;;;;;;;CORPORE;dbo;GCCUSTO;CODCOLIGADA;FKFTB5CONT_GCCUSTO
FK;CORPORE;dbo;FTB5CONT;TABELA;CODCCUSTO;2;;;;;;;;CORPORE;dbo;GCCUSTO;CODCCUSTO;FKFTB5CONT_GCCUSTO
FK;CORPORE;dbo;FTB5CONT;TABELA;CODCONTA;2;;;;;;;;CORPORE;dbo;CCONTA;CODCONTA;FKFTB5CONT_CCONTA
FK;CORPORE;dbo;FTB5RAT;TABELA;CODCOLCONTAGER;1;;;;;;;;CORPORE;dbo;CGERENCIA;CODCOLIGADA;FKFTB5RAT_CGERENCIA
FK;CORPORE;dbo;FTB5RAT;TABELA;CODCONTAGER;2;;;;;;;;CORPORE;dbo;CGERENCIA;CODCONTA;FKFTB5RAT_CGERENCIA
FK;CORPORE;dbo;FTDO;TABELA;CODCOLCFO;1;;;;;;;;CORPORE;dbo;FCFO;CODCOLIGADA;FKFTDO_FCFO
FK;CORPORE;dbo;FTDO;TABELA;CODCFO;2;;;;;;;;CORPORE;dbo;FCFO;CODCFO;FKFTDO_FCFO
FK;CORPORE;dbo;FTDOCONT;TABELA;CODCOLCONTA;1;;;;;;;;CORPORE;dbo;CCONTA;CODCOLIGADA;FKFTDOCONT_CCONTA
FK;CORPORE;dbo;FTDOCONT;TABELA;CODCOLIGADA;1;;;;;;;;CORPORE;dbo;GCCUSTO;CODCOLIGADA;FKFTDOCONT_GCCUSTO
FK;CORPORE;dbo;FTDOCONT;TABELA;CODCCUSTO;2;;;;;;;;CORPORE;dbo;GCCUSTO;CODCCUSTO;FKFTDOCONT_GCCUSTO
FK;CORPORE;dbo;FTDOCONT;TABELA;CODCONTA;2;;;;;;;;CORPORE;dbo;CCONTA;CODCONTA;FKFTDOCONT_CCONTA
FK;CORPORE;dbo;FTDORAT;TABELA;CODCOLCONTA;1;;;;;;;;CORPORE;dbo;CCONTA;CODCOLIGADA;FKFTDORAT_CCONTA
FK;CORPORE;dbo;FTDORAT;TABELA;CODCOLCONTAGER;1;;;;;;;;CORPORE;dbo;CGERENCIA;CODCOLIGADA;FKFTDORAT_CGERENCIA
FK;CORPORE;dbo;FTDORAT;TABELA;CODCONTA;2;;;;;;;;CORPORE;dbo;CCONTA;CODCONTA;FKFTDORAT_CCONTA
FK;CORPORE;dbo;FTDORAT;TABELA;CODCONTAGER;2;;;;;;;;CORPORE;dbo;CGERENCIA;CODCONTA;FKFTDORAT_CGERENCIA
FK;CORPORE;dbo;FTEMPLATEACORDO;TABELA;CODCOLIGADA;1;;;;;;;;CORPORE;dbo;GCCUSTO;CODCOLIGADA;FKFTEMPLATEACORDO_GCCUSTO
FK;CORPORE;dbo;FTEMPLATEACORDO;TABELA;CODCCUSTO;2;;;;;;;;CORPORE;dbo;GCCUSTO;CODCCUSTO;FKFTEMPLATEACORDO_GCCUSTO
FK;CORPORE;dbo;FTIPOAPLFIN;TABELA;CODCOLNATFINANCEIRAPAG;1;;;;;;;;CORPORE;dbo;TTBORCAMENTO;CODCOLIGADA;FKFTIPOAPLFIN_TTBORCAMENTO_PAG
FK;CORPORE;dbo;FTIPOAPLFIN;TABELA;CODCOLNATFINANCEIRAREC;1;;;;;;;;CORPORE;dbo;TTBORCAMENTO;CODCOLIGADA;FKFTIPOAPLFIN_TTBORCAMENTO_REC
FK;CORPORE;dbo;FTIPOAPLFIN;TABELA;CODNATFINANCEIRAPAG;2;;;;;;;;CORPORE;dbo;TTBORCAMENTO;CODTBORCAMENTO;FKFTIPOAPLFIN_TTBORCAMENTO_PAG
FK;CORPORE;dbo;FTIPOAPLFIN;TABELA;CODNATFINANCEIRAREC;2;;;;;;;;CORPORE;dbo;TTBORCAMENTO;CODTBORCAMENTO;FKFTIPOAPLFIN_TTBORCAMENTO_REC
FK;CORPORE;dbo;FTIPOAPLFINCONT;TABELA;CODCOLCONTA;1;;;;;;;;CORPORE;dbo;CCONTA;CODCOLIGADA;FKFTIPOAPLFINCONT_CONTA
FK;CORPORE;dbo;FTIPOAPLFINCONT;TABELA;CODCOLIGADA;1;;;;;;;;CORPORE;dbo;GCCUSTO;CODCOLIGADA;FKFTIPOAPLFINCONT_GCCUSTO
FK;CORPORE;dbo;FTIPOAPLFINCONT;TABELA;CODCCUSTO;2;;;;;;;;CORPORE;dbo;GCCUSTO;CODCCUSTO;FKFTIPOAPLFINCONT_GCCUSTO
FK;CORPORE;dbo;FTIPOAPLFINCONT;TABELA;CODCONTA;2;;;;;;;;CORPORE;dbo;CCONTA;CODCONTA;FKFTIPOAPLFINCONT_CONTA
FK;CORPORE;dbo;FTIPOAPLFINRAT;TABELA;CODCOLCONTA;1;;;;;;;;CORPORE;dbo;CCONTA;CODCOLIGADA;FKFTIPOAPLFINRAT_CONTA
FK;CORPORE;dbo;FTIPOAPLFINRAT;TABELA;CODCOLCONTAGER;1;;;;;;;;CORPORE;dbo;CGERENCIA;CODCOLIGADA;FKFTIPOAPLFINRAT_CGERENCIA
FK;CORPORE;dbo;FTIPOAPLFINRAT;TABELA;CODCONTA;2;;;;;;;;CORPORE;dbo;CCONTA;CODCONTA;FKFTIPOAPLFINRAT_CONTA
FK;CORPORE;dbo;FTIPOAPLFINRAT;TABELA;CODCONTAGER;2;;;;;;;;CORPORE;dbo;CGERENCIA;CODCONTA;FKFTIPOAPLFINRAT_CGERENCIA
FK;CORPORE;dbo;FTRBCFO;TABELA;CODCOLCFO;1;;;;;;;;CORPORE;dbo;FCFO;CODCOLIGADA;FKFTRBCFO_FCFO
FK;CORPORE;dbo;FTRBCFO;TABELA;CODCFO;2;;;;;;;;CORPORE;dbo;FCFO;CODCFO;FKFTRBCFO_FCFO
FK;CORPORE;dbo;FVALORINSS;TABELA;CODCOLCFO;1;;;;;;;;CORPORE;dbo;FCFO;CODCOLIGADA;FKFVALORINSS_FCFO
FK;CORPORE;dbo;FVALORINSS;TABELA;CODCFO;2;;;;;;;;CORPORE;dbo;FCFO;CODCFO;FKFVALORINSS_FCFO
FK;CORPORE;dbo;FXCX;TABELA;CODCOLIGADA;1;;;;;;;;CORPORE;dbo;GCCUSTO;CODCOLIGADA;FKFXCX_GCCUSTO
FK;CORPORE;dbo;FXCX;TABELA;CODCOLNATFINANCEIRA;1;;;;;;;;CORPORE;dbo;TTBORCAMENTO;CODCOLIGADA;FKFXCX_TTBORCAMENTO
FK;CORPORE;dbo;FXCX;TABELA;USUARIOCRIACAO;1;;;;;;;;CORPORE;dbo;GUSUARIO;CODUSUARIO;FKFXCX_GUSUARIO
FK;CORPORE;dbo;FXCX;TABELA;CODCCUSTO;2;;;;;;;;CORPORE;dbo;GCCUSTO;CODCCUSTO;FKFXCX_GCCUSTO
FK;CORPORE;dbo;FXCX;TABELA;CODNATFINANCEIRA;2;;;;;;;;CORPORE;dbo;TTBORCAMENTO;CODTBORCAMENTO;FKFXCX_TTBORCAMENTO
FK;CORPORE;dbo;FXCXCONTOLD;TABELA;CODCOLCONTA;1;;;;;;;;CORPORE;dbo;CCONTA;CODCOLIGADA;FKFXCXCONTOLD_CCONTA
FK;CORPORE;dbo;FXCXCONTOLD;TABELA;CODCOLIGADA;1;;;;;;;;CORPORE;dbo;GCCUSTO;CODCOLIGADA;FKFXCXCONTOLD_GCCUSTO
FK;CORPORE;dbo;FXCXCONTOLD;TABELA;CODCCUSTO;2;;;;;;;;CORPORE;dbo;GCCUSTO;CODCCUSTO;FKFXCXCONTOLD_GCCUSTO
FK;CORPORE;dbo;FXCXCONTOLD;TABELA;CODCONTA;2;;;;;;;;CORPORE;dbo;CCONTA;CODCONTA;FKFXCXCONTOLD_CCONTA
FK;CORPORE;dbo;FXCXRATOLD;TABELA;CODCOLCONTA;1;;;;;;;;CORPORE;dbo;CCONTA;CODCOLIGADA;FKFXCXRATOLD_CCONTA
FK;CORPORE;dbo;FXCXRATOLD;TABELA;CODCOLCONTAGER;1;;;;;;;;CORPORE;dbo;CGERENCIA;CODCOLIGADA;FKFXCXRATOLD_CGERENCIA
FK;CORPORE;dbo;FXCXRATOLD;TABELA;CODCONTA;2;;;;;;;;CORPORE;dbo;CCONTA;CODCONTA;FKFXCXRATOLD_CCONTA
FK;CORPORE;dbo;FXCXRATOLD;TABELA;CODCONTAGER;2;;;;;;;;CORPORE;dbo;CGERENCIA;CODCONTA;FKFXCXRATOLD_CGERENCIA
FK;CORPORE;dbo;FXCXRELACORCAMENTO;TABELA;CODCOLIGADA;1;;;;;;;;CORPORE;dbo;TMOVORCAMENTO;CODCOLIGADA;FKFXCXRELACORCAMENTO_TMOVORCAM
FK;CORPORE;dbo;FXCXRELACORCAMENTO;TABELA;IDMOVORCAMENTO;2;;;;;;;;CORPORE;dbo;TMOVORCAMENTO;IDMOVORCAMENTO;FKFXCXRELACORCAMENTO_TMOVORCAM
FK;CORPORE;dbo;GALERTAGRAFICORSS;TABELA;CODUSUARIO;1;;;;;;;;CORPORE;dbo;GUSUARIO;CODUSUARIO;FKGALERTAGRAFICORSS_GUSUARIO
FK;CORPORE;dbo;GBKDETAILACTIONPREFUSR;TABELA;CODUSUARIO;1;;;;;;;;CORPORE;dbo;GUSUARIO;CODUSUARIO;FKGBKDETAILACTPREFUSR_GUSUARIO
FK;CORPORE;dbo;GBKSERVERLOCUSUARIO;TABELA;CODUSUARIO;1;;;;;;;;CORPORE;dbo;GUSUARIO;CODUSUARIO;FKGBKSERVERLOCUSUARIO_GUSUARIO
FK;CORPORE;dbo;GCCUSTO;TABELA;CODCOLCONTA;1;;;;;;;;CORPORE;dbo;CGERENCIA;CODCOLIGADA;GCCUSTO_CGERENCIA
FK;CORPORE;dbo;GCCUSTO;TABELA;CODCOLCONTAGER;1;;;;;;;;CORPORE;dbo;CGERENCIA;CODCOLIGADA;FKGCCUSTO_CGERENCIA
FK;CORPORE;dbo;GCCUSTO;TABELA;CODCOLIGADA;1;;;;;;;;CORPORE;dbo;CCLASSIFICACC;CODCOLIGADA;FKGCCUSTO_CCLASSIFICACC
FK;CORPORE;dbo;GCCUSTO;TABELA;CODCOLIGADA;1;;;;;;;;CORPORE;dbo;GCOLIGADA;CODCOLIGADA;FKGCCUSTO
FK;CORPORE;dbo;GCCUSTO;TABELA;RESPONSAVEL;1;;;;;;;;CORPORE;dbo;PPESSOA;CODIGO;FK_GCCUSTO_PPESSOA
FK;CORPORE;dbo;GCCUSTO;TABELA;CODCLASSIFICA;2;;;;;;;;CORPORE;dbo;CCLASSIFICACC;CODCLASSIFICA;FKGCCUSTO_CCLASSIFICACC
FK;CORPORE;dbo;GCCUSTO;TABELA;CODCONTA;2;;;;;;;;CORPORE;dbo;CGERENCIA;CODCONTA;GCCUSTO_CGERENCIA
FK;CORPORE;dbo;GCCUSTO;TABELA;CODCONTAGER;2;;;;;;;;CORPORE;dbo;CGERENCIA;CODCONTA;FKGCCUSTO_CGERENCIA
FK;CORPORE;dbo;GCCUSTOHIST;TABELA;CODCOLIGADA;1;;;;;;;;CORPORE;dbo;GCCUSTO;CODCOLIGADA;FKGCCUSTOHIST_GCCUSTO
FK;CORPORE;dbo;GCCUSTOHIST;TABELA;CODCCUSTO;2;;;;;;;;CORPORE;dbo;GCCUSTO;CODCCUSTO;FKGCCUSTOHIST_GCCUSTO
FK;CORPORE;dbo;GCOPIACOLIGADABASEEXTERNA;TABELA;CODUSUARIO;1;;;;;;;;CORPORE;dbo;GUSUARIO;CODUSUARIO;FKGCOPIACOLIGBDEXT_GUSUARIO
FK;CORPORE;dbo;GDEPTO;TABELA;CODCOLCONTAGER;1;;;;;;;;CORPORE;dbo;CGERENCIA;CODCOLIGADA;FKGDEPTO_CGERENCIA
FK;CORPORE;dbo;GDEPTO;TABELA;CODCONTAGER;2;;;;;;;;CORPORE;dbo;CGERENCIA;CODCONTA;FKGDEPTO_CGERENCIA
FK;CORPORE;dbo;GFILTROUSUARIO;TABELA;CODUSUARIO;1;;;;;;;;CORPORE;dbo;GUSUARIO;CODUSUARIO;FKGFILTROUSUARIO_GUSUARIO
FK;CORPORE;dbo;GFILTROUSUARIOEXT;TABELA;CODUSUARIO;1;;;;;;;;CORPORE;dbo;GUSUARIO;CODUSUARIO;FKGFILTROUSUARIOEXT_GUSUARIO
FK;CORPORE;dbo;GGRAFICOPARAMS;TABELA;CODUSUARIO;1;;;;;;;;CORPORE;dbo;GUSUARIO;CODUSUARIO;FKGGRAFICOPARAMS_GUSUARIO
FK;CORPORE;dbo;GHISTORICOGRAFICO;TABELA;CODUSUARIO;1;;;;;;;;CORPORE;dbo;GUSUARIO;CODUSUARIO;FKGHISTORICOGRAFICO_GUSUARIO
FK;CORPORE;dbo;GJOBQUEUE;TABELA;CODUSUARIO;1;;;;;;;;CORPORE;dbo;GUSUARIO;CODUSUARIO;FKGJOBQUEUE_GUSUARIO
FK;CORPORE;dbo;GJOBX;TABELA;CODUSUARIO;1;;;;;;;;CORPORE;dbo;GUSUARIO;CODUSUARIO;FKGJOBX_GUSUARIO
FK;CORPORE;dbo;GMDIINFO;TABELA;CODUSUARIO;1;;;;;;;;CORPORE;dbo;GUSUARIO;CODUSUARIO;FKGMDIINFO_GUSUARIO
FK;CORPORE;dbo;GMDPROJETO;TABELA;USUARIO;1;;;;;;;;CORPORE;dbo;GUSUARIO;CODUSUARIO;FKGMDPROJETO_GUSUARIO
FK;CORPORE;dbo;GMESSAGECHAT;TABELA;CODUSUARIOSENDER;1;;;;;;;;CORPORE;dbo;GUSUARIO;CODUSUARIO;FKGMESSAGECHAT_GUSUARIOSENDER
FK;CORPORE;dbo;GMESSAGECHAT;TABELA;CODUSUARIOTO;1;;;;;;;;CORPORE;dbo;GUSUARIO;CODUSUARIO;FKGMESSAGECHAT_GUSUARIOTO
FK;CORPORE;dbo;GOAUTHSERVER;TABELA;CODUSUARIO;1;;;;;;;;CORPORE;dbo;GUSUARIO;CODUSUARIO;FKGOAUTHSERVER_GUSUARIO
FK;CORPORE;dbo;GPARSTATUS;TABELA;USUARIOALTERACAO;1;;;;;;;;CORPORE;dbo;GUSUARIO;CODUSUARIO;FKGPARSTATUS_GUSUARIOALTERACAO
FK;CORPORE;dbo;GPARSTATUS;TABELA;USUARIOINCLUSAO;1;;;;;;;;CORPORE;dbo;GUSUARIO;CODUSUARIO;FKGPARSTATUS_GUSUARIOINCLUSAO
FK;CORPORE;dbo;GPARTSUSR;TABELA;CODUSUARIO;1;;;;;;;;CORPORE;dbo;GUSUARIO;CODUSUARIO;PKGPARTSUSR_GUSUARIO
FK;CORPORE;dbo;GPERFILPROFISSIONAL;TABELA;CODUSUARIO;1;;;;;;;;CORPORE;dbo;GUSUARIO;CODUSUARIO;FKGPERFILPROFISSIONAL_GUSUARIO
FK;CORPORE;dbo;GPERMIS;TABELA;CODUSUARIO;1;;;;;;;;CORPORE;dbo;GUSUARIO;CODUSUARIO;FKGPERMIS_GUSUARIO
FK;CORPORE;dbo;GRELBATCH;TABELA;CODUSUARIO;1;;;;;;;;CORPORE;dbo;GUSUARIO;CODUSUARIO;FKGRELBATCH_GUSUARIO
FK;CORPORE;dbo;GRSSCANALUSUARIO;TABELA;CODUSUARIO;1;;;;;;;;CORPORE;dbo;GUSUARIO;CODUSUARIO;FKGRSSCANALUSUARIO_GUSUARIO
FK;CORPORE;dbo;GRSSCONFIGUSUARIO;TABELA;CODUSUARIO;1;;;;;;;;CORPORE;dbo;GUSUARIO;CODUSUARIO;FKGRSSCONFIGUSUARIO_GUSUARIO
FK;CORPORE;dbo;GRSSITEMUSUARIO;TABELA;CODUSUARIO;1;;;;;;;;CORPORE;dbo;GUSUARIO;CODUSUARIO;FKGRSSITEMUSUARIO_GUSUARIO
FK;CORPORE;dbo;GSMARTXUSERCARDS;TABELA;CODUSUARIO;1;;;;;;;;CORPORE;dbo;GUSUARIO;CODUSUARIO;FKGSMARTXUSERCARDS_GUSUARIO
FK;CORPORE;dbo;GULTIMOCONTEXTOUSUARIO;TABELA;CODUSUARIO;1;;;;;;;;CORPORE;dbo;GUSUARIO;CODUSUARIO;FKGULTCONTEXTOUSUARIO_GUSUARIO
FK;CORPORE;dbo;GUSRCOPYPASTEPREFS;TABELA;CODUSUARIO;1;;;;;;;;CORPORE;dbo;GUSUARIO;CODUSUARIO;FKGUSRCOPYPASTEPREFS_GUSUARIO
FK;CORPORE;dbo;GUSRGRIDPREF;TABELA;CODUSUARIO;1;;;;;;;;CORPORE;dbo;GUSUARIO;CODUSUARIO;FKGUSRGRIDPREF_GUSUARIO
FK;CORPORE;dbo;GUSRPAR;TABELA;CODUSUARIO;1;;;;;;;;CORPORE;dbo;GUSUARIO;CODUSUARIO;FKGUSRPAR_GUSUARIO
FK;CORPORE;dbo;GUSUARIO;TABELA;CODACESSO;1;;;;;;;;CORPORE;dbo;GACESSO;CODACESSO;FKGUSUARIO_GACESSO
FK;CORPORE;dbo;GUSUARIOLIVE;TABELA;CODUSUARIO;1;;;;;;;;CORPORE;dbo;GUSUARIO;CODUSUARIO;FKGUSUARIOLIVE_GUSUARIO
FK;CORPORE;dbo;GUSUARIOOAUTHLOGINS;TABELA;CODUSUARIO;1;;;;;;;;CORPORE;dbo;GUSUARIO;CODUSUARIO;FKGUSUARIOOAUTHLOGINS_GUSUARIO
FK;CORPORE;dbo;HACAO;TABELA;CODPESSOA;1;;;;;;;;CORPORE;dbo;PPESSOA;CODIGO;FKHACAO_PPESSOA
FK;CORPORE;dbo;HACAO;TABELA;COLIGADACLIENTE;1;;;;;;;;CORPORE;dbo;FCFO;CODCOLIGADA;FKHACAO_FCFO
FK;CORPORE;dbo;HACAO;TABELA;CODCLIENTE;2;;;;;;;;CORPORE;dbo;FCFO;CODCFO;FKHACAO_FCFO
FK;CORPORE;dbo;HATENDENTE;TABELA;CODPESSOA;1;;;;;;;;CORPORE;dbo;PPESSOA;CODIGO;FKHATENDENTE_PPESSOA
FK;CORPORE;dbo;HATENDIMENTOESP;TABELA;CODPESSOA;1;;;;;;;;CORPORE;dbo;PPESSOA;CODIGO;FKHATENDIMENTOESP_PPESSOA
FK;CORPORE;dbo;HCLIENTEATENDIMENTO;TABELA;CODPESSOA;1;;;;;;;;CORPORE;dbo;PPESSOA;CODIGO;FKHCLIENTEATEND_PPESSOA
FK;CORPORE;dbo;HCLIENTEATENDIMENTO;TABELA;COLIGADACLIENTE;1;;;;;;;;CORPORE;dbo;FCFO;CODCOLIGADA;FKHCLIENTEATENDIMENTO_FCFO
FK;CORPORE;dbo;HCLIENTEATENDIMENTO;TABELA;CODCLIENTE;2;;;;;;;;CORPORE;dbo;FCFO;CODCFO;FKHCLIENTEATENDIMENTO_FCFO
FK;CORPORE;dbo;HCLIENTECAMPANHA;TABELA;CODPESSOA;1;;;;;;;;CORPORE;dbo;PPESSOA;CODIGO;FKHCLIENTECAMPANHA_PPESSOA
FK;CORPORE;dbo;HCLIENTECAMPANHA;TABELA;COLIGADACLIENTE;1;;;;;;;;CORPORE;dbo;FCFO;CODCOLIGADA;FKHCLIENTECAMPANHA_FCFO
FK;CORPORE;dbo;HCLIENTECAMPANHA;TABELA;CODCLIENTE;2;;;;;;;;CORPORE;dbo;FCFO;CODCFO;FKHCLIENTECAMPANHA_FCFO
FK;CORPORE;dbo;HCONTATORPR;TABELA;CODUSUARIO;1;;;;;;;;CORPORE;dbo;GUSUARIO;CODUSUARIO;FKHCONTATORPR_GUSUARIO
FK;CORPORE;dbo;HCRITERIOSPESQUISA;TABELA;CODUSUARIO;1;;;;;;;;CORPORE;dbo;GUSUARIO;CODUSUARIO;FKHCRITERIOSPESQUISA_GUSUARIO
FK;CORPORE;dbo;HDISCUSSAODETALHE;TABELA;CODUSUARIO;1;;;;;;;;CORPORE;dbo;GUSUARIO;CODUSUARIO;FKHDISCUSSAODETALHE_GUSUARIO
FK;CORPORE;dbo;HPROSPECT;TABELA;CODCOLIGINDICACAO;1;;;;;;;;CORPORE;dbo;FCFO;CODCOLIGADA;FKHPROSPECT_FCFO
FK;CORPORE;dbo;HPROSPECT;TABELA;CODUSUARIOONLINE;1;;;;;;;;CORPORE;dbo;GUSUARIO;CODUSUARIO;FKHPROSPECT_GUSUARIO
FK;CORPORE;dbo;HPROSPECT;TABELA;CODCFOINDICACAO;2;;;;;;;;CORPORE;dbo;FCFO;CODCFO;FKHPROSPECT_FCFO
FK;CORPORE;dbo;HPROSPECTATIVO;TABELA;CODCOLIGADACFO;1;;;;;;;;CORPORE;dbo;FCFO;CODCOLIGADA;FKHPROSPECTATIVO_FCFO
FK;CORPORE;dbo;HPROSPECTATIVO;TABELA;CODCFO;2;;;;;;;;CORPORE;dbo;FCFO;CODCFO;FKHPROSPECTATIVO_FCFO
FK;CORPORE;dbo;HPROSPECTCONTATO;TABELA;CODUSUARIOONLINE;1;;;;;;;;CORPORE;dbo;GUSUARIO;CODUSUARIO;FKHPROSPECTCONTATO_GUSUARIO
FK;CORPORE;dbo;HRECCATALOGO;TABELA;CODCOLIGADACFO;1;;;;;;;;CORPORE;dbo;FCFO;CODCOLIGADA;FKHRECCATALOGO_FCFO
FK;CORPORE;dbo;HRECCATALOGO;TABELA;CODCFO;2;;;;;;;;CORPORE;dbo;FCFO;CODCFO;FKHRECCATALOGO_FCFO
FK;CORPORE;dbo;HUSUARIOAPP;TABELA;CODUSUARIO;1;;;;;;;;CORPORE;dbo;GUSUARIO;CODUSUARIO;FKHUSUARIOAPP_GUSUARIO
FK;CORPORE;dbo;HUSUARIOFORUM;TABELA;USUARIOCORPORE;1;;;;;;;;CORPORE;dbo;GUSUARIO;CODUSUARIO;FKHUSUARIOFORUM_GUSUARIO
FK;CORPORE;dbo;HUSUARIONOTIFICACAO;TABELA;CODUSUARIO;1;;;;;;;;CORPORE;dbo;GUSUARIO;CODUSUARIO;FKHUSUARIONOTIFICACAO_GUSUARIO
FK;CORPORE;dbo;IALOCACAO;TABELA;USUARIOALTERACAO;1;;;;;;;;CORPORE;dbo;GUSUARIO;CODUSUARIO;FKIALOCACAO2_GUSUARIO
FK;CORPORE;dbo;IALOCACAO;TABELA;USUARIOCRIACAO;1;;;;;;;;CORPORE;dbo;GUSUARIO;CODUSUARIO;FKIALOCACAO_GUSUARIO
FK;CORPORE;dbo;IALOCACAOCENTROCUSTO;TABELA;CODCOLIGADACENTROCUSTO;1;;;;;;;;CORPORE;dbo;GCCUSTO;CODCOLIGADA;FKIALOCACAOCTOCSTO_GCCUSTO
FK;CORPORE;dbo;IALOCACAOCENTROCUSTO;TABELA;CODCENTROCUSTO;2;;;;;;;;CORPORE;dbo;GCCUSTO;CODCCUSTO;FKIALOCACAOCTOCSTO_GCCUSTO
FK;CORPORE;dbo;IALOCACAOCFO;TABELA;CODCOLIGADACFO;1;;;;;;;;CORPORE;dbo;FCFO;CODCOLIGADA;FKIALOCACAOCFO_FCFO
FK;CORPORE;dbo;IALOCACAOCFO;TABELA;CODCFO;2;;;;;;;;CORPORE;dbo;FCFO;CODCFO;FKIALOCACAOCFO_FCFO
FK;CORPORE;dbo;IAPOLICESEGURO;TABELA;CODCOLIGADASEGURADORA;1;;;;;;;;CORPORE;dbo;FCFO;CODCOLIGADA;FKIAPOLICESEGURO_FCFO
FK;CORPORE;dbo;IAPOLICESEGURO;TABELA;CODSEGURADORA;2;;;;;;;;CORPORE;dbo;FCFO;CODCFO;FKIAPOLICESEGURO_FCFO
FK;CORPORE;dbo;IAPONTAMENTO;TABELA;CODCOLIGADA;1;;;;;;;;CORPORE;dbo;GCCUSTO;CODCOLIGADA;FKIAPONTAMENTO_GCCUSTO
FK;CORPORE;dbo;IAPONTAMENTO;TABELA;CODCCUSTO;2;;;;;;;;CORPORE;dbo;GCCUSTO;CODCCUSTO;FKIAPONTAMENTO_GCCUSTO
FK;CORPORE;dbo;IBEM_OLD;TABELA;CODCOLFORNEC;1;;;;;;;;CORPORE;dbo;FCFO;CODCOLIGADA;FKIBEM_FCFO
FK;CORPORE;dbo;IBEM_OLD;TABELA;CODCOLIGADA;1;;;;;;;;CORPORE;dbo;GCCUSTO;CODCOLIGADA;FKIBEM_GCCUSTOATUAL
FK;CORPORE;dbo;IBEM_OLD;TABELA;CODCOLIGADA;1;;;;;;;;CORPORE;dbo;TMOV;CODCOLIGADA;FKIBEM_TMOV
FK;CORPORE;dbo;IBEM_OLD;TABELA;CHAVENUCLEUS;2;;;;;;;;CORPORE;dbo;TMOV;IDMOV;FKIBEM_TMOV
FK;CORPORE;dbo;IBEM_OLD;TABELA;CODCCUSTOATUAL;2;;;;;;;;CORPORE;dbo;GCCUSTO;CODCCUSTO;FKIBEM_GCCUSTOATUAL
FK;CORPORE;dbo;IBEM_OLD;TABELA;CODFORNEC;2;;;;;;;;CORPORE;dbo;FCFO;CODCFO;FKIBEM_FCFO
FK;CORPORE;dbo;IBEMCC_OLD;TABELA;CODCOLIGADA;1;;;;;;;;CORPORE;dbo;GCCUSTO;CODCOLIGADA;FKIBEMCC_GCCUSTO
FK;CORPORE;dbo;IBEMCC_OLD;TABELA;CODCCUSTO;2;;;;;;;;CORPORE;dbo;GCCUSTO;CODCCUSTO;FKIBEMCC_GCCUSTO
FK;CORPORE;dbo;IBEMDEFAULTCONT;TABELA;CODCOLCONTA;1;;;;;;;;CORPORE;dbo;CCONTA;CODCOLIGADA;FKIBEMDEFAULTCONT_CCONTA
FK;CORPORE;dbo;IBEMDEFAULTCONT;TABELA;CODCOLIGADA;1;;;;;;;;CORPORE;dbo;GCCUSTO;CODCOLIGADA;FKIBEMDEFAULTCONT_GCCUSTO
FK;CORPORE;dbo;IBEMDEFAULTCONT;TABELA;CODCCUSTO;2;;;;;;;;CORPORE;dbo;GCCUSTO;CODCCUSTO;FKIBEMDEFAULTCONT_GCCUSTO
FK;CORPORE;dbo;IBEMDEFAULTCONT;TABELA;CODCONTA;2;;;;;;;;CORPORE;dbo;CCONTA;CODCONTA;FKIBEMDEFAULTCONT_CCONTA
FK;CORPORE;dbo;IBEMDEFAULTCONTRAT;TABELA;CODCOLCONTAGER;1;;;;;;;;CORPORE;dbo;CGERENCIA;CODCOLIGADA;FKIBEMDEFAULTCONTRAT_CGERENCIA
FK;CORPORE;dbo;IBEMDEFAULTCONTRAT;TABELA;CODCONTAGER;2;;;;;;;;CORPORE;dbo;CGERENCIA;CODCONTA;FKIBEMDEFAULTCONTRAT_CGERENCIA
FK;CORPORE;dbo;IBEMINVENTARIO_OLD;TABELA;CODCOLIGADA;1;;;;;;;;CORPORE;dbo;GCCUSTO;CODCOLIGADA;FKIBEMINVENTARIO_GCCUSTO
FK;CORPORE;dbo;IBEMINVENTARIO_OLD;TABELA;CODCCUSTO;2;;;;;;;;CORPORE;dbo;GCCUSTO;CODCCUSTO;FKIBEMINVENTARIO_GCCUSTO
FK;CORPORE;dbo;IBEMTRANSFERENCIA_OLD;TABELA;CODCOLIGADA;1;;;;;;;;CORPORE;dbo;GCCUSTO;CODCOLIGADA;FKIBEMTRANS_GCCUSTODESTINO
FK;CORPORE;dbo;IBEMTRANSFERENCIA_OLD;TABELA;CODCOLIGADA;1;;;;;;;;CORPORE;dbo;GCCUSTO;CODCOLIGADA;FKIBEMTRANS_GCCUSTOORIGEM
FK;CORPORE;dbo;IBEMTRANSFERENCIA_OLD;TABELA;CODCCUSTODESTINO;2;;;;;;;;CORPORE;dbo;GCCUSTO;CODCCUSTO;FKIBEMTRANS_GCCUSTODESTINO
FK;CORPORE;dbo;IBEMTRANSFERENCIA_OLD;TABELA;CODCCUSTOORIGEM;2;;;;;;;;CORPORE;dbo;GCCUSTO;CODCCUSTO;FKIBEMTRANS_GCCUSTOORIGEM
FK;CORPORE;dbo;ICALCULORAZAO;TABELA;USUARIOALTERACAO;1;;;;;;;;CORPORE;dbo;GUSUARIO;CODUSUARIO;FKICALCULORAZAO_GUSUARIO
FK;CORPORE;dbo;ICALCULORAZAO;TABELA;USUARIOCRIACAO;1;;;;;;;;CORPORE;dbo;GUSUARIO;CODUSUARIO;FKICALCULORAZA2_GUSUARIO
FK;CORPORE;dbo;ICALCULORAZAOCENTROCUSTO;TABELA;CODCOLIGADACENTROCUSTO;1;;;;;;;;CORPORE;dbo;GCCUSTO;CODCOLIGADA;FKICALCRAZAOCTROCUST_GCCUSTO
FK;CORPORE;dbo;ICALCULORAZAOCENTROCUSTO;TABELA;CODCENTROCUSTO;2;;;;;;;;CORPORE;dbo;GCCUSTO;CODCCUSTO;FKICALCRAZAOCTROCUST_GCCUSTO
FK;CORPORE;dbo;ICCUSTOINVENTARIO;TABELA;CODCOLIGADA;1;;;;;;;;CORPORE;dbo;GCCUSTO;CODCOLIGADA;FKICCUSTOINVENTARIO_GCCUSTO
FK;CORPORE;dbo;ICCUSTOINVENTARIO;TABELA;CODCCUSTO;2;;;;;;;;CORPORE;dbo;GCCUSTO;CODCCUSTO;FKICCUSTOINVENTARIO_GCCUSTO
FK;CORPORE;dbo;ICENARIOCALCULOCONTA;TABELA;CODCOLCCUSTO;1;;;;;;;;CORPORE;dbo;GCCUSTO;CODCOLIGADA;FKICENARIOCALCULOCONTA_GCCUSTO
FK;CORPORE;dbo;ICENARIOCALCULOCONTA;TABELA;CODCOLCONTA;1;;;;;;;;CORPORE;dbo;CCONTA;CODCOLIGADA;FKICENARIOCALCULOCONTA_CCONTA
FK;CORPORE;dbo;ICENARIOCALCULOCONTA;TABELA;CODCCUSTO;2;;;;;;;;CORPORE;dbo;GCCUSTO;CODCCUSTO;FKICENARIOCALCULOCONTA_GCCUSTO
FK;CORPORE;dbo;ICENARIOCALCULOCONTA;TABELA;CODCONTA;2;;;;;;;;CORPORE;dbo;CCONTA;CODCONTA;FKICENARIOCALCULOCONTA_CCONTA
FK;CORPORE;dbo;ICENARIOCALCULOCONTARATEIO;TABELA;CODCOLCONTAGER;1;;;;;;;;CORPORE;dbo;CGERENCIA;CODCOLIGADA;FKICENARIOCALCCONRAT_CGERENCIA
FK;CORPORE;dbo;ICENARIOCALCULOCONTARATEIO;TABELA;CODCONTAGER;2;;;;;;;;CORPORE;dbo;CGERENCIA;CODCONTA;FKICENARIOCALCCONRAT_CGERENCIA
FK;CORPORE;dbo;IGRPCONT_OLD;TABELA;CODCOLCBEM;1;;;;;;;;CORPORE;dbo;CCONTA;CODCOLIGADA;FKIGRPCONT_CCONTA0
FK;CORPORE;dbo;IGRPCONT_OLD;TABELA;CODCOLCCORRECAO;1;;;;;;;;CORPORE;dbo;CCONTA;CODCOLIGADA;FKIGRPCONT_CCONTA3
FK;CORPORE;dbo;IGRPCONT_OLD;TABELA;CODCOLCDEPRECIACAO;1;;;;;;;;CORPORE;dbo;CCONTA;CODCOLIGADA;FKIGRPCONT_CCONTA1
FK;CORPORE;dbo;IGRPCONT_OLD;TABELA;CODCOLCDESPESA;1;;;;;;;;CORPORE;dbo;CCONTA;CODCOLIGADA;FKIGRPCONT_CCONTA2
FK;CORPORE;dbo;IGRPCONT_OLD;TABELA;CONTABEM;2;;;;;;;;CORPORE;dbo;CCONTA;CODCONTA;FKIGRPCONT_CCONTA0
FK;CORPORE;dbo;IGRPCONT_OLD;TABELA;CONTACORRECAO;2;;;;;;;;CORPORE;dbo;CCONTA;CODCONTA;FKIGRPCONT_CCONTA3
FK;CORPORE;dbo;IGRPCONT_OLD;TABELA;CONTADEPRECIACAO;2;;;;;;;;CORPORE;dbo;CCONTA;CODCONTA;FKIGRPCONT_CCONTA1
FK;CORPORE;dbo;IGRPCONT_OLD;TABELA;CONTADESPESA;2;;;;;;;;CORPORE;dbo;CCONTA;CODCONTA;FKIGRPCONT_CCONTA2
FK;CORPORE;dbo;IGRPCONTDEFAULTCONT;TABELA;CODCOLCONTA;1;;;;;;;;CORPORE;dbo;CCONTA;CODCOLIGADA;FKIGRPCONTDEFAULTCONT_CCONTA
FK;CORPORE;dbo;IGRPCONTDEFAULTCONT;TABELA;CODCOLIGADA;1;;;;;;;;CORPORE;dbo;GCCUSTO;CODCOLIGADA;FKIGRPCONTDEFAULTCONT_GCCUSTO
FK;CORPORE;dbo;IGRPCONTDEFAULTCONT;TABELA;CODCCUSTO;2;;;;;;;;CORPORE;dbo;GCCUSTO;CODCCUSTO;FKIGRPCONTDEFAULTCONT_GCCUSTO
FK;CORPORE;dbo;IGRPCONTDEFAULTCONT;TABELA;CODCONTA;2;;;;;;;;CORPORE;dbo;CCONTA;CODCONTA;FKIGRPCONTDEFAULTCONT_CCONTA
FK;CORPORE;dbo;IGRPCONTDEFAULTCONTRAT;TABELA;CODCOLCONTAGER;1;;;;;;;;CORPORE;dbo;CGERENCIA;CODCOLIGADA;FKIGRPCONTDEFCONTRAT_CGEREN
FK;CORPORE;dbo;IGRPCONTDEFAULTCONTRAT;TABELA;CODCONTAGER;2;;;;;;;;CORPORE;dbo;CGERENCIA;CODCONTA;FKIGRPCONTDEFCONTRAT_CGEREN
FK;CORPORE;dbo;IGRUPOCONTA;TABELA;CODCOLIGADACONTA;1;;;;;;;;CORPORE;dbo;CCONTA;CODCOLIGADA;FKIGRUPOCONTA_CCONTA
FK;CORPORE;dbo;IGRUPOCONTA;TABELA;CODCONTA;2;;;;;;;;CORPORE;dbo;CCONTA;CODCONTA;FKIGRUPOCONTA_CCONTA
FK;CORPORE;dbo;IGRUPOPATRIMONIOCONTA;TABELA;CODCOLCCUSTO;1;;;;;;;;CORPORE;dbo;GCCUSTO;CODCOLIGADA;FKIGRUPOPATRIMONIOCONTA_GCCUST
FK;CORPORE;dbo;IGRUPOPATRIMONIOCONTA;TABELA;CODCOLCONTA;1;;;;;;;;CORPORE;dbo;CCONTA;CODCOLIGADA;FKIGRUPOPATRIMONIOCONTA_CCONTA
FK;CORPORE;dbo;IGRUPOPATRIMONIOCONTA;TABELA;CODCCUSTO;2;;;;;;;;CORPORE;dbo;GCCUSTO;CODCCUSTO;FKIGRUPOPATRIMONIOCONTA_GCCUST
FK;CORPORE;dbo;IGRUPOPATRIMONIOCONTA;TABELA;CODCONTA;2;;;;;;;;CORPORE;dbo;CCONTA;CODCONTA;FKIGRUPOPATRIMONIOCONTA_CCONTA
FK;CORPORE;dbo;IGRUPOPATRIMONIOCONTARATEIO;TABELA;CODCOLCONTAGER;1;;;;;;;;CORPORE;dbo;CGERENCIA;CODCOLIGADA;FKIGRUPOPATRICONRT_CGERENCIA
FK;CORPORE;dbo;IGRUPOPATRIMONIOCONTARATEIO;TABELA;CODCONTAGER;2;;;;;;;;CORPORE;dbo;CGERENCIA;CODCONTA;FKIGRUPOPATRICONRT_CGERENCIA
FK;CORPORE;dbo;IINTEGRAAQUISICAO;TABELA;CODCOLIGADACENTROCUSTO;1;;;;;;;;CORPORE;dbo;GCCUSTO;CODCOLIGADA;FKIINTEGRAAQUISICAO_GCCUSTO
FK;CORPORE;dbo;IINTEGRAAQUISICAO;TABELA;CODCOLIGADAFORNECEDOR;1;;;;;;;;CORPORE;dbo;FCFO;CODCOLIGADA;FKIINTEGRAAQUISICAO_FCFO
FK;CORPORE;dbo;IINTEGRAAQUISICAO;TABELA;USUARIOALTERACAO;1;;;;;;;;CORPORE;dbo;GUSUARIO;CODUSUARIO;FKIINTEGRAAQUIS_GUSUARIOALT
FK;CORPORE;dbo;IINTEGRAAQUISICAO;TABELA;USUARIOCRIACAO;1;;;;;;;;CORPORE;dbo;GUSUARIO;CODUSUARIO;FKIINTEGRAAQUIS_GUSUARIOCRIAC
FK;CORPORE;dbo;IINTEGRAAQUISICAO;TABELA;CODCENTROCUSTO;2;;;;;;;;CORPORE;dbo;GCCUSTO;CODCCUSTO;FKIINTEGRAAQUISICAO_GCCUSTO
FK;CORPORE;dbo;IINTEGRAAQUISICAO;TABELA;CODFORNECEDOR;2;;;;;;;;CORPORE;dbo;FCFO;CODCFO;FKIINTEGRAAQUISICAO_FCFO
FK;CORPORE;dbo;IINTEGRACONTABILIZACAOHIST;TABELA;CODUSUARIO;1;;;;;;;;CORPORE;dbo;GUSUARIO;CODUSUARIO;FKIINTEGCONTHIST_GUSUARIO
FK;CORPORE;dbo;IINTEGRARATEIOAQUISICAO;TABELA;CODCOLGERENCIAL;1;;;;;;;;CORPORE;dbo;CGERENCIA;CODCOLIGADA;FKIINTRATEIO_CGERENCIA
FK;CORPORE;dbo;IINTEGRARATEIOAQUISICAO;TABELA;CODGERENCIAL;2;;;;;;;;CORPORE;dbo;CGERENCIA;CODCONTA;FKIINTRATEIO_CGERENCIA
FK;CORPORE;dbo;IINTEGRAROCORRENCIA;TABELA;USUARIOCRIACAO;1;;;;;;;;CORPORE;dbo;GUSUARIO;CODUSUARIO;FKIINTEGRAROCORRENCIA_GUSUARIO
FK;CORPORE;dbo;IINVENTARIO;TABELA;CODCOLIGADA;1;;;;;;;;CORPORE;dbo;GCCUSTO;CODCOLIGADA;FKIINVENTARIO_GCCUSTO
FK;CORPORE;dbo;IINVENTARIO;TABELA;CODCENTROCUSTO;2;;;;;;;;CORPORE;dbo;GCCUSTO;CODCCUSTO;FKIINVENTARIO_GCCUSTO
FK;CORPORE;dbo;ILOCAL;TABELA;CODCOLIGADA;1;;;;;;;;CORPORE;dbo;GCCUSTO;CODCOLIGADA;FKILOCAL_GCCUSTO
FK;CORPORE;dbo;ILOCAL;TABELA;CODCCUSTO;2;;;;;;;;CORPORE;dbo;GCCUSTO;CODCCUSTO;FKILOCAL_GCCUSTO
FK;CORPORE;dbo;ILOCALCONT;TABELA;CODCOLCONTA;1;;;;;;;;CORPORE;dbo;CCONTA;CODCOLIGADA;FKILOCALCONT_CCONTA
FK;CORPORE;dbo;ILOCALCONT;TABELA;CODCOLIGADA;1;;;;;;;;CORPORE;dbo;GCCUSTO;CODCOLIGADA;FKILOCALCONT_GCCUSTO
FK;CORPORE;dbo;ILOCALCONT;TABELA;CODCCUSTO;2;;;;;;;;CORPORE;dbo;GCCUSTO;CODCCUSTO;FKILOCALCONT_GCCUSTO
FK;CORPORE;dbo;ILOCALCONT;TABELA;CODCONTA;2;;;;;;;;CORPORE;dbo;CCONTA;CODCONTA;FKILOCALCONT_CCONTA
FK;CORPORE;dbo;ILOCALRAT;TABELA;CODCOLCONTAGER;1;;;;;;;;CORPORE;dbo;CGERENCIA;CODCOLIGADA;FKILOCALRAT_CGERENCIA
FK;CORPORE;dbo;ILOCALRAT;TABELA;CODCONTAGER;2;;;;;;;;CORPORE;dbo;CGERENCIA;CODCONTA;FKILOCALRAT_CGERENCIA
FK;CORPORE;dbo;IMOTIVOBAIXACONTA;TABELA;CODCOLCCUSTO;1;;;;;;;;CORPORE;dbo;GCCUSTO;CODCOLIGADA;FKIMOTIVOBAIXACONTA_GCCUSTO
FK;CORPORE;dbo;IMOTIVOBAIXACONTA;TABELA;CODCOLCONTA;1;;;;;;;;CORPORE;dbo;CCONTA;CODCOLIGADA;FKIMOTIVOBAIXACONTA_CCONTA
FK;CORPORE;dbo;IMOTIVOBAIXACONTA;TABELA;CODCCUSTO;2;;;;;;;;CORPORE;dbo;GCCUSTO;CODCCUSTO;FKIMOTIVOBAIXACONTA_GCCUSTO
FK;CORPORE;dbo;IMOTIVOBAIXACONTA;TABELA;CODCONTA;2;;;;;;;;CORPORE;dbo;CCONTA;CODCONTA;FKIMOTIVOBAIXACONTA_CCONTA
FK;CORPORE;dbo;IMOTIVOBAIXACONTARATEIO;TABELA;CODCOLCONTAGER;1;;;;;;;;CORPORE;dbo;CGERENCIA;CODCOLIGADA;FKIMOTIVOBAIXACONTARAT_CGERENC
FK;CORPORE;dbo;IMOTIVOBAIXACONTARATEIO;TABELA;CODCONTAGER;2;;;;;;;;CORPORE;dbo;CGERENCIA;CODCONTA;FKIMOTIVOBAIXACONTARAT_CGERENC
FK;CORPORE;dbo;IMTBX_OLD;TABELA;CODCOLCGANHO;1;;;;;;;;CORPORE;dbo;CCONTA;CODCOLIGADA;FKIMTBXCG_CCONTA
FK;CORPORE;dbo;IMTBX_OLD;TABELA;CODCOLCPERDA;1;;;;;;;;CORPORE;dbo;CCONTA;CODCOLIGADA;FKIMTBXCP_CCONTA
FK;CORPORE;dbo;IMTBX_OLD;TABELA;CONTAGANHO;2;;;;;;;;CORPORE;dbo;CCONTA;CODCONTA;FKIMTBXCG_CCONTA
FK;CORPORE;dbo;IMTBX_OLD;TABELA;CONTAPERDA;2;;;;;;;;CORPORE;dbo;CCONTA;CODCONTA;FKIMTBXCP_CCONTA
FK;CORPORE;dbo;IMTBXCONT;TABELA;CODCOLCONTA;1;;;;;;;;CORPORE;dbo;CCONTA;CODCOLIGADA;FKIMTBXCONT_CCONTA
FK;CORPORE;dbo;IMTBXCONT;TABELA;CODCOLIGADA;1;;;;;;;;CORPORE;dbo;GCCUSTO;CODCOLIGADA;FKIMTBXCONT_GCCUSTO
FK;CORPORE;dbo;IMTBXCONT;TABELA;CODCCUSTO;2;;;;;;;;CORPORE;dbo;GCCUSTO;CODCCUSTO;FKIMTBXCONT_GCCUSTO
FK;CORPORE;dbo;IMTBXCONT;TABELA;CODCONTA;2;;;;;;;;CORPORE;dbo;CCONTA;CODCONTA;FKIMTBXCONT_CCONTA
FK;CORPORE;dbo;IMTBXRAT;TABELA;CODCOLCONTAGER;1;;;;;;;;CORPORE;dbo;CGERENCIA;CODCOLIGADA;FKIMTBXRAT_CGERENCIA
FK;CORPORE;dbo;IMTBXRAT;TABELA;CODCONTAGER;2;;;;;;;;CORPORE;dbo;CGERENCIA;CODCONTA;FKIMTBXRAT_CGERENCIA
FK;CORPORE;dbo;IOCOR_OLD;TABELA;CODCOLCBAIXA;1;;;;;;;;CORPORE;dbo;CCONTA;CODCOLIGADA;FKIOCOR_CCONTA
FK;CORPORE;dbo;IOCOR_OLD;TABELA;CONTABAIXA;2;;;;;;;;CORPORE;dbo;CCONTA;CODCONTA;FKIOCOR_CCONTA
FK;CORPORE;dbo;IOCORRENCIA;TABELA;USUARIOALTERACAO;1;;;;;;;;CORPORE;dbo;GUSUARIO;CODUSUARIO;FKIOCORRENCIA_GUSUARIO
FK;CORPORE;dbo;IOCORRENCIA;TABELA;USUARIOCRIACAO;1;;;;;;;;CORPORE;dbo;GUSUARIO;CODUSUARIO;FKIOCORRENCIACRIACAO_GUSUARIO
FK;CORPORE;dbo;IOPERACAOCONTABIL;TABELA;USUARIOCRIACAO;1;;;;;;;;CORPORE;dbo;GUSUARIO;CODUSUARIO;FKIOPERACAOCONTABIL_GUSUARIO
FK;CORPORE;dbo;IPARAM;TABELA;CODCOLIGADA;1;;;;;;;;CORPORE;dbo;CLOTE;CODCOLIGADA;FKIPARAM_CLOTE
FK;CORPORE;dbo;IPARAM;TABELA;CODLOTESALDUS;2;;;;;;;;CORPORE;dbo;CLOTE;CODLOTE;FKIPARAM_CLOTE
FK;CORPORE;dbo;IPARTIDAOPERACAO;TABELA;CODCOLCONTAELIMINACAO;1;;;;;;;;CORPORE;dbo;CCONTA;CODCOLIGADA;FKIPARTIDAOPERACAO_CCONTA3
FK;CORPORE;dbo;IPARTIDAOPERACAO;TABELA;CODCOLIGADACENTROCUSTO;1;;;;;;;;CORPORE;dbo;GCCUSTO;CODCOLIGADA;FKIPARTIDAOPERACAO_GCCUSTO
FK;CORPORE;dbo;IPARTIDAOPERACAO;TABELA;CODCOLIGADACONTACREDITO;1;;;;;;;;CORPORE;dbo;CCONTA;CODCOLIGADA;FKIPARTIDAOPERACAO_CCONTA2
FK;CORPORE;dbo;IPARTIDAOPERACAO;TABELA;CODCOLIGADACONTADEBITO;1;;;;;;;;CORPORE;dbo;CCONTA;CODCOLIGADA;FKIPARTIDAOPERACAO_CCONTA
FK;CORPORE;dbo;IPARTIDAOPERACAO;TABELA;CODCENTROCUSTO;2;;;;;;;;CORPORE;dbo;GCCUSTO;CODCCUSTO;FKIPARTIDAOPERACAO_GCCUSTO
FK;CORPORE;dbo;IPARTIDAOPERACAO;TABELA;CODCONTACREDITO;2;;;;;;;;CORPORE;dbo;CCONTA;CODCONTA;FKIPARTIDAOPERACAO_CCONTA2
FK;CORPORE;dbo;IPARTIDAOPERACAO;TABELA;CODCONTADEBITO;2;;;;;;;;CORPORE;dbo;CCONTA;CODCONTA;FKIPARTIDAOPERACAO_CCONTA
FK;CORPORE;dbo;IPARTIDAOPERACAO;TABELA;CODCONTAELIMINACAO;2;;;;;;;;CORPORE;dbo;CCONTA;CODCONTA;FKIPARTIDAOPERACAO_CCONTA3
FK;CORPORE;dbo;IPATRIMONIO;TABELA;CODCOLIGADACENTROCUSTO;1;;;;;;;;CORPORE;dbo;GCCUSTO;CODCOLIGADA;FKIPATRIMONIO_GCCUSTO
FK;CORPORE;dbo;IPATRIMONIO;TABELA;CODCOLIGADAFORNECEDOR;1;;;;;;;;CORPORE;dbo;FCFO;CODCOLIGADA;FKIPATRIMONIO_FCFO
FK;CORPORE;dbo;IPATRIMONIO;TABELA;USUARIOALTERACAO;1;;;;;;;;CORPORE;dbo;GUSUARIO;CODUSUARIO;FKIPATRIMONI2_GUSUARIO
FK;CORPORE;dbo;IPATRIMONIO;TABELA;USUARIOCRIACAO;1;;;;;;;;CORPORE;dbo;GUSUARIO;CODUSUARIO;FKIPATRIMONIO_GUSUARIO
FK;CORPORE;dbo;IPATRIMONIO;TABELA;CODCENTROCUSTO;2;;;;;;;;CORPORE;dbo;GCCUSTO;CODCCUSTO;FKIPATRIMONIO_GCCUSTO
FK;CORPORE;dbo;IPATRIMONIO;TABELA;CODFORNECEDOR;2;;;;;;;;CORPORE;dbo;FCFO;CODCFO;FKIPATRIMONIO_FCFO
FK;CORPORE;dbo;IPATRIMONIOALOCACAO;TABELA;CODCOLCFODEST;1;;;;;;;;CORPORE;dbo;FCFO;CODCOLIGADA;FKIPATRIMONIOALOC_FCFODEST
FK;CORPORE;dbo;IPATRIMONIOALOCACAO;TABELA;CODCOLCFOORIG;1;;;;;;;;CORPORE;dbo;FCFO;CODCOLIGADA;FKIPATRIMONIOALOC_FCFOORIG
FK;CORPORE;dbo;IPATRIMONIOALOCACAO;TABELA;CODCOLIGADA;1;;;;;;;;CORPORE;dbo;GCCUSTO;CODCOLIGADA;FKIPATRIMONIOALOC_GCCUSTODEST
FK;CORPORE;dbo;IPATRIMONIOALOCACAO;TABELA;CODCOLIGADA;1;;;;;;;;CORPORE;dbo;GCCUSTO;CODCOLIGADA;FKIPATRIMONIOALOC_GCCUSTOORIG
FK;CORPORE;dbo;IPATRIMONIOALOCACAO;TABELA;USUARIOALTERACAO;1;;;;;;;;CORPORE;dbo;GUSUARIO;CODUSUARIO;FKIPATRIMONIOALOCACAO_GUSUARIO
FK;CORPORE;dbo;IPATRIMONIOALOCACAO;TABELA;USUARIOCRIACAO;1;;;;;;;;CORPORE;dbo;GUSUARIO;CODUSUARIO;FKIPATRIMONIOALOCACAO_GUSUARI2
FK;CORPORE;dbo;IPATRIMONIOALOCACAO;TABELA;CODCENTROCUSTODESTINO;2;;;;;;;;CORPORE;dbo;GCCUSTO;CODCCUSTO;FKIPATRIMONIOALOC_GCCUSTODEST
FK;CORPORE;dbo;IPATRIMONIOALOCACAO;TABELA;CODCENTROCUSTOORIGEM;2;;;;;;;;CORPORE;dbo;GCCUSTO;CODCCUSTO;FKIPATRIMONIOALOC_GCCUSTOORIG
FK;CORPORE;dbo;IPATRIMONIOALOCACAO;TABELA;CODCFODESTINO;2;;;;;;;;CORPORE;dbo;FCFO;CODCFO;FKIPATRIMONIOALOC_FCFODEST
FK;CORPORE;dbo;IPATRIMONIOALOCACAO;TABELA;CODCFOORIGEM;2;;;;;;;;CORPORE;dbo;FCFO;CODCFO;FKIPATRIMONIOALOC_FCFOORIG
FK;CORPORE;dbo;IPATRIMONIOAVALIACAORESIDUAL;TABELA;USUARIOALTERACAO;1;;;;;;;;CORPORE;dbo;GUSUARIO;CODUSUARIO;FKIPATRIMONIOAVALRE2_GUSUARIO
FK;CORPORE;dbo;IPATRIMONIOAVALIACAORESIDUAL;TABELA;USUARIOCRIACAO;1;;;;;;;;CORPORE;dbo;GUSUARIO;CODUSUARIO;FKIPATRIMONIOAVALRES_GUSUARIO
FK;CORPORE;dbo;IPATRIMONIOCENTROCUSTO;TABELA;CODCOLIGADACENTROCUSTO;1;;;;;;;;CORPORE;dbo;GCCUSTO;CODCOLIGADA;FKIPATRIMONIOCTROCUST_GCCUSTO
FK;CORPORE;dbo;IPATRIMONIOCENTROCUSTO;TABELA;CODCENTROCUSTO;2;;;;;;;;CORPORE;dbo;GCCUSTO;CODCCUSTO;FKIPATRIMONIOCTROCUST_GCCUSTO
FK;CORPORE;dbo;IPATRIMONIOCONTA;TABELA;CODCOLCCUSTO;1;;;;;;;;CORPORE;dbo;GCCUSTO;CODCOLIGADA;FKIPATRIMONIOCONTA_GCCUSTO
FK;CORPORE;dbo;IPATRIMONIOCONTA;TABELA;CODCOLCONTA;1;;;;;;;;CORPORE;dbo;CCONTA;CODCOLIGADA;FKIPATRIMONIOCONTA_CCONTA
FK;CORPORE;dbo;IPATRIMONIOCONTA;TABELA;CODCCUSTO;2;;;;;;;;CORPORE;dbo;GCCUSTO;CODCCUSTO;FKIPATRIMONIOCONTA_GCCUSTO
FK;CORPORE;dbo;IPATRIMONIOCONTA;TABELA;CODCONTA;2;;;;;;;;CORPORE;dbo;CCONTA;CODCONTA;FKIPATRIMONIOCONTA_CCONTA
FK;CORPORE;dbo;IPATRIMONIOCONTARATEIO;TABELA;CODCOLCONTAGER;1;;;;;;;;CORPORE;dbo;CGERENCIA;CODCOLIGADA;FKIPATRIMONIOCONTARAT_CGERENCI
FK;CORPORE;dbo;IPATRIMONIOCONTARATEIO;TABELA;CODCONTAGER;2;;;;;;;;CORPORE;dbo;CGERENCIA;CODCONTA;FKIPATRIMONIOCONTARAT_CGERENCI
FK;CORPORE;dbo;IPATRIMONIOMOEDA;TABELA;USUARIOALTERACAO;1;;;;;;;;CORPORE;dbo;GUSUARIO;CODUSUARIO;FKIPATRIMONIOMOEDA_GUSUARIO
FK;CORPORE;dbo;IPATRIMONIOMOEDA;TABELA;USUARIOCRIACAO;1;;;;;;;;CORPORE;dbo;GUSUARIO;CODUSUARIO;FKIPATRIMONIOMOED2_GUSUARIO
FK;CORPORE;dbo;IPATRIMONIORATEIOGER;TABELA;CODCOLGERENCIAL;1;;;;;;;;CORPORE;dbo;CGERENCIA;CODCOLIGADA;FKIPATRATEIOGER_CGERENCIA
FK;CORPORE;dbo;IPATRIMONIORATEIOGER;TABELA;CODGERENCIAL;2;;;;;;;;CORPORE;dbo;CGERENCIA;CODCONTA;FKIPATRATEIOGER_CGERENCIA
FK;CORPORE;dbo;IPATRIMONIOREVISAOVIDAUTIL;TABELA;USUARIOALTERACAO;1;;;;;;;;CORPORE;dbo;GUSUARIO;CODUSUARIO;FKIPATRIMONIOREVISAO_GUSUAR
FK;CORPORE;dbo;IPATRIMONIOREVISAOVIDAUTIL;TABELA;USUARIOCRIACAO;1;;;;;;;;CORPORE;dbo;GUSUARIO;CODUSUARIO;FKIPATRIMONIOREVISAO_GUSUARIO
FK;CORPORE;dbo;IPATRIMONIOTRANSFERENCIA;TABELA;CODCOLIGADA;1;;;;;;;;CORPORE;dbo;GCCUSTO;CODCOLIGADA;FKIPATRIMONIOTRANSF_GCCUSTO
FK;CORPORE;dbo;IPATRIMONIOTRANSFERENCIA;TABELA;CODCOLIGADA;1;;;;;;;;CORPORE;dbo;GCCUSTO;CODCOLIGADA;FKIPATRIMONIOTRANS_GCCUSTO
FK;CORPORE;dbo;IPATRIMONIOTRANSFERENCIA;TABELA;USUARIOALTERACAO;1;;;;;;;;CORPORE;dbo;GUSUARIO;CODUSUARIO;FKIPATRIMONIOTRANSF2_GUSUARIO
FK;CORPORE;dbo;IPATRIMONIOTRANSFERENCIA;TABELA;USUARIOCRIACAO;1;;;;;;;;CORPORE;dbo;GUSUARIO;CODUSUARIO;FKIPATRIMONIOTRANSF_GUSUARIO
FK;CORPORE;dbo;IPATRIMONIOTRANSFERENCIA;TABELA;CODCENTROCUSTODESTINO;2;;;;;;;;CORPORE;dbo;GCCUSTO;CODCCUSTO;FKIPATRIMONIOTRANSF_GCCUSTO
FK;CORPORE;dbo;IPATRIMONIOTRANSFERENCIA;TABELA;CODCENTROCUSTOORIGEM;2;;;;;;;;CORPORE;dbo;GCCUSTO;CODCCUSTO;FKIPATRIMONIOTRANS_GCCUSTO
FK;CORPORE;dbo;IRATEIODEPREC_OLD;TABELA;CODCOLGERENCIAL;1;;;;;;;;CORPORE;dbo;CGERENCIA;CODCOLIGADA;FKIRATEIODEPREC_CGERENCIAL
FK;CORPORE;dbo;IRATEIODEPREC_OLD;TABELA;CODGERENCIAL;2;;;;;;;;CORPORE;dbo;CGERENCIA;CODCONTA;FKIRATEIODEPREC_CGERENCIAL
FK;CORPORE;dbo;IRATEIOOPERACAO;TABELA;CODCOLIGADACONTA;1;;;;;;;;CORPORE;dbo;CCONTA;CODCOLIGADA;FKIRATEIOOPERACAO_CCONTA
FK;CORPORE;dbo;IRATEIOOPERACAO;TABELA;CODCOLIGADACONTAGERENCIAL;1;;;;;;;;CORPORE;dbo;CGERENCIA;CODCOLIGADA;FKIRATEIOOPERACAO_CGERENCIA
FK;CORPORE;dbo;IRATEIOOPERACAO;TABELA;CODCONTA;2;;;;;;;;CORPORE;dbo;CCONTA;CODCONTA;FKIRATEIOOPERACAO_CCONTA
FK;CORPORE;dbo;IRATEIOOPERACAO;TABELA;CODCONTAGERENCIAL;2;;;;;;;;CORPORE;dbo;CGERENCIA;CODCONTA;FKIRATEIOOPERACAO_CGERENCIA
FK;CORPORE;dbo;IRATEIOSALDOCONTA;TABELA;CODCOLIGADACENTROCUSTO;1;;;;;;;;CORPORE;dbo;GCCUSTO;CODCOLIGADA;FKIRATEIOSALDOCONTA_GCCUSTO
FK;CORPORE;dbo;IRATEIOSALDOCONTA;TABELA;CODCENTROCUSTO;2;;;;;;;;CORPORE;dbo;GCCUSTO;CODCCUSTO;FKIRATEIOSALDOCONTA_GCCUSTO
FK;CORPORE;dbo;IRAZAOGERENCIAL_OLD;TABELA;CODCOLIGADA;1;;;;;;;;CORPORE;dbo;GCCUSTO;CODCOLIGADA;FKIRAZAOGERENCIAL_GCCUSTO
FK;CORPORE;dbo;IRAZAOGERENCIAL_OLD;TABELA;CODCCUSTO;2;;;;;;;;CORPORE;dbo;GCCUSTO;CODCCUSTO;FKIRAZAOGERENCIAL_GCCUSTO
FK;CORPORE;dbo;IREVISAOVIDAUTIL;TABELA;USUARIOALTERACAO;1;;;;;;;;CORPORE;dbo;GUSUARIO;CODUSUARIO;FKIREVISAOVIDAUTIL_GUSUAR
FK;CORPORE;dbo;IREVISAOVIDAUTIL;TABELA;USUARIOCRIACAO;1;;;;;;;;CORPORE;dbo;GUSUARIO;CODUSUARIO;FKIREVISAOVIDAUTIL_GUSUARIO
FK;CORPORE;dbo;ISALDOCALCULOPATRIMONIOMOEDA;TABELA;USUARIOALTERACAO;1;;;;;;;;CORPORE;dbo;GUSUARIO;CODUSUARIO;FKISALDOCALCPATRMOEDA_GUSUARIO
FK;CORPORE;dbo;ISALDOCALCULOPATRIMONIOMOEDA;TABELA;USUARIOCRIACAO;1;;;;;;;;CORPORE;dbo;GUSUARIO;CODUSUARIO;FKISALDOCALCPATRIMOEDA_GUSUARI
FK;CORPORE;dbo;ISALDOCONTA;TABELA;CODCOLIGADACONTA;1;;;;;;;;CORPORE;dbo;CCONTA;CODCOLIGADA;FKISALDOCONTA_CCONTA
FK;CORPORE;dbo;ISALDOCONTA;TABELA;CODCONTA;2;;;;;;;;CORPORE;dbo;CCONTA;CODCONTA;FKISALDOCONTA_CCONTA
FK;CORPORE;dbo;ITAXADEPRECIACAO;TABELA;USUARIOALTERACAO;1;;;;;;;;CORPORE;dbo;GUSUARIO;CODUSUARIO;FKITAXADEPRECIACA2_GUSUARIO
FK;CORPORE;dbo;ITAXADEPRECIACAO;TABELA;USUARIOCRIACAO;1;;;;;;;;CORPORE;dbo;GUSUARIO;CODUSUARIO;FKITAXADEPRECIACAO_GUSUARIO
FK;CORPORE;dbo;ITRANSFERENCIACONTROLE;TABELA;USUARIOALTERACAO;1;;;;;;;;CORPORE;dbo;GUSUARIO;CODUSUARIO;FKITRANSFERENCIACONTR_GUSUARI2
FK;CORPORE;dbo;ITRANSFERENCIACONTROLE;TABELA;USUARIOCRIACAO;1;;;;;;;;CORPORE;dbo;GUSUARIO;CODUSUARIO;FKITRANSFERENCIACONTR_GUSUARIO
FK;CORPORE;dbo;IUSUARIOINVENTARIO;TABELA;CODUSUARIO;1;;;;;;;;CORPORE;dbo;GUSUARIO;CODUSUARIO;FKIUSUARIOINVENTARIO_GUSUARIO
FK;CORPORE;dbo;KAPTOCODBARRAREGQUALIDADE;TABELA;CODPESSOA;1;;;;;;;;CORPORE;dbo;PPESSOA;CODIGO;FK_CBREGQUALIDADE_PPESSOA
FK;CORPORE;dbo;KATVCANCELADA;TABELA;USUARIO;1;;;;;;;;CORPORE;dbo;GUSUARIO;CODUSUARIO;FKKATVCANCELADA_GUSUARIO
FK;CORPORE;dbo;KCALCULOPROGRAMAPRODUCAO;TABELA;CODUSUARIO;1;;;;;;;;CORPORE;dbo;GUSUARIO;CODUSUARIO;FKKCALCULOPROGPROD_GUSUARIO
FK;CORPORE;dbo;KESTRCUSTOPADRAO;TABELA;CODUSUARIO;1;;;;;;;;CORPORE;dbo;GUSUARIO;CODUSUARIO;FKKESTRCUSTOPADRAO_GUSUARIO
FK;CORPORE;dbo;KESTRUTURA;TABELA;CODCOLIGADA;1;;;;;;;;CORPORE;dbo;GCCUSTO;CODCOLIGADA;FKKESTRUTURA_GCCUSTO
FK;CORPORE;dbo;KESTRUTURA;TABELA;CODCCUSTO;2;;;;;;;;CORPORE;dbo;GCCUSTO;CODCCUSTO;FKKESTRUTURA_GCCUSTO
FK;CORPORE;dbo;KETAPA;TABELA;CODCOLIGADA;1;;;;;;;;CORPORE;dbo;GCCUSTO;CODCOLIGADA;FKKETAPA_GCCUSTO
FK;CORPORE;dbo;KETAPA;TABELA;CODCCUSTO;2;;;;;;;;CORPORE;dbo;GCCUSTO;CODCCUSTO;FKKETAPA_GCCUSTO
FK;CORPORE;dbo;KITEMORDEM;TABELA;CODCOLIGADA;1;;;;;;;;CORPORE;dbo;GCCUSTO;CODCOLIGADA;FKKITEMORDEM_GCCUSTO
FK;CORPORE;dbo;KITEMORDEM;TABELA;CODCOLIGADA;1;;;;;;;;CORPORE;dbo;TMOV;CODCOLIGADA;FKKITEMORDEM_TMOV
FK;CORPORE;dbo;KITEMORDEM;TABELA;CODCCUSTO;2;;;;;;;;CORPORE;dbo;GCCUSTO;CODCCUSTO;FKKITEMORDEM_GCCUSTO
FK;CORPORE;dbo;KITEMORDEM;TABELA;IDMOV;2;;;;;;;;CORPORE;dbo;TMOV;IDMOV;FKKITEMORDEM_TMOV
FK;CORPORE;dbo;KITMMOVITEMORDEM;TABELA;CODCOLIGADA;1;;;;;;;;CORPORE;dbo;TITMMOV;CODCOLIGADA;FKKITMMOVITEMORDEM_TITMMOV
FK;CORPORE;dbo;KITMMOVITEMORDEM;TABELA;CODCOLIGADA;1;;;;;;;;CORPORE;dbo;TMOV;CODCOLIGADA;FKKITMMOVITEMORDEM_TMOV
FK;CORPORE;dbo;KITMMOVITEMORDEM;TABELA;IDMOV;2;;;;;;;;CORPORE;dbo;TMOV;IDMOV;FKKITMMOVITEMORDEM_TMOV
FK;CORPORE;dbo;KITMMOVITEMORDEM;TABELA;IDMOV;2;;;;;;;;CORPORE;dbo;TITMMOV;IDMOV;FKKITMMOVITEMORDEM_TITMMOV
FK;CORPORE;dbo;KITMMOVITEMORDEM;TABELA;NSEQITMMOV;3;;;;;;;;CORPORE;dbo;TITMMOV;NSEQITMMOV;FKKITMMOVITEMORDEM_TITMMOV
FK;CORPORE;dbo;KLINHA;TABELA;CODCOLIGADA;1;;;;;;;;CORPORE;dbo;GCCUSTO;CODCOLIGADA;FKKLINHA_GCCUSTO
FK;CORPORE;dbo;KLINHA;TABELA;CODCCUSTO;2;;;;;;;;CORPORE;dbo;GCCUSTO;CODCCUSTO;FKKLINHA_GCCUSTO
FK;CORPORE;dbo;KMAOOBRA;TABELA;CODPESSOA;1;;;;;;;;CORPORE;dbo;PPESSOA;CODIGO;FKKMAOOBRA_PPESSOA
FK;CORPORE;dbo;KMOVESTOQUE;TABELA;CODCOLIGADA;1;;;;;;;;CORPORE;dbo;TITMMOV;CODCOLIGADA;FKKMOVESTOQUE_TITMMOV
FK;CORPORE;dbo;KMOVESTOQUE;TABELA;IDMOV;2;;;;;;;;CORPORE;dbo;TITMMOV;IDMOV;FKKMOVESTOQUE_TITMMOV
FK;CORPORE;dbo;KMOVESTOQUE;TABELA;NSEQITMMOV;3;;;;;;;;CORPORE;dbo;TITMMOV;NSEQITMMOV;FKKMOVESTOQUE_TITMMOV
FK;CORPORE;dbo;KMOVITEMRESERVAOP;TABELA;CODUSUARIOCRIACAO;1;;;;;;;;CORPORE;dbo;GUSUARIO;CODUSUARIO;FKKMOVITEMRESERVAOP_GUSUARIO
FK;CORPORE;dbo;KORDEM;TABELA;CODCOLIGADA;1;;;;;;;;CORPORE;dbo;GCCUSTO;CODCOLIGADA;FKKORDEM_GCCUSTO
FK;CORPORE;dbo;KORDEM;TABELA;CODCCUSTO;2;;;;;;;;CORPORE;dbo;GCCUSTO;CODCCUSTO;FKKORDEM_GCCUSTO
FK;CORPORE;dbo;KORDEMCOMPSUBSTITUTO;TABELA;CODUSUARIO;1;;;;;;;;CORPORE;dbo;GUSUARIO;CODUSUARIO;FKKORDEMCOMPSUBSTITUT_GUSUARIO
FK;CORPORE;dbo;KORDEMTERCEIRO;TABELA;CODCOLCFO;1;;;;;;;;CORPORE;dbo;FCFO;CODCOLIGADA;FKKORDEMTERCEIRO_FCFO
FK;CORPORE;dbo;KORDEMTERCEIRO;TABELA;CODCFO;2;;;;;;;;CORPORE;dbo;FCFO;CODCFO;FKKORDEMTERCEIRO_FCFO
FK;CORPORE;dbo;KPERMISSAOAPONTAATIVIDADE;TABELA;CODUSUARIO;1;;;;;;;;CORPORE;dbo;GUSUARIO;CODUSUARIO;FKKPERMISSAOAPONTATIV_GUSUARIO
FK;CORPORE;dbo;KPMPMATERIAISITEMMOV;TABELA;CODCOLIGADA;1;;;;;;;;CORPORE;dbo;TITMMOV;CODCOLIGADA;FKKPMPMATERIAISITEMMOV_TITMMOV
FK;CORPORE;dbo;KPMPMATERIAISITEMMOV;TABELA;IDMOV;2;;;;;;;;CORPORE;dbo;TITMMOV;IDMOV;FKKPMPMATERIAISITEMMOV_TITMMOV
FK;CORPORE;dbo;KPMPMATERIAISITEMMOV;TABELA;NSEQITMMOV;3;;;;;;;;CORPORE;dbo;TITMMOV;NSEQITMMOV;FKKPMPMATERIAISITEMMOV_TITMMOV
FK;CORPORE;dbo;KPOSTO;TABELA;CODCOLIGADA;1;;;;;;;;CORPORE;dbo;GCCUSTO;CODCOLIGADA;FKKPOSTO_GCCUSTO
FK;CORPORE;dbo;KPOSTO;TABELA;CODCCUSTO;2;;;;;;;;CORPORE;dbo;GCCUSTO;CODCCUSTO;FKKPOSTO_GCCUSTO
FK;CORPORE;dbo;KPROGRAMACAOPRODUCAO;TABELA;CODUSUARIO;1;;;;;;;;CORPORE;dbo;GUSUARIO;CODUSUARIO;FKKPROGRAMACAOPROD_GUSUARIO
FK;CORPORE;dbo;KREGISTROPRODUCAOQUALIDADE;TABELA;CODPESSOA;1;;;;;;;;CORPORE;dbo;PPESSOA;CODIGO;FKKREGISTROPRODQUALI_PPESSOA
FK;CORPORE;dbo;KRESERVA;TABELA;CODUSUARIOCANCELAMENTO;1;;;;;;;;CORPORE;dbo;GUSUARIO;CODUSUARIO;FKKRESERVA_GUSUARIOCANCEL
FK;CORPORE;dbo;KRESERVA;TABELA;CODUSUARIOCRIACAO;1;;;;;;;;CORPORE;dbo;GUSUARIO;CODUSUARIO;FKKRESERVA_GUSUARIOCRIACAO
FK;CORPORE;dbo;KRESERVAPEDIDOPMP;TABELA;CODUSUARIOCRIACAO;1;;;;;;;;CORPORE;dbo;GUSUARIO;CODUSUARIO;FKKRESERVAPEDIDOPMP_GUSUARIO
FK;CORPORE;dbo;LASSINATURAPER;TABELA;CODCOLCFO;1;;;;;;;;CORPORE;dbo;FCFO;CODCOLIGADA;FKLASSINATURAPER_FCFO
FK;CORPORE;dbo;LASSINATURAPER;TABELA;CODCFO;2;;;;;;;;CORPORE;dbo;FCFO;CODCFO;FKLASSINATURAPER_FCFO
FK;CORPORE;dbo;LEMPRESTIMOS;TABELA;RESPONSAVEL;1;;;;;;;;CORPORE;dbo;GUSUARIO;CODUSUARIO;FKLEMPRESTIMOSRESP_GUSUARIO
FK;CORPORE;dbo;LEMPRESTIMOS;TABELA;RESPONSAVELDEV;1;;;;;;;;CORPORE;dbo;GUSUARIO;CODUSUARIO;FKLEMPRESTIMOS_GUSUARIO
FK;CORPORE;dbo;LEXEMPLAR;TABELA;CODCOLIGADA;1;;;;;;;;CORPORE;dbo;TMOV;CODCOLIGADA;FKLEXEMPLAR_TMOV
FK;CORPORE;dbo;LEXEMPLAR;TABELA;IDMOV;2;;;;;;;;CORPORE;dbo;TMOV;IDMOV;FKLEXEMPLAR_TMOV
FK;CORPORE;dbo;LPUBFCFO;TABELA;CODCOLCFO;1;;;;;;;;CORPORE;dbo;FCFO;CODCOLIGADA;FKLPUBFCFO_FCFO
FK;CORPORE;dbo;LPUBFCFO;TABELA;CODCFO;2;;;;;;;;CORPORE;dbo;FCFO;CODCFO;FKLPUBFCFO_FCFO
FK;CORPORE;dbo;LPUBLICMOV;TABELA;CODCOLIGADA;1;;;;;;;;CORPORE;dbo;TMOV;CODCOLIGADA;FKLPUBLICMOV_TMOV
FK;CORPORE;dbo;LPUBLICMOV;TABELA;IDMOV;2;;;;;;;;CORPORE;dbo;TMOV;IDMOV;FKLPUBLICMOV_TMOV
FK;CORPORE;dbo;LRESPONSUNIDADE;TABELA;CODUSUARIO;1;;;;;;;;CORPORE;dbo;GUSUARIO;CODUSUARIO;FKLRESPONSUNID_GUSUARIO
FK;CORPORE;dbo;LSUGESTAO;TABELA;CODCOLIGADA;1;;;;;;;;CORPORE;dbo;TMOV;CODCOLIGADA;FKLSUGESTAO_TMOV
FK;CORPORE;dbo;LSUGESTAO;TABELA;IDMOV;2;;;;;;;;CORPORE;dbo;TMOV;IDMOV;FKLSUGESTAO_TMOV
FK;CORPORE;dbo;LUNIDADE;TABELA;CODCOLIGADA;1;;;;;;;;CORPORE;dbo;GCCUSTO;CODCOLIGADA;FKLUNIDADE_GCCUSTO
FK;CORPORE;dbo;LUNIDADE;TABELA;CODCCUSTO;2;;;;;;;;CORPORE;dbo;GCCUSTO;CODCCUSTO;FKLUNIDADE_GCCUSTO
FK;CORPORE;dbo;LUSUARIO;TABELA;CODCOLCFO;1;;;;;;;;CORPORE;dbo;FCFO;CODCOLIGADA;FKLUSUARIO_FCFO
FK;CORPORE;dbo;LUSUARIO;TABELA;CODPESSOA;1;;;;;;;;CORPORE;dbo;PPESSOA;CODIGO;FKLUSUARIO_PPESSOA
FK;CORPORE;dbo;LUSUARIO;TABELA;CODCFO;2;;;;;;;;CORPORE;dbo;FCFO;CODCFO;FKLUSUARIO_FCFO
FK;CORPORE;dbo;MAPONTEQUIPAMENTO;TABELA;CODCOLIGADA;1;;;;;;;;CORPORE;dbo;GCCUSTO;CODCOLIGADA;FKMAPONTEQUIPAMENTO_GCCUSTO
FK;CORPORE;dbo;MAPONTEQUIPAMENTO;TABELA;CODCCUSTO;2;;;;;;;;CORPORE;dbo;GCCUSTO;CODCCUSTO;FKMAPONTEQUIPAMENTO_GCCUSTO
FK;CORPORE;dbo;MAPONTMAODEOBRA;TABELA;CODCOLIGADA;1;;;;;;;;CORPORE;dbo;GCCUSTO;CODCOLIGADA;FKMAPONTMAODEOBRA_GCCUSTO
FK;CORPORE;dbo;MAPONTMAODEOBRA;TABELA;CODUSUARIO;1;;;;;;;;CORPORE;dbo;GUSUARIO;CODUSUARIO;FKMAPONTMAODEOBRA_GUSUARIO
FK;CORPORE;dbo;MAPONTMAODEOBRA;TABELA;CODCCUSTO;2;;;;;;;;CORPORE;dbo;GCCUSTO;CODCCUSTO;FKMAPONTMAODEOBRA_GCCUSTO
FK;CORPORE;dbo;MAVAINDICESCCUSTO;TABELA;CODCOLIGADA;1;;;;;;;;CORPORE;dbo;GCCUSTO;CODCOLIGADA;FKMAVAINDICESCCUSTO_GCCUSTO
FK;CORPORE;dbo;MAVAINDICESCCUSTO;TABELA;CODCCUSTO;2;;;;;;;;CORPORE;dbo;GCCUSTO;CODCCUSTO;FKMAVAINDICESCCUSTO_GCCUSTO
FK;CORPORE;dbo;MAVBESTUDO;TABELA;CODUSUARIOAPROVACAO;1;;;;;;;;CORPORE;dbo;GUSUARIO;CODUSUARIO;FKMAVBESTUDO_GUSUARIOAPROVACAO
FK;CORPORE;dbo;MAVBESTUDO;TABELA;CODUSUARIOCRIACAO;1;;;;;;;;CORPORE;dbo;GUSUARIO;CODUSUARIO;FKMAVBESTUDO_GUSUARIOCRIACAO
FK;CORPORE;dbo;MBIMMODELO;TABELA;EDITADOPOR;1;;;;;;;;CORPORE;dbo;GUSUARIO;CODUSUARIO;FKMBIMMODELO_GUSUARIO
FK;CORPORE;dbo;MCNT;TABELA;CODCOLCFO;1;;;;;;;;CORPORE;dbo;FCFO;CODCOLIGADA;FKMCNT_FCFO
FK;CORPORE;dbo;MCNT;TABELA;CODCFO;2;;;;;;;;CORPORE;dbo;FCFO;CODCFO;FKMCNT_FCFO
FK;CORPORE;dbo;MCNTADIANTAMENTO;TABELA;CODCOLIGADA;1;;;;;;;;CORPORE;dbo;GCCUSTO;CODCOLIGADA;FKMCNTADIANTAMENTO_GCCUSTO
FK;CORPORE;dbo;MCNTADIANTAMENTO;TABELA;CODCCUSTO;2;;;;;;;;CORPORE;dbo;GCCUSTO;CODCCUSTO;FKMCNTADIANTAMENTO_GCCUSTO
FK;CORPORE;dbo;MCNTCCUSTO;TABELA;CODCOLIGADA;1;;;;;;;;CORPORE;dbo;GCCUSTO;CODCOLIGADA;FKMCNTCCUSTO_GCCUSTO
FK;CORPORE;dbo;MCNTCCUSTO;TABELA;CODCCUSTO;2;;;;;;;;CORPORE;dbo;GCCUSTO;CODCCUSTO;FKMCNTCCUSTO_GCCUSTO
FK;CORPORE;dbo;MCNTCFO;TABELA;CODCOLCFO;1;;;;;;;;CORPORE;dbo;FCFO;CODCOLIGADA;FKMCNTCFO_FCFO
FK;CORPORE;dbo;MCNTCFO;TABELA;CODCFO;2;;;;;;;;CORPORE;dbo;FCFO;CODCFO;FKMCNTCFO_FCFO
FK;CORPORE;dbo;MCNTCFOCONTATO;TABELA;CODCOLCFO;1;;;;;;;;CORPORE;dbo;FCFO;CODCOLIGADA;FKMCNTCFOCONTATO_FCFO
FK;CORPORE;dbo;MCNTCFOCONTATO;TABELA;CODCFO;2;;;;;;;;CORPORE;dbo;FCFO;CODCFO;FKMCNTCFOCONTATO_FCFO
FK;CORPORE;dbo;MCNTCONTATO;TABELA;CODPESSOA;1;;;;;;;;CORPORE;dbo;PPESSOA;CODIGO;FKMCNTCONTATO_PPESSOA
FK;CORPORE;dbo;MCNTITEMLIBERACAO;TABELA;CODCOLTBORCAMENTO;1;;;;;;;;CORPORE;dbo;TTBORCAMENTO;CODCOLIGADA;FKMCNTILIB_TTBORC
FK;CORPORE;dbo;MCNTITEMLIBERACAO;TABELA;CODTBORCAMENTO;2;;;;;;;;CORPORE;dbo;TTBORCAMENTO;CODTBORCAMENTO;FKMCNTILIB_TTBORC
FK;CORPORE;dbo;MCNTITEMLIBERACAOMOV;TABELA;CODCOLCFO;1;;;;;;;;CORPORE;dbo;FCFO;CODCOLIGADA;FKMCNTILIBMOV_FCFO
FK;CORPORE;dbo;MCNTITEMLIBERACAOMOV;TABELA;CODCOLIGADA;1;;;;;;;;CORPORE;dbo;TMOV;CODCOLIGADA;FKMCNTILIBMOV_TMOV
FK;CORPORE;dbo;MCNTITEMLIBERACAOMOV;TABELA;CODCFO;2;;;;;;;;CORPORE;dbo;FCFO;CODCFO;FKMCNTILIBMOV_FCFO
FK;CORPORE;dbo;MCNTITEMLIBERACAOMOV;TABELA;IDMOV;2;;;;;;;;CORPORE;dbo;TMOV;IDMOV;FKMCNTILIBMOV_TMOV
FK;CORPORE;dbo;MCNTITEMRATCCULIBERACAO;TABELA;CODCOLIGADA;1;;;;;;;;CORPORE;dbo;GCCUSTO;CODCOLIGADA;FKMCNTILIBCCULIB_GCC
FK;CORPORE;dbo;MCNTITEMRATCCULIBERACAO;TABELA;CODCCUSTO;2;;;;;;;;CORPORE;dbo;GCCUSTO;CODCCUSTO;FKMCNTILIBCCULIB_GCC
FK;CORPORE;dbo;MCNTITMMOVORIGEM;TABELA;CODCOLIGADA;1;;;;;;;;CORPORE;dbo;TMOV;CODCOLIGADA;FKMCNTITMMOVORIGEM_TMOV
FK;CORPORE;dbo;MCNTITMMOVORIGEM;TABELA;CODCOLIGADA;1;;;;;;;;CORPORE;dbo;TITMMOV;CODCOLIGADA;FKMCNTITMMOVORIGEM_TITMMOV
FK;CORPORE;dbo;MCNTITMMOVORIGEM;TABELA;IDMOV;2;;;;;;;;CORPORE;dbo;TITMMOV;IDMOV;FKMCNTITMMOVORIGEM_TITMMOV
FK;CORPORE;dbo;MCNTITMMOVORIGEM;TABELA;IDMOV;2;;;;;;;;CORPORE;dbo;TMOV;IDMOV;FKMCNTITMMOVORIGEM_TMOV
FK;CORPORE;dbo;MCNTITMMOVORIGEM;TABELA;NSEQITMMOV;3;;;;;;;;CORPORE;dbo;TITMMOV;NSEQITMMOV;FKMCNTITMMOVORIGEM_TITMMOV
FK;CORPORE;dbo;MCNTMOVORIGEM;TABELA;CODCOLIGADA;1;;;;;;;;CORPORE;dbo;TMOV;CODCOLIGADA;FKMCNTMOVORIGEM_TMOV
FK;CORPORE;dbo;MCNTMOVORIGEM;TABELA;IDMOV;2;;;;;;;;CORPORE;dbo;TMOV;IDMOV;FKMCNTMOVORIGEM_TMOV
FK;CORPORE;dbo;MCNTPDODEDITMMOV;TABELA;CODCOLIGADA;1;;;;;;;;CORPORE;dbo;TITMMOV;CODCOLIGADA;FKMCNTPDODEDITMMOV_TITMMOV
FK;CORPORE;dbo;MCNTPDODEDITMMOV;TABELA;IDMOV;2;;;;;;;;CORPORE;dbo;TITMMOV;IDMOV;FKMCNTPDODEDITMMOV_TITMMOV
FK;CORPORE;dbo;MCNTPDODEDITMMOV;TABELA;NSEQITMMOV;3;;;;;;;;CORPORE;dbo;TITMMOV;NSEQITMMOV;FKMCNTPDODEDITMMOV_TITMMOV
FK;CORPORE;dbo;MCNTPDOMOV;TABELA;CODCOLIGADA;1;;;;;;;;CORPORE;dbo;TMOV;CODCOLIGADA;FKMCNTPDOMOV_TMOV
FK;CORPORE;dbo;MCNTPDOMOV;TABELA;IDMOV;2;;;;;;;;CORPORE;dbo;TMOV;IDMOV;FKMCNTPDOMOV_TMOV
FK;CORPORE;dbo;MCNTPDORETMOV;TABELA;CODCOLIGADA;1;;;;;;;;CORPORE;dbo;TMOV;CODCOLIGADA;FKMCNTPDORETMOV_TMOV
FK;CORPORE;dbo;MCNTPDORETMOV;TABELA;IDMOV;2;;;;;;;;CORPORE;dbo;TMOV;IDMOV;FKMCNTPDORETMOV_TMOV
FK;CORPORE;dbo;MCNTSTATUSLOG;TABELA;USUARIO;1;;;;;;;;CORPORE;dbo;GUSUARIO;CODUSUARIO;FKMCNTSTATUSLOG_GUSUARIO
FK;CORPORE;dbo;MCURVADISTRIBUICAO;TABELA;CODUSUARIOCRIACAO;1;;;;;;;;CORPORE;dbo;GUSUARIO;CODUSUARIO;FKMCURVADISTRIBUICAO_GUSUARIO
FK;CORPORE;dbo;MCUSTODIRETOEQUIPAMENTO;TABELA;CODCOLIGADA;1;;;;;;;;CORPORE;dbo;GCCUSTO;CODCOLIGADA;FKMCUSTODIRETOEQUIPAMENTO_GCC
FK;CORPORE;dbo;MCUSTODIRETOEQUIPAMENTO;TABELA;CODCCUSTO;2;;;;;;;;CORPORE;dbo;GCCUSTO;CODCCUSTO;FKMCUSTODIRETOEQUIPAMENTO_GCC
FK;CORPORE;dbo;MCUSTOINDIRETOEQUIPAMENTO;TABELA;CODCOLIGADA;1;;;;;;;;CORPORE;dbo;GCCUSTO;CODCOLIGADA;FKMCUSTOINDIRETOEQUIPAMENTO_GC
FK;CORPORE;dbo;MCUSTOINDIRETOEQUIPAMENTO;TABELA;CODCCUSTOBEM;2;;;;;;;;CORPORE;dbo;GCCUSTO;CODCCUSTO;FKMCUSTOINDIRETOEQUIPAMENTO_GC
FK;CORPORE;dbo;MDASHBOARDIND;TABELA;CODUSUARIO;1;;;;;;;;CORPORE;dbo;GUSUARIO;CODUSUARIO;FKMDASHBOARDIND_GUSUARIO
FK;CORPORE;dbo;MEQUIPEPRJHISTORICO;TABELA;CODUSUARIO;1;;;;;;;;CORPORE;dbo;GUSUARIO;CODUSUARIO;FKMEQUIPEPRJHISTORICO_USU
FK;CORPORE;dbo;MEQUIPEPRJMEMBRO;TABELA;CODPESSOA;1;;;;;;;;CORPORE;dbo;PPESSOA;CODIGO;FKMEQUIPEPRJ_PPESSOA
FK;CORPORE;dbo;MFORMCATEGORIAMOV;TABELA;CODCOLIGADA;1;;;;;;;;CORPORE;dbo;TMOV;CODCOLIGADA;FKMFORMCATEGORIAMOV_TMOV
FK;CORPORE;dbo;MFORMCATEGORIAMOV;TABELA;IDMOV;2;;;;;;;;CORPORE;dbo;TMOV;IDMOV;FKMFORMCATEGORIAMOV_TMOV
FK;CORPORE;dbo;MFORMGRUPOUSUARIO;TABELA;CODUSUARIO;1;;;;;;;;CORPORE;dbo;GUSUARIO;CODUSUARIO;FKMFORMGRUPOUSUARIO_GUSUARIO
FK;CORPORE;dbo;MFORMRESPOSTA;TABELA;CODUSUARIO;1;;;;;;;;CORPORE;dbo;GUSUARIO;CODUSUARIO;FKMFORMRESPOSTA_GUSUARIO
FK;CORPORE;dbo;MFORMRESPOSTA;TABELA;RESPONDIDOPOR;1;;;;;;;;CORPORE;dbo;GUSUARIO;CODUSUARIO;FKMFORMRESPRESPOND_GUSUARIO
FK;CORPORE;dbo;MGIS;TABELA;CODCOLTBORCAMENTO;1;;;;;;;;CORPORE;dbo;TTBORCAMENTO;CODCOLIGADA;FKMGIS_TTBORCAMENTO
FK;CORPORE;dbo;MGIS;TABELA;CODTBORCAMENTO;2;;;;;;;;CORPORE;dbo;TTBORCAMENTO;CODTBORCAMENTO;FKMGIS_TTBORCAMENTO
FK;CORPORE;dbo;MISM;TABELA;CODCOLTBORCAMENTO;1;;;;;;;;CORPORE;dbo;TTBORCAMENTO;CODCOLIGADA;FKMISM_TTBORCAMENTO
FK;CORPORE;dbo;MISM;TABELA;CODTBORCAMENTO;2;;;;;;;;CORPORE;dbo;TTBORCAMENTO;CODTBORCAMENTO;FKMISM_TTBORCAMENTO
FK;CORPORE;dbo;MISMAPROP;TABELA;CODCOLIGADA;1;;;;;;;;CORPORE;dbo;TMOV;CODCOLIGADA;FKMISMAPROP_TMOV
FK;CORPORE;dbo;MISMAPROP;TABELA;CODPESSOA;1;;;;;;;;CORPORE;dbo;PPESSOA;CODIGO;FKMISMAPROP_PPESSOA
FK;CORPORE;dbo;MISMAPROP;TABELA;CODPESSOARESP;1;;;;;;;;CORPORE;dbo;PPESSOA;CODIGO;FKMISMAPROPRESP_PPESSOA
FK;CORPORE;dbo;MISMAPROP;TABELA;IDMOV;2;;;;;;;;CORPORE;dbo;TMOV;IDMOV;FKMISMAPROP_TMOV
FK;CORPORE;dbo;MITEMPEDIDOMAT_OLD;TABELA;CODCOLIGADA;1;;;;;;;;CORPORE;dbo;TITMMOV;CODCOLIGADA;FKMITEMPEDIDOMAT_TITMMOV
FK;CORPORE;dbo;MITEMPEDIDOMAT_OLD;TABELA;CODCOLIGADA;1;;;;;;;;CORPORE;dbo;TMOV;CODCOLIGADA;FKMITEMPEDIDOMAT_TMOV
FK;CORPORE;dbo;MITEMPEDIDOMAT_OLD;TABELA;IDMOV;2;;;;;;;;CORPORE;dbo;TMOV;IDMOV;FKMITEMPEDIDOMAT_TMOV
FK;CORPORE;dbo;MITEMPEDIDOMAT_OLD;TABELA;IDMOV;2;;;;;;;;CORPORE;dbo;TITMMOV;IDMOV;FKMITEMPEDIDOMAT_TITMMOV
FK;CORPORE;dbo;MITEMPEDIDOMAT_OLD;TABELA;NSEQITMMOV;3;;;;;;;;CORPORE;dbo;TITMMOV;NSEQITMMOV;FKMITEMPEDIDOMAT_TITMMOV
FK;CORPORE;dbo;MITEMPEDIDOMATERIAL;TABELA;CODCOLIGADA;1;;;;;;;;CORPORE;dbo;TITMMOV;CODCOLIGADA;FKMITEMPEDIDOMATERIAL_TITMMOV
FK;CORPORE;dbo;MITEMPEDIDOMATERIAL;TABELA;CODCOLIGADA;1;;;;;;;;CORPORE;dbo;TMOV;CODCOLIGADA;FKMITEMPEDIDOMATERIAL_TMOV
FK;CORPORE;dbo;MITEMPEDIDOMATERIAL;TABELA;IDMOV;2;;;;;;;;CORPORE;dbo;TMOV;IDMOV;FKMITEMPEDIDOMATERIAL_TMOV
FK;CORPORE;dbo;MITEMPEDIDOMATERIAL;TABELA;IDMOV;2;;;;;;;;CORPORE;dbo;TITMMOV;IDMOV;FKMITEMPEDIDOMATERIAL_TITMMOV
FK;CORPORE;dbo;MITEMPEDIDOMATERIAL;TABELA;NSEQITMMOV;3;;;;;;;;CORPORE;dbo;TITMMOV;NSEQITMMOV;FKMITEMPEDIDOMATERIAL_TITMMOV
FK;CORPORE;dbo;MITEMPEDIDOMATEXTRA;TABELA;CODAPROVADOR;1;;;;;;;;CORPORE;dbo;GUSUARIO;CODUSUARIO;FKMITEMPEDIDOMATEXT_GUSUARIO
FK;CORPORE;dbo;MITEMPEDIDOMATEXTRA;TABELA;CODCOLIGADA;1;;;;;;;;CORPORE;dbo;TMOV;CODCOLIGADA;FKMITEMPEDIDOMATEXTRA_TMOV
FK;CORPORE;dbo;MITEMPEDIDOMATEXTRA;TABELA;CODCOLIGADA;1;;;;;;;;CORPORE;dbo;TITMMOV;CODCOLIGADA;FKMITEMPEDIDOMATEXTRA_TITMMOV
FK;CORPORE;dbo;MITEMPEDIDOMATEXTRA;TABELA;IDMOV;2;;;;;;;;CORPORE;dbo;TITMMOV;IDMOV;FKMITEMPEDIDOMATEXTRA_TITMMOV
FK;CORPORE;dbo;MITEMPEDIDOMATEXTRA;TABELA;IDMOV;2;;;;;;;;CORPORE;dbo;TMOV;IDMOV;FKMITEMPEDIDOMATEXTRA_TMOV
FK;CORPORE;dbo;MITEMPEDIDOMATEXTRA;TABELA;NSEQITMMOV;3;;;;;;;;CORPORE;dbo;TITMMOV;NSEQITMMOV;FKMITEMPEDIDOMATEXTRA_TITMMOV
FK;CORPORE;dbo;MITMCNTCCUSTO;TABELA;CODCOLIGADA;1;;;;;;;;CORPORE;dbo;GCCUSTO;CODCOLIGADA;FKMITMCNTCCUSTO_GCCUSTO
FK;CORPORE;dbo;MITMCNTCCUSTO;TABELA;CODCCUSTO;2;;;;;;;;CORPORE;dbo;GCCUSTO;CODCCUSTO;FKMITMCNTCCUSTO_GCCUSTO
FK;CORPORE;dbo;MMAOOBRAPDO;TABELA;CODPESSOA;1;;;;;;;;CORPORE;dbo;PPESSOA;CODIGO;FKMMAOOBRAPDO_PPESSOA
FK;CORPORE;dbo;MMEDPALM;TABELA;CODPESSOA;1;;;;;;;;CORPORE;dbo;PPESSOA;CODIGO;FKMMEDPALM_PPESSOA
FK;CORPORE;dbo;MNOTIFICACAOINSPECAO;TABELA;CODUSUARIO;1;;;;;;;;CORPORE;dbo;GUSUARIO;CODUSUARIO;FKMNOTIFICACAOINSPECAO_GUSUAR
FK;CORPORE;dbo;MORCAMENTOTRF;TABELA;CODCOLIGADA;1;;;;;;;;CORPORE;dbo;GCCUSTO;CODCOLIGADA;FKMORCAMENTOTRF_GCCUSTO
FK;CORPORE;dbo;MORCAMENTOTRF;TABELA;CODCOLNATORCAMENTO;1;;;;;;;;CORPORE;dbo;TTBORCAMENTO;CODCOLIGADA;FKMORCAMENTOTRF_TTBORCAMENTO
FK;CORPORE;dbo;MORCAMENTOTRF;TABELA;CODCCUSTO;2;;;;;;;;CORPORE;dbo;GCCUSTO;CODCCUSTO;FKMORCAMENTOTRF_GCCUSTO
FK;CORPORE;dbo;MORCAMENTOTRF;TABELA;CODNATORCAMENTO;2;;;;;;;;CORPORE;dbo;TTBORCAMENTO;CODTBORCAMENTO;FKMORCAMENTOTRF_TTBORCAMENTO
FK;CORPORE;dbo;MPDO;TABELA;CODCOLCFO;1;;;;;;;;CORPORE;dbo;FCFO;CODCOLIGADA;FKMPDO_FCFO
FK;CORPORE;dbo;MPDO;TABELA;CODCOLIGADA;1;;;;;;;;CORPORE;dbo;TMOV;CODCOLIGADA;FKMPDO_TMOV
FK;CORPORE;dbo;MPDO;TABELA;QUEMLIBDIFREALINHAMENTO;1;;;;;;;;CORPORE;dbo;GUSUARIO;CODUSUARIO;FKMPDO_GUSR2
FK;CORPORE;dbo;MPDO;TABELA;QUEMLIBMEDICAO;1;;;;;;;;CORPORE;dbo;GUSUARIO;CODUSUARIO;FKMPDO_GUSR
FK;CORPORE;dbo;MPDO;TABELA;QUEMLIBRJTDEFINITIVO;1;;;;;;;;CORPORE;dbo;GUSUARIO;CODUSUARIO;FKMPDO_GUSR1
FK;CORPORE;dbo;MPDO;TABELA;CODCFO;2;;;;;;;;CORPORE;dbo;FCFO;CODCFO;FKMPDO_FCFO
FK;CORPORE;dbo;MPDO;TABELA;IDMOV;2;;;;;;;;CORPORE;dbo;TMOV;IDMOV;FKMPDO_TMOV
FK;CORPORE;dbo;MPDODETRET;TABELA;CODCOLIGADA;1;;;;;;;;CORPORE;dbo;TMOV;CODCOLIGADA;FKMPDODETRET_TMOV
FK;CORPORE;dbo;MPDODETRET;TABELA;IDMOV;2;;;;;;;;CORPORE;dbo;TMOV;IDMOV;FKMPDODETRET_TMOV
FK;CORPORE;dbo;MPEDIDOMAT;TABELA;CODCOLIGADA;1;;;;;;;;CORPORE;dbo;TMOV;CODCOLIGADA;FKMPEDIDOMAT_TMOV
FK;CORPORE;dbo;MPEDIDOMAT;TABELA;IDMOV;2;;;;;;;;CORPORE;dbo;TMOV;IDMOV;FKMPEDIDOMAT_TMOV
FK;CORPORE;dbo;MPEDIDOMATEXTRA;TABELA;CODCOLCFO;1;;;;;;;;CORPORE;dbo;FCFO;CODCOLIGADA;FKMPEDIDOMATEXTRA_FCFO
FK;CORPORE;dbo;MPEDIDOMATEXTRA;TABELA;CODUSUARIO;1;;;;;;;;CORPORE;dbo;GUSUARIO;CODUSUARIO;FKMPEDIDOMATEXTRA_GUSUARIO
FK;CORPORE;dbo;MPEDIDOMATEXTRA;TABELA;CODCFO;2;;;;;;;;CORPORE;dbo;FCFO;CODCFO;FKMPEDIDOMATEXTRA_FCFO
FK;CORPORE;dbo;MPLANOINSPECAO;TABELA;CODUSUARIO;1;;;;;;;;CORPORE;dbo;GUSUARIO;CODUSUARIO;FKMPLANOINSPECAO_GUSUARIO
FK;CORPORE;dbo;MPRJ;TABELA;CODCOLCFO;1;;;;;;;;CORPORE;dbo;FCFO;CODCOLIGADA;FKMPRJ_FCFO
FK;CORPORE;dbo;MPRJ;TABELA;CODCOLIGADA;1;;;;;;;;CORPORE;dbo;GCCUSTO;CODCOLIGADA;FKMPRJ_GCCU
FK;CORPORE;dbo;MPRJ;TABELA;CODCOLTBORCAMENTO;1;;;;;;;;CORPORE;dbo;TTBORCAMENTO;CODCOLIGADA;FKMPRJ_TTBORCAMENTO
FK;CORPORE;dbo;MPRJ;TABELA;CODCCUSTO;2;;;;;;;;CORPORE;dbo;GCCUSTO;CODCCUSTO;FKMPRJ_GCCU
FK;CORPORE;dbo;MPRJ;TABELA;CODCLIENTE;2;;;;;;;;CORPORE;dbo;FCFO;CODCFO;FKMPRJ_FCFO
FK;CORPORE;dbo;MPRJ;TABELA;CODTBORCAMENTO;2;;;;;;;;CORPORE;dbo;TTBORCAMENTO;CODTBORCAMENTO;FKMPRJ_TTBORCAMENTO
FK;CORPORE;dbo;MPRJSTATUSLOG;TABELA;USUARIO;1;;;;;;;;CORPORE;dbo;GUSUARIO;CODUSUARIO;FKMPRJSTATUSLOG_GUSUARIO
FK;CORPORE;dbo;MPRJUSR;TABELA;CODUSUARIO;1;;;;;;;;CORPORE;dbo;GUSUARIO;CODUSUARIO;FKMPRJUSR_GUSUARIO
FK;CORPORE;dbo;MPRJUSRACESSO;TABELA;CODUSUARIO;1;;;;;;;;CORPORE;dbo;GUSUARIO;CODUSUARIO;FKMPRJUSRACESSO_GUSUARIO
FK;CORPORE;dbo;MREVADIANTAMENTOPT;TABELA;CODCOLIGADA;1;;;;;;;;CORPORE;dbo;TMOV;CODCOLIGADA;FKMREVADIANTAMENTOPT_TMOV
FK;CORPORE;dbo;MREVADIANTAMENTOPT;TABELA;CODUSUARIO;1;;;;;;;;CORPORE;dbo;GUSUARIO;CODUSUARIO;FKMREVADIANTAMENTOPT_GUSUARIO
FK;CORPORE;dbo;MREVADIANTAMENTOPT;TABELA;IDMOV;2;;;;;;;;CORPORE;dbo;TMOV;IDMOV;FKMREVADIANTAMENTOPT_TMOV
FK;CORPORE;dbo;MREVISAOPT;TABELA;CODCOLIGADA;1;;;;;;;;CORPORE;dbo;TMOV;CODCOLIGADA;FKMREVISAOPT_TMOV
FK;CORPORE;dbo;MREVISAOPT;TABELA;CODUSUARIO;1;;;;;;;;CORPORE;dbo;GUSUARIO;CODUSUARIO;FKMREVISAOPT_GUSUARIO
FK;CORPORE;dbo;MREVISAOPT;TABELA;IDMOV;2;;;;;;;;CORPORE;dbo;TMOV;IDMOV;FKMREVISAOPT_TMOV
FK;CORPORE;dbo;MSFDESEMBOLSOFAT;TABELA;CODCOLIGADA;1;;;;;;;;CORPORE;dbo;TMOV;CODCOLIGADA;FKMSFDESEMBOLSOFAT_TMOV
FK;CORPORE;dbo;MSFDESEMBOLSOFAT;TABELA;IDMOV;2;;;;;;;;CORPORE;dbo;TMOV;IDMOV;FKMSFDESEMBOLSOFAT_TMOV
FK;CORPORE;dbo;MSFDESEMBOLSOLAN;TABELA;CODCOLIGADA;1;;;;;;;;CORPORE;dbo;GCCUSTO;CODCOLIGADA;FKMSFDESEMBOLSOLAN_GCCUSTO
FK;CORPORE;dbo;MSFDESEMBOLSOLAN;TABELA;CODCOLTBORCAMENTO;1;;;;;;;;CORPORE;dbo;TTBORCAMENTO;CODCOLIGADA;FKMSFDESEMBOLSOLAN_TTBORCAMEN
FK;CORPORE;dbo;MSFDESEMBOLSOLAN;TABELA;CODCCUSTO;2;;;;;;;;CORPORE;dbo;GCCUSTO;CODCCUSTO;FKMSFDESEMBOLSOLAN_GCCUSTO
FK;CORPORE;dbo;MSFDESEMBOLSOLAN;TABELA;CODTBORCAMENTO;2;;;;;;;;CORPORE;dbo;TTBORCAMENTO;CODTBORCAMENTO;FKMSFDESEMBOLSOLAN_TTBORCAMEN
FK;CORPORE;dbo;MTAREFA;TABELA;CODCOLNATORCAMENTO;1;;;;;;;;CORPORE;dbo;TTBORCAMENTO;CODCOLIGADA;FKMTRF_TTBORCAMENTO
FK;CORPORE;dbo;MTAREFA;TABELA;CODCOLTBORCAMENTO;1;;;;;;;;CORPORE;dbo;TTBORCAMENTO;CODCOLIGADA;FKMTAREFA_TTBORCAMENTO
FK;CORPORE;dbo;MTAREFA;TABELA;CODNATORCAMENTO;2;;;;;;;;CORPORE;dbo;TTBORCAMENTO;CODTBORCAMENTO;FKMTRF_TTBORCAMENTO
FK;CORPORE;dbo;MTAREFA;TABELA;CODTBORCAMENTO;2;;;;;;;;CORPORE;dbo;TTBORCAMENTO;CODTBORCAMENTO;FKMTAREFA_TTBORCAMENTO
FK;CORPORE;dbo;MTRFCCUSTO;TABELA;CODCOLIGADA;1;;;;;;;;CORPORE;dbo;GCCUSTO;CODCOLIGADA;FKMTRFCCUSTO_GCCUSTO
FK;CORPORE;dbo;MTRFCCUSTO;TABELA;CODCCUSTO;2;;;;;;;;CORPORE;dbo;GCCUSTO;CODCCUSTO;FKMTRFCCUSTO_GCCUSTO
FK;CORPORE;dbo;MUSRACTIONPREF;TABELA;CODUSUARIO;1;;;;;;;;CORPORE;dbo;GUSUARIO;CODUSUARIO;FKMUSRACTIONPREF_GUSUARIO
FK;CORPORE;dbo;MUSUARIO;TABELA;CODUSUARIO;1;;;;;;;;CORPORE;dbo;GUSUARIO;CODUSUARIO;FKMUSUARIO_GUSUARIO
FK;CORPORE;dbo;MUSUARIOAPP;TABELA;CODUSUARIO;1;;;;;;;;CORPORE;dbo;GUSUARIO;CODUSUARIO;FKMUSUARIOAPP_GUSUARIO
FK;CORPORE;dbo;MUSUARIOPORTALCFO;TABELA;CODCOLCFO;1;;;;;;;;CORPORE;dbo;FCFO;CODCOLIGADA;FKMUSUARIOPORTALCFO_FCFO
FK;CORPORE;dbo;MUSUARIOPORTALCFO;TABELA;CODUSUARIO;1;;;;;;;;CORPORE;dbo;GUSUARIO;CODUSUARIO;FKMUSUARIOPORTALCFO_GUSUARIO
FK;CORPORE;dbo;MUSUARIOPORTALCFO;TABELA;CODCFO;2;;;;;;;;CORPORE;dbo;FCFO;CODCFO;FKMUSUARIOPORTALCFO_FCFO
FK;CORPORE;dbo;MWORKFLOWINSPECAOACAO;TABELA;CODUSUARIO;1;;;;;;;;CORPORE;dbo;GUSUARIO;CODUSUARIO;FKMWORKFLOWINSPECAOACAO_GUSUA
FK;CORPORE;dbo;NCLASSIFICADOSUSUARIO;TABELA;CODUSUARIO;1;;;;;;;;CORPORE;dbo;GUSUARIO;CODUSUARIO;FKNCLASSIFUSUARIO_GUSUARIO
FK;CORPORE;dbo;NCONTROLEVERSAO;TABELA;CODUSUARIO;1;;;;;;;;CORPORE;dbo;GUSUARIO;CODUSUARIO;FKNCONTROLEVERSAO_GUSUARIO
FK;CORPORE;dbo;NCXENTRADA;TABELA;CODUSRDESTINO;1;;;;;;;;CORPORE;dbo;GUSUARIO;CODUSUARIO;FKNCXENTRADA_GUSUARIODEST
FK;CORPORE;dbo;NCXENTRADA;TABELA;CODUSRENVIO;1;;;;;;;;CORPORE;dbo;GUSUARIO;CODUSUARIO;FKNCXENTRADA_GUSUARIOREN
FK;CORPORE;dbo;NCXSAIDA;TABELA;CODUSUARIO;1;;;;;;;;CORPORE;dbo;GUSUARIO;CODUSUARIO;FKNCXSAIDA_GUSUARIO
FK;CORPORE;dbo;NCXSAIDAUSRDESTINO;TABELA;CODUSRDESTINO;1;;;;;;;;CORPORE;dbo;GUSUARIO;CODUSUARIO;FKNCXSAIDAUSRDESTINO_GUSUARIO
FK;CORPORE;dbo;NEMPREGOUSUARIO;TABELA;CODUSUARIO;1;;;;;;;;CORPORE;dbo;GUSUARIO;CODUSUARIO;FKNEMPREGOUSUARIO_GUSUARIO
FK;CORPORE;dbo;NENQUETE;TABELA;CODUSUARIOCRIADOR;1;;;;;;;;CORPORE;dbo;GUSUARIO;CODUSUARIO;FKNENQUETE_GUSUARIO
FK;CORPORE;dbo;NENQUETEUSUARIOPERMIS;TABELA;CODUSUARIO;1;;;;;;;;CORPORE;dbo;GUSUARIO;CODUSUARIO;FKNENQUETEUSUARIOPERM_GUSUARIO
FK;CORPORE;dbo;NFORUM;TABELA;CODUSRAUTOR;1;;;;;;;;CORPORE;dbo;GUSUARIO;CODUSUARIO;FKNFORUM_GUSUARIO
FK;CORPORE;dbo;NFORUMRESPOSTA;TABELA;CODUSRRESPOSTA;1;;;;;;;;CORPORE;dbo;GUSUARIO;CODUSUARIO;FKNFORUMRESPOSTA_GUSUARIO
FK;CORPORE;dbo;NFORUMUSUARIO;TABELA;CODUSUARIO;1;;;;;;;;CORPORE;dbo;GUSUARIO;CODUSUARIO;FKNFORUMUSUARIO_GUSUARIO
FK;CORPORE;dbo;NLOGNOTICIA_TEMP1000;TABELA;CODUSUARIO;1;;;;;;;;CORPORE;dbo;GUSUARIO;CODUSUARIO;FKNLOGNOTICIA_GUSUARIO
FK;CORPORE;dbo;NNOTICIAUSUARIO;TABELA;CODUSUARIO;1;;;;;;;;CORPORE;dbo;GUSUARIO;CODUSUARIO;FKNNOTICIAUSUARIO_GUSUARIO
FK;CORPORE;dbo;NPERFILUSUARIO;TABELA;CODUSUARIO;1;;;;;;;;CORPORE;dbo;GUSUARIO;CODUSUARIO;FKNPERFILUSUARIO_GUSUARIO
FK;CORPORE;dbo;NPERMISMENUCONTEUDO;TABELA;CODUSUARIO;1;;;;;;;;CORPORE;dbo;GUSUARIO;CODUSUARIO;FKNPERMISMENUCONTEUDO_GUSUARIO
FK;CORPORE;dbo;NUSUARIOLOCALIDADE;TABELA;CODUSUARIO;1;;;;;;;;CORPORE;dbo;GUSUARIO;CODUSUARIO;FKNUSUARIOLOCALIDADE_GUSUARIO
FK;CORPORE;dbo;NUSUARIOMENU;TABELA;CODUSUARIO;1;;;;;;;;CORPORE;dbo;GUSUARIO;CODUSUARIO;FKNUSUARIOMENU_GUSUARIO
FK;CORPORE;dbo;OFACESSORIOOBJMOV;TABELA;CODCOLIGADA;1;;;;;;;;CORPORE;dbo;TMOV;CODCOLIGADA;FKOFACESSOBJMOV_TMOV
FK;CORPORE;dbo;OFACESSORIOOBJMOV;TABELA;IDMOV;2;;;;;;;;CORPORE;dbo;TMOV;IDMOV;FKOFACESSOBJMOV_TMOV
FK;CORPORE;dbo;OFAPROPRIACAOPRD;TABELA;CODCOLCFO;1;;;;;;;;CORPORE;dbo;FCFO;CODCOLIGADA;FKOFAPROPRIACAOPRD_FCFO
FK;CORPORE;dbo;OFAPROPRIACAOPRD;TABELA;CODCOLIGADA;1;;;;;;;;CORPORE;dbo;TMOV;CODCOLIGADA;FKOFAPROPRIACAOPRD_TMOV
FK;CORPORE;dbo;OFAPROPRIACAOPRD;TABELA;CODCOLIGADA;1;;;;;;;;CORPORE;dbo;GCCUSTO;CODCOLIGADA;FKOFAPROPRIACAOPRD_GCCUSTO
FK;CORPORE;dbo;OFAPROPRIACAOPRD;TABELA;CODUSUARIO;1;;;;;;;;CORPORE;dbo;GUSUARIO;CODUSUARIO;FKOFAPROPRIACAOPRD_GUSUARIO
FK;CORPORE;dbo;OFAPROPRIACAOPRD;TABELA;CODCCUSTO;2;;;;;;;;CORPORE;dbo;GCCUSTO;CODCCUSTO;FKOFAPROPRIACAOPRD_GCCUSTO
FK;CORPORE;dbo;OFAPROPRIACAOPRD;TABELA;CODCFO;2;;;;;;;;CORPORE;dbo;FCFO;CODCFO;FKOFAPROPRIACAOPRD_FCFO
FK;CORPORE;dbo;OFAPROPRIACAOPRD;TABELA;IDMOV;2;;;;;;;;CORPORE;dbo;TMOV;IDMOV;FKOFAPROPRIACAOPRD_TMOV
FK;CORPORE;dbo;OFAPROPRIACAOPRJ;TABELA;CODCOLIGADA;1;;;;;;;;CORPORE;dbo;TMOV;CODCOLIGADA;FKOFAPROPRIACAOPRJ_TMOV
FK;CORPORE;dbo;OFAPROPRIACAOPRJ;TABELA;IDMOV;2;;;;;;;;CORPORE;dbo;TMOV;IDMOV;FKOFAPROPRIACAOPRJ_TMOV
FK;CORPORE;dbo;OFATENDIMENTO;TABELA;CODCOLIGADA;1;;;;;;;;CORPORE;dbo;TMOV;CODCOLIGADA;FKOFATENDIMENTO_TMOV
FK;CORPORE;dbo;OFATENDIMENTO;TABELA;IDMOV;2;;;;;;;;CORPORE;dbo;TMOV;IDMOV;FKOFATENDIMENTO_TMOV
FK;CORPORE;dbo;OFATENDIMENTOEXTOS;TABELA;CODCOLIGADA;1;;;;;;;;CORPORE;dbo;GCCUSTO;CODCOLIGADA;FKOFATENDEXTOS_GCCUSTO
FK;CORPORE;dbo;OFATENDIMENTOEXTOS;TABELA;CODCCUSTO;2;;;;;;;;CORPORE;dbo;GCCUSTO;CODCCUSTO;FKOFATENDEXTOS_GCCUSTO
FK;CORPORE;dbo;OFDESEMPENHOMENSAL;TABELA;CODPESSOA;1;;;;;;;;CORPORE;dbo;PPESSOA;CODIGO;FKOFDESEMPENHOMENSAL_PPESSOA
FK;CORPORE;dbo;OFHISTIMPLANCINDICADORUSO;TABELA;CODUSUARIO;1;;;;;;;;CORPORE;dbo;GUSUARIO;CODUSUARIO;FKOFHISTIMPLANCINDIC_GUSUARIO
FK;CORPORE;dbo;OFHISTIMPLANCINDICADORUSO;TABELA;CODUSUARIOESTORNO;1;;;;;;;;CORPORE;dbo;GUSUARIO;CODUSUARIO;FKOFHISTLANCINDIC_GUSUARIOEST
FK;CORPORE;dbo;OFHISTINDICADOR;TABELA;CODUSUARIO;1;;;;;;;;CORPORE;dbo;GUSUARIO;CODUSUARIO;FKOFHISTINDICADOR_GUSUARIO
FK;CORPORE;dbo;OFITEMORDEMSERVICO;TABELA;CODCOLIGADA;1;;;;;;;;CORPORE;dbo;TITMMOV;CODCOLIGADA;OFITEMORDEMSERVICO_TITMMOV
FK;CORPORE;dbo;OFITEMORDEMSERVICO;TABELA;CODUSUARIO;1;;;;;;;;CORPORE;dbo;GUSUARIO;CODUSUARIO;FKOFITEMORDEMSERVICO_GUSUARIO
FK;CORPORE;dbo;OFITEMORDEMSERVICO;TABELA;IDMOV;2;;;;;;;;CORPORE;dbo;TITMMOV;IDMOV;OFITEMORDEMSERVICO_TITMMOV
FK;CORPORE;dbo;OFITEMORDEMSERVICO;TABELA;NSEQITMMOV;3;;;;;;;;CORPORE;dbo;TITMMOV;NSEQITMMOV;OFITEMORDEMSERVICO_TITMMOV
FK;CORPORE;dbo;OFITEMPROBL;TABELA;CODCOLIGADA;1;;;;;;;;CORPORE;dbo;TMOV;CODCOLIGADA;FKOFITEMPROBL_TMOV
FK;CORPORE;dbo;OFITEMPROBL;TABELA;IDMOV;2;;;;;;;;CORPORE;dbo;TMOV;IDMOV;FKOFITEMPROBL_TMOV
FK;CORPORE;dbo;OFITMMOV;TABELA;CODCOLIGADA;1;;;;;;;;CORPORE;dbo;TITMMOV;CODCOLIGADA;FKOFITMMOV_TITMMOV
FK;CORPORE;dbo;OFITMMOV;TABELA;IDMOV;2;;;;;;;;CORPORE;dbo;TITMMOV;IDMOV;FKOFITMMOV_TITMMOV
FK;CORPORE;dbo;OFITMMOV;TABELA;NSEQITMMOV;3;;;;;;;;CORPORE;dbo;TITMMOV;NSEQITMMOV;FKOFITMMOV_TITMMOV
FK;CORPORE;dbo;OFMAOOBRA;TABELA;CODPESSOA;1;;;;;;;;CORPORE;dbo;PPESSOA;CODIGO;FKOFMAOOBRA_PPESSOA
FK;CORPORE;dbo;OFMAOOBRATITMMOV;TABELA;CODCOLIGADA;1;;;;;;;;CORPORE;dbo;TITMMOV;CODCOLIGADA;FKOFMAOOBRATITMMOV_TITMMOV
FK;CORPORE;dbo;OFMAOOBRATITMMOV;TABELA;IDMOV;2;;;;;;;;CORPORE;dbo;TITMMOV;IDMOV;FKOFMAOOBRATITMMOV_TITMMOV
FK;CORPORE;dbo;OFMAOOBRATITMMOV;TABELA;NSEQITMMOV;3;;;;;;;;CORPORE;dbo;TITMMOV;NSEQITMMOV;FKOFMAOOBRATITMMOV_TITMMOV
FK;CORPORE;dbo;OFMOV;TABELA;CODCOLIGADA;1;;;;;;;;CORPORE;dbo;TMOV;CODCOLIGADA;FKOFMOV_TMOV
FK;CORPORE;dbo;OFMOV;TABELA;IDMOV;2;;;;;;;;CORPORE;dbo;TMOV;IDMOV;FKOFMOV_TMOV
FK;CORPORE;dbo;OFOBJINDICE;TABELA;CODCOLIGADA;1;;;;;;;;CORPORE;dbo;TMOV;CODCOLIGADA;FKOFOBJINDICE_TMOV
FK;CORPORE;dbo;OFOBJINDICE;TABELA;IDMOV;2;;;;;;;;CORPORE;dbo;TMOV;IDMOV;FKOFOBJINDICE_TMOV
FK;CORPORE;dbo;OFOBJINSTAL;TABELA;CODCOLIGADACFO;1;;;;;;;;CORPORE;dbo;FCFO;CODCOLIGADA;FKOFOBJINSTAL_FCFO
FK;CORPORE;dbo;OFOBJINSTAL;TABELA;IDTECNICO;1;;;;;;;;CORPORE;dbo;PPESSOA;CODIGO;FKOFOBJINSTAL_PPESSOATEC
FK;CORPORE;dbo;OFOBJINSTAL;TABELA;IDVENDEDOR;1;;;;;;;;CORPORE;dbo;PPESSOA;CODIGO;FKOFOBJINSTAL_PPESSOAVEND
FK;CORPORE;dbo;OFOBJINSTAL;TABELA;CODCFO;2;;;;;;;;CORPORE;dbo;FCFO;CODCFO;FKOFOBJINSTAL_FCFO
FK;CORPORE;dbo;OFOBJLOCAL;TABELA;CODCOLIGADA;1;;;;;;;;CORPORE;dbo;FCFO;CODCOLIGADA;FKOFOBJLOCAL_FCFO
FK;CORPORE;dbo;OFOBJLOCAL;TABELA;CODCFO;2;;;;;;;;CORPORE;dbo;FCFO;CODCFO;FKOFOBJLOCAL_FCFO
FK;CORPORE;dbo;OFOBJOFICINA;TABELA;CODCOLIGADA;1;;;;;;;;CORPORE;dbo;GCCUSTO;CODCOLIGADA;FKOFOBJOFICINA_GCCUSTO
FK;CORPORE;dbo;OFOBJOFICINA;TABELA;CODCOLIGADACFO;1;;;;;;;;CORPORE;dbo;FCFO;CODCOLIGADA;FKOFOBJOFICINA_FCFO
FK;CORPORE;dbo;OFOBJOFICINA;TABELA;CODCCUSTO;2;;;;;;;;CORPORE;dbo;GCCUSTO;CODCCUSTO;FKOFOBJOFICINA_GCCUSTO
FK;CORPORE;dbo;OFOBJOFICINA;TABELA;CODCFO;2;;;;;;;;CORPORE;dbo;FCFO;CODCFO;FKOFOBJOFICINA_FCFO
FK;CORPORE;dbo;OFOBJOFICINACCUSTO;TABELA;CODCOLIGADA;1;;;;;;;;CORPORE;dbo;GCCUSTO;CODCOLIGADA;FKOFOBJOFICINACCUSTO_GCCUSTO
FK;CORPORE;dbo;OFOBJOFICINACCUSTO;TABELA;CODUSUARIO;1;;;;;;;;CORPORE;dbo;GUSUARIO;CODUSUARIO;FKOFOBJOFICINACCUSTO_GUSUARIO
FK;CORPORE;dbo;OFOBJOFICINACCUSTO;TABELA;CODCCUSTO;2;;;;;;;;CORPORE;dbo;GCCUSTO;CODCCUSTO;FKOFOBJOFICINACCUSTO_GCCUSTO
FK;CORPORE;dbo;OFOBJOFICINAFILIAL;TABELA;CODUSUARIO;1;;;;;;;;CORPORE;dbo;GUSUARIO;CODUSUARIO;FKOFOBJOFICINAFILIAL_GUSUARIO
FK;CORPORE;dbo;OFOBJOFICINALOCAL;TABELA;CODUSUARIO;1;;;;;;;;CORPORE;dbo;GUSUARIO;CODUSUARIO;FKOFOBJOFICINALOCAL_GUSUARIO
FK;CORPORE;dbo;OFOBJOFICINAPRJ;TABELA;CODUSUARIO;1;;;;;;;;CORPORE;dbo;GUSUARIO;CODUSUARIO;FKOFOBJOFICINAPRJ_GUSUARIO
FK;CORPORE;dbo;OFORDEMSERVICO;TABELA;CODCOLIGADA;1;;;;;;;;CORPORE;dbo;TMOV;CODCOLIGADA;FKOFORDEMSERVICO_TMOV
FK;CORPORE;dbo;OFORDEMSERVICO;TABELA;IDMOV;2;;;;;;;;CORPORE;dbo;TMOV;IDMOV;FKOFORDEMSERVICO_TMOV
FK;CORPORE;dbo;OFPECAPENDENTE;TABELA;CODCOLIGADA;1;;;;;;;;CORPORE;dbo;TMOV;CODCOLIGADA;FKOFPECAPENDENTE_TMOV
FK;CORPORE;dbo;OFPECAPENDENTE;TABELA;IDMOVOS;2;;;;;;;;CORPORE;dbo;TMOV;IDMOV;FKOFPECAPENDENTE_TMOV
FK;CORPORE;dbo;OFREFORMAPNEU;TABELA;CODCOLIGADA;1;;;;;;;;CORPORE;dbo;TMOV;CODCOLIGADA;FKOFREFORMAPNEU_OFTMOV
FK;CORPORE;dbo;OFREFORMAPNEU;TABELA;IDMOV;2;;;;;;;;CORPORE;dbo;TMOV;IDMOV;FKOFREFORMAPNEU_OFTMOV
FK;CORPORE;dbo;OFVENCAGENDASERV;TABELA;CODUSUARIO;1;;;;;;;;CORPORE;dbo;GUSUARIO;CODUSUARIO;FKOFVENCAGENDASERV_GUSUARIO
FK;CORPORE;dbo;OFVENCPLANOMANUT;TABELA;CODUSUARIO;1;;;;;;;;CORPORE;dbo;GUSUARIO;CODUSUARIO;FKOFVENCPLANOMANUT_GUSUARIO
FK;CORPORE;dbo;PANOTAC;TABELA;CODPESSOA;1;;;;;;;;CORPORE;dbo;PPESSOA;CODIGO;FKPANOTAC_PPESSOA
FK;CORPORE;dbo;PANOTAC;TABELA;CODPESSOAAUT;1;;;;;;;;CORPORE;dbo;PPESSOA;CODIGO;FKPANOTAC_PPESSOAAUT
FK;CORPORE;dbo;PCCUSTO;TABELA;CODCOLIGADA;1;;;;;;;;CORPORE;dbo;GCCUSTO;CODCOLIGADA;FKPCCUSTO_GCCUSTO
FK;CORPORE;dbo;PCCUSTO;TABELA;CODCCGLOBAL;2;;;;;;;;CORPORE;dbo;GCCUSTO;CODCCUSTO;FKPCCUSTO_GCCUSTO
FK;CORPORE;dbo;PCONTAS;TABELA;CODCOLCONTA;1;;;;;;;;CORPORE;dbo;CCONTA;CODCOLIGADA;FKPCONTAS_CCONTA
FK;CORPORE;dbo;PCONTAS;TABELA;CONTASALDUS;2;;;;;;;;CORPORE;dbo;CCONTA;CODCONTA;FKPCONTAS_CCONTA
FK;CORPORE;dbo;PCONTASGER;TABELA;CODCOLCONTA;1;;;;;;;;CORPORE;dbo;CGERENCIA;CODCOLIGADA;FKPCONTASGER_CGERENCIA
FK;CORPORE;dbo;PCONTASGER;TABELA;CONTASALDUS;2;;;;;;;;CORPORE;dbo;CGERENCIA;CODCONTA;FKPCONTASGER_CGERENCIA
FK;CORPORE;dbo;PDADQUIOSQUE;TABELA;CODUSUAPROV;1;;;;;;;;CORPORE;dbo;GUSUARIO;CODUSUARIO;FKPDADQUIOSQUE_GUSUARIO
FK;CORPORE;dbo;PENDPESSOA;TABELA;CODPESSOA;1;;;;;;;;CORPORE;dbo;PPESSOA;CODIGO;FKPENDPESSOA_PPESSOA
FK;CORPORE;dbo;PESOCIALAVULSOSNAOPORT;TABELA;CODCOLESTABTOMADOR;1;;;;;;;;CORPORE;dbo;FCFO;CODCOLIGADA;FKPESOCIALAVULSOSNAOPORT_FCFO
FK;CORPORE;dbo;PESOCIALAVULSOSNAOPORT;TABELA;CODESTABTOMADOR;2;;;;;;;;CORPORE;dbo;FCFO;CODCFO;FKPESOCIALAVULSOSNAOPORT_FCFO
FK;CORPORE;dbo;PESOCIALCLIFOR;TABELA;CODCOLIGADA;1;;;;;;;;CORPORE;dbo;FCFO;CODCOLIGADA;FKPESOCIALCLIFOR_FCFO
FK;CORPORE;dbo;PESOCIALCLIFOR;TABELA;CODCFO;2;;;;;;;;CORPORE;dbo;FCFO;CODCFO;FKPESOCIALCLIFOR_FCFO
FK;CORPORE;dbo;PESOCIALCLIFORMULTVINCULOS;TABELA;CODCOLIGADA;1;;;;;;;;CORPORE;dbo;FCFO;CODCOLIGADA;FKPESOCIALCLIFORMULTVINCULOS_F
FK;CORPORE;dbo;PESOCIALCLIFORMULTVINCULOS;TABELA;CODCFO;2;;;;;;;;CORPORE;dbo;FCFO;CODCFO;FKPESOCIALCLIFORMULTVINCULOS_F
FK;CORPORE;dbo;PESOCIALLOTACAOTRIBUTARIA;TABELA;CODCOLIGADATOMADOR;1;;;;;;;;CORPORE;dbo;FCFO;CODCOLIGADA;FKPESOCIALLOTACAOTRIBUTARIA_FC
FK;CORPORE;dbo;PESOCIALLOTACAOTRIBUTARIA;TABELA;CODTOMADOR;2;;;;;;;;CORPORE;dbo;FCFO;CODCFO;FKPESOCIALLOTACAOTRIBUTARIA_FC
FK;CORPORE;dbo;PESOCIALTOMADORESDESCONSIDERAR;TABELA;CODCOLTOMADOR;1;;;;;;;;CORPORE;dbo;FCFO;CODCOLIGADA;FK_PESOCIALTOMADORDESC_FCFO
FK;CORPORE;dbo;PESOCIALTOMADORESDESCONSIDERAR;TABELA;CODTOMADOR;2;;;;;;;;CORPORE;dbo;FCFO;CODCFO;FK_PESOCIALTOMADORDESC_FCFO
FK;CORPORE;dbo;PEXTERNO;TABELA;CODCOLCFO;1;;;;;;;;CORPORE;dbo;FCFO;CODCOLIGADA;FKPEXTERNO_FCFO
FK;CORPORE;dbo;PEXTERNO;TABELA;CODPESSOA;1;;;;;;;;CORPORE;dbo;PPESSOA;CODIGO;FKPEXTERNO_PPESSOA
FK;CORPORE;dbo;PEXTERNO;TABELA;CODCFO;2;;;;;;;;CORPORE;dbo;FCFO;CODCFO;FKPEXTERNO_FCFO
FK;CORPORE;dbo;PFAVISO;TABELA;CODUSUARIO;1;;;;;;;;CORPORE;dbo;GUSUARIO;CODUSUARIO;FKPFAVISO_GUSUARIO
FK;CORPORE;dbo;PFDEPEND;TABELA;CODCOLFORNEC;1;;;;;;;;CORPORE;dbo;FCFO;CODCOLIGADA;FKPFDEPEND_FCFO
FK;CORPORE;dbo;PFDEPEND;TABELA;CODFORNECEDOR;2;;;;;;;;CORPORE;dbo;FCFO;CODCFO;FKPFDEPEND_FCFO
FK;CORPORE;dbo;PFENCCC;TABELA;CODCOLIGADA;1;;;;;;;;CORPORE;dbo;GCCUSTO;CODCOLIGADA;FKPFENCCC_GCCUSTO
FK;CORPORE;dbo;PFENCCC;TABELA;CODGCCUSTO;2;;;;;;;;CORPORE;dbo;GCCUSTO;CODCCUSTO;FKPFENCCC_GCCUSTO
FK;CORPORE;dbo;PFHSTAFT;TABELA;CODCOLTOMADOR;1;;;;;;;;CORPORE;dbo;FCFO;CODCOLIGADA;FKPFHSTAFT_FCFO
FK;CORPORE;dbo;PFHSTAFT;TABELA;CODTOMADOR;2;;;;;;;;CORPORE;dbo;FCFO;CODCFO;FKPFHSTAFT_FCFO
FK;CORPORE;dbo;PFHSTEND;TABELA;CODPESSOA;1;;;;;;;;CORPORE;dbo;PPESSOA;CODIGO;FKPFHSTEND_PPESSOA
FK;CORPORE;dbo;PFHSTRATEIOTOMADOR;TABELA;CODCOLTOMADOR;1;;;;;;;;CORPORE;dbo;FCFO;CODCOLIGADA;FKPFHSTRATEIOTOMADOR_FCFO
FK;CORPORE;dbo;PFHSTRATEIOTOMADOR;TABELA;CODTOMADOR;2;;;;;;;;CORPORE;dbo;FCFO;CODCFO;FKPFHSTRATEIOTOMADOR_FCFO
FK;CORPORE;dbo;PFINANCEIRO;TABELA;CODCOLCFO;1;;;;;;;;CORPORE;dbo;FCFO;CODCOLIGADA;FKPFINANCEIRO_FCFO
FK;CORPORE;dbo;PFINANCEIRO;TABELA;CODCOLIGADA;1;;;;;;;;CORPORE;dbo;GCCUSTO;CODCOLIGADA;FKPFINANCEIRO_GCCUSTO
FK;CORPORE;dbo;PFINANCEIRO;TABELA;CODCOLNATFINANCEIRA;1;;;;;;;;CORPORE;dbo;TTBORCAMENTO;CODCOLIGADA;FKPFINANCEIRO_TTBORCAMENTO
FK;CORPORE;dbo;PFINANCEIRO;TABELA;CODCOLTOMADOR;1;;;;;;;;CORPORE;dbo;FCFO;CODCOLIGADA;FKPFINANCEIRO_FCFO2
FK;CORPORE;dbo;PFINANCEIRO;TABELA;CODCCUSTO;2;;;;;;;;CORPORE;dbo;GCCUSTO;CODCCUSTO;FKPFINANCEIRO_GCCUSTO
FK;CORPORE;dbo;PFINANCEIRO;TABELA;CODCFO;2;;;;;;;;CORPORE;dbo;FCFO;CODCFO;FKPFINANCEIRO_FCFO
FK;CORPORE;dbo;PFINANCEIRO;TABELA;CODNATFINANCEIRA;2;;;;;;;;CORPORE;dbo;TTBORCAMENTO;CODTBORCAMENTO;FKPFINANCEIRO_TTBORCAMENTO
FK;CORPORE;dbo;PFINANCEIRO;TABELA;CODTOMADOR;2;;;;;;;;CORPORE;dbo;FCFO;CODCFO;FKPFINANCEIRO_FCFO2
FK;CORPORE;dbo;PFITEMLAN;TABELA;CODCOLCFO;1;;;;;;;;CORPORE;dbo;FCFO;CODCOLIGADA;FKPFITEMLAN_FCFO
FK;CORPORE;dbo;PFITEMLAN;TABELA;CODCFO;2;;;;;;;;CORPORE;dbo;FCFO;CODCFO;FKPFITEMLAN_FCFO
FK;CORPORE;dbo;PFMOVCONVENIO;TABELA;CODCOLIGADA;1;;;;;;;;CORPORE;dbo;FCFO;CODCOLIGADA;FKPFMOVCONVENIO_FCFO
FK;CORPORE;dbo;PFMOVCONVENIO;TABELA;CODFORNECEDOR;2;;;;;;;;CORPORE;dbo;FCFO;CODCFO;FKPFMOVCONVENIO_FCFO
FK;CORPORE;dbo;PFMOVTEMP;TABELA;CODCOLIGADA;1;;;;;;;;CORPORE;dbo;GCCUSTO;CODCOLIGADA;FKPFMOVTEMP_GCCUSTO
FK;CORPORE;dbo;PFMOVTEMP;TABELA;CODUSUARIO;1;;;;;;;;CORPORE;dbo;GUSUARIO;CODUSUARIO;FKPFMOVTEMP_GUSUARIO
FK;CORPORE;dbo;PFMOVTEMP;TABELA;CODCCUSTO;2;;;;;;;;CORPORE;dbo;GCCUSTO;CODCCUSTO;FKPFMOVTEMP_GCCUSTO
FK;CORPORE;dbo;PFMOVTOMADOR;TABELA;CODCOLTOMADOR;1;;;;;;;;CORPORE;dbo;FCFO;CODCOLIGADA;FKPFMOVTOMADOR_FCFO
FK;CORPORE;dbo;PFMOVTOMADOR;TABELA;CODTOMADOR;2;;;;;;;;CORPORE;dbo;FCFO;CODCFO;FKPFMOVTOMADOR_FCFO
FK;CORPORE;dbo;PFRATEIOTOMADOR;TABELA;CODCOLTOMADOR;1;;;;;;;;CORPORE;dbo;FCFO;CODCOLIGADA;FKPFRATEIOTOMADOR_FCFO
FK;CORPORE;dbo;PFRATEIOTOMADOR;TABELA;CODTOMADOR;2;;;;;;;;CORPORE;dbo;FCFO;CODCFO;FKPFRATEIOTOMADOR_FCFO
FK;CORPORE;dbo;PFUNC;TABELA;CODCOLFORNEC;1;;;;;;;;CORPORE;dbo;FCFO;CODCOLIGADA;FKPFUNC_FCFO
FK;CORPORE;dbo;PFUNC;TABELA;CODPESSOA;1;;;;;;;;CORPORE;dbo;PPESSOA;CODIGO;FKPFUNC_PPESSOA
FK;CORPORE;dbo;PFUNC;TABELA;COLTOMADORTEMP;1;;;;;;;;CORPORE;dbo;FCFO;CODCOLIGADA;FKPFUNC_FCFOTEMP
FK;CORPORE;dbo;PFUNC;TABELA;CODFORNECEDOR;2;;;;;;;;CORPORE;dbo;FCFO;CODCFO;FKPFUNC_FCFO
FK;CORPORE;dbo;PFUNC;TABELA;CODIGOTOMADORTEMP;2;;;;;;;;CORPORE;dbo;FCFO;CODCFO;FKPFUNC_FCFOTEMP
FK;CORPORE;dbo;PFUNCPRELIMINAR;TABELA;CODPESSOA;1;;;;;;;;CORPORE;dbo;PPESSOA;CODIGO;FKPFUNCPRELIMINAR_PPESSOA
FK;CORPORE;dbo;PGPSLOGCALC;TABELA;CODCOLTOMADOR;1;;;;;;;;CORPORE;dbo;FCFO;CODCOLIGADA;FKPGPSLOGCALC_FCFO
FK;CORPORE;dbo;PGPSLOGCALC;TABELA;CODTOMADOR;2;;;;;;;;CORPORE;dbo;FCFO;CODCFO;FKPGPSLOGCALC_FCFO
FK;CORPORE;dbo;PLANCFINANC;TABELA;CODCOLCFO;1;;;;;;;;CORPORE;dbo;FCFO;CODCOLIGADA;FKPLANCFINANC_FCFO
FK;CORPORE;dbo;PLANCFINANC;TABELA;CODCOLNATFINANCEIRA;1;;;;;;;;CORPORE;dbo;TTBORCAMENTO;CODCOLIGADA;FKPLANCFINANC_TTBORCAMENTO
FK;CORPORE;dbo;PLANCFINANC;TABELA;CODCFO;2;;;;;;;;CORPORE;dbo;FCFO;CODCFO;FKPLANCFINANC_FCFO
FK;CORPORE;dbo;PLANCFINANC;TABELA;CODNATFINANCEIRA;2;;;;;;;;CORPORE;dbo;TTBORCAMENTO;CODTBORCAMENTO;FKPLANCFINANC_TTBORCAMENTO
FK;CORPORE;dbo;PORCAMENTOLOTACAOCADHST;TABELA;CODCOLTOMADOR;1;;;;;;;;CORPORE;dbo;FCFO;CODCOLIGADA;FKPORCAMENTOLOTACAOCADHST_FCFO
FK;CORPORE;dbo;PORCAMENTOLOTACAOCADHST;TABELA;CODTOMADOR;2;;;;;;;;CORPORE;dbo;FCFO;CODCFO;FKPORCAMENTOLOTACAOCADHST_FCFO
FK;CORPORE;dbo;PPARAM;TABELA;CODCOLTOMADOR;1;;;;;;;;CORPORE;dbo;FCFO;CODCOLIGADA;FKPPARAM_FCFO
FK;CORPORE;dbo;PPARAM;TABELA;CODTOMADOREMPRESA;2;;;;;;;;CORPORE;dbo;FCFO;CODCFO;FKPPARAM_FCFO
FK;CORPORE;dbo;PPESHSTCHAPACENTRAL;TABELA;CODPESSOA;1;;;;;;;;CORPORE;dbo;PPESSOA;CODIGO;FKPPESHSTCHAPACENTRAL_PPESSOA
FK;CORPORE;dbo;PPESSOA;TABELA;CODCLASSIFTRABESTRANG;1;;;;;;;;CORPORE;dbo;PCLASSTRABESTRA;CODCLIENTE;FKPPESSOA_PCLASSTRABESTRA
FK;CORPORE;dbo;PPESSOA;TABELA;CODMEMOOBS;1;;;;;;;;CORPORE;dbo;VMEMO;ID;FKVPPESSOA_VMEMO
FK;CORPORE;dbo;PPESSOA;TABELA;CODMUNICIPIO;1;;;;;;;;CORPORE;dbo;GMUNICIPIO;CODMUNICIPIO;FKPPESSOA_GMUNICIPIO
FK;CORPORE;dbo;PPESSOA;TABELA;CODOCUPACAO;1;;;;;;;;CORPORE;dbo;ETABOCUP;CODCLIENTE;FKPPESSOA_ETABOCUP
FK;CORPORE;dbo;PPESSOA;TABELA;CODPROFISSAO;1;;;;;;;;CORPORE;dbo;EPROFISS;CODCLIENTE;FKPPESSOA_EPROFISS
FK;CORPORE;dbo;PPESSOA;TABELA;CODUSUARIO;1;;;;;;;;CORPORE;dbo;GUSUARIO;CODUSUARIO;FKPPESSOA_GUSUARIO
FK;CORPORE;dbo;PPESSOA;TABELA;CORRACA;1;;;;;;;;CORPORE;dbo;PCORRACA;CODCLIENTE;FKPPESSOA_PCORRACA
FK;CORPORE;dbo;PPESSOA;TABELA;ESTADO;1;;;;;;;;CORPORE;dbo;GETD;CODETD;FKPPESSOA_GETD
FK;CORPORE;dbo;PPESSOA;TABELA;ESTADOCIVIL;1;;;;;;;;CORPORE;dbo;PCODESTCIVIL;CODCLIENTE;FKPPESSOA_PCODESTCIVIL
FK;CORPORE;dbo;PPESSOA;TABELA;ESTADONATAL;1;;;;;;;;CORPORE;dbo;GETD;CODETD;FKPPESSOA_GETDNT
FK;CORPORE;dbo;PPESSOA;TABELA;GRAUINSTRUCAO;1;;;;;;;;CORPORE;dbo;PCODINSTRUCAO;CODCLIENTE;FKPPESSOA_PCODINSTRUCAO
FK;CORPORE;dbo;PPESSOA;TABELA;IDBIOMETRIA;1;;;;;;;;CORPORE;dbo;GIMAGEM;ID;FKPPESSOA_GIMAGEMBIOMETRIA
FK;CORPORE;dbo;PPESSOA;TABELA;IDIMAGEM;1;;;;;;;;CORPORE;dbo;GIMAGEM;ID;FKPPESSOA_GIMAGEM
FK;CORPORE;dbo;PPESSOA;TABELA;NACIONALIDADE;1;;;;;;;;CORPORE;dbo;PCODNACAO;CODCLIENTE;FKPPESSOA_PCODNACAO
FK;CORPORE;dbo;PPESSOA;TABELA;SEXO;1;;;;;;;;CORPORE;dbo;PCODSEXO;CODCLIENTE;FKPPESSOA_PCODSEXO
FK;CORPORE;dbo;PPESSOA;TABELA;UFCARTIDENT;1;;;;;;;;CORPORE;dbo;GETD;CODETD;FKPPESSOA_GETDRG
FK;CORPORE;dbo;PPESSOA;TABELA;UFCARTTRAB;1;;;;;;;;CORPORE;dbo;GETD;CODETD;FKPPESSOA_GETDCT
FK;CORPORE;dbo;PPESSOA;TABELA;ESTADO;2;;;;;;;;CORPORE;dbo;GMUNICIPIO;CODETDMUNICIPIO;FKPPESSOA_GMUNICIPIO
FK;CORPORE;dbo;PPESSOADEFICIENCIA;TABELA;CODPESSOA;1;;;;;;;;CORPORE;dbo;PPESSOA;CODIGO;FKPPESSOADEFICIENCIA_PPESSOA
FK;CORPORE;dbo;PPESSOAMULTVINCULOS;TABELA;CODPESSOA;1;;;;;;;;CORPORE;dbo;PPESSOA;CODIGO;FKPPESSOAMULTVINCULOS_PPESSOA
FK;CORPORE;dbo;PPESSOAMX;TABELA;CODIGO;1;;;;;;;;CORPORE;dbo;PPESSOA;CODIGO;FKPPESSOAMX_PPESSOA
FK;CORPORE;dbo;PPESSOAPT;TABELA;CODIGO;1;;;;;;;;CORPORE;dbo;PPESSOA;CODIGO;FKPPESSOAPT_PPESSOA
FK;CORPORE;dbo;PRATFINANCEIRO;TABELA;CODCOLIGADA;1;;;;;;;;CORPORE;dbo;GCCUSTO;CODCOLIGADA;FKPRATFINANCEIRO_GCCUSTO
FK;CORPORE;dbo;PRATFINANCEIRO;TABELA;CODCOLNATFINANCEIRA;1;;;;;;;;CORPORE;dbo;TTBORCAMENTO;CODCOLIGADA;FKPRATFINANCEIRO_TTBORCAMENTO
FK;CORPORE;dbo;PRATFINANCEIRO;TABELA;CODCCUSTO;2;;;;;;;;CORPORE;dbo;GCCUSTO;CODCCUSTO;FKPRATFINANCEIRO_GCCUSTO
FK;CORPORE;dbo;PRATFINANCEIRO;TABELA;CODNATFINANCEIRA;2;;;;;;;;CORPORE;dbo;TTBORCAMENTO;CODTBORCAMENTO;FKPRATFINANCEIRO_TTBORCAMENTO
FK;CORPORE;dbo;PRETSEFIP;TABELA;CODCOLTOMADOR;1;;;;;;;;CORPORE;dbo;FCFO;CODCOLIGADA;FKPRETSEFIP_FCFO
FK;CORPORE;dbo;PRETSEFIP;TABELA;CODTOMADOR;2;;;;;;;;CORPORE;dbo;FCFO;CODCFO;FKPRETSEFIP_FCFO
FK;CORPORE;dbo;PSCHEDULEMESSAGESLOGPUSH;TABELA;USERID;1;;;;;;;;CORPORE;dbo;PPESSOA;CODIGO;FKPSCHEDULEMESSAGESLOGPUSH_PP
FK;CORPORE;dbo;PSEFIPPARTOM;TABELA;CODCOLIGADATOMADOR;1;;;;;;;;CORPORE;dbo;FCFO;CODCOLIGADA;FKPSEFIPPARTOM_FCFO
FK;CORPORE;dbo;PSEFIPPARTOM;TABELA;CODCFO;2;;;;;;;;CORPORE;dbo;FCFO;CODCFO;FKPSEFIPPARTOM_FCFO
FK;CORPORE;dbo;PSEFIPPARTOMCEI;TABELA;CODCOLIGADATOMADOR;1;;;;;;;;CORPORE;dbo;FCFO;CODCOLIGADA;FKPSEFIPPARTOMCEI_FCFO
FK;CORPORE;dbo;PSEFIPPARTOMCEI;TABELA;CODCFO;2;;;;;;;;CORPORE;dbo;FCFO;CODCFO;FKPSEFIPPARTOMCEI_FCFO
FK;CORPORE;dbo;PSINDIC;TABELA;CODCOLFORNEC;1;;;;;;;;CORPORE;dbo;FCFO;CODCOLIGADA;FKPSINDIC_FCFO
FK;CORPORE;dbo;PSINDIC;TABELA;CODFORNECEDOR;2;;;;;;;;CORPORE;dbo;FCFO;CODCFO;FKPSINDIC_FCFO
FK;CORPORE;dbo;PUSERSDEVICESPUSHNOTIFICATION;TABELA;CODPESSOA;1;;;;;;;;CORPORE;dbo;PPESSOA;CODIGO;FKPUSERSDEVICES_PPESSOA
FK;CORPORE;dbo;PVALORRETENCAOCNPJTOMADOR;TABELA;CODCOLTOMADOR;1;;;;;;;;CORPORE;dbo;FCFO;CODCOLIGADA;FKPVALRETENCAOCNPJTOMAD_FCFO
FK;CORPORE;dbo;PVALORRETENCAOCNPJTOMADOR;TABELA;CODTOMADOR;2;;;;;;;;CORPORE;dbo;FCFO;CODCFO;FKPVALRETENCAOCNPJTOMAD_FCFO
FK;CORPORE;dbo;QCUBO;TABELA;USRULTALTER;1;;;;;;;;CORPORE;dbo;GUSUARIO;CODUSUARIO;FKQCUBO_GUSUARIO
FK;CORPORE;dbo;QCUBOUSRVAR;TABELA;CODUSUARIO;1;;;;;;;;CORPORE;dbo;GUSUARIO;CODUSUARIO;FKQCUBOUSRVAR_GUSUARIO
FK;CORPORE;dbo;QCUBOUSRVIEW;TABELA;CODUSUARIO;1;;;;;;;;CORPORE;dbo;GUSUARIO;CODUSUARIO;FKQCUBOUSRVIEW_GUSUARIO
FK;CORPORE;dbo;QCUBOXPARAMS;TABELA;CODUSUARIO;1;;;;;;;;CORPORE;dbo;GUSUARIO;CODUSUARIO;FKQCUBOXPARAMS_GUSUARIO
FK;CORPORE;dbo;SACEITETERMO;TABELA;CODCOLIGADACFO;1;;;;;;;;CORPORE;dbo;FCFO;CODCOLIGADA;FKSACEITETERMO_FCFO
FK;CORPORE;dbo;SACEITETERMO;TABELA;CODPESSOA;1;;;;;;;;CORPORE;dbo;PPESSOA;CODIGO;FKSACEITETERMO_PPESSOA
FK;CORPORE;dbo;SACEITETERMO;TABELA;CODCFO;2;;;;;;;;CORPORE;dbo;FCFO;CODCFO;FKSACEITETERMO_FCFO
FK;CORPORE;dbo;SACEITETERMOUSOIMAGEMVOZ;TABELA;CODCOLCFOACEITE;1;;;;;;;;CORPORE;dbo;FCFO;CODCOLIGADA;FKSACEITETERMOUSOIMAGEMVOZ_FC
FK;CORPORE;dbo;SACEITETERMOUSOIMAGEMVOZ;TABELA;CODCOLCFOREVOGOU;1;;;;;;;;CORPORE;dbo;FCFO;CODCOLIGADA;FKSACEITETERMO_FCFO_REVOGOU
FK;CORPORE;dbo;SACEITETERMOUSOIMAGEMVOZ;TABELA;CODPESSOAACEITE;1;;;;;;;;CORPORE;dbo;PPESSOA;CODIGO;FKSACEITETERMO_PPESSOA_ACEITE
FK;CORPORE;dbo;SACEITETERMOUSOIMAGEMVOZ;TABELA;CODPESSOAREVOGOU;1;;;;;;;;CORPORE;dbo;PPESSOA;CODIGO;FKSACEITETERMO_PPESSOA_REVOGOU
FK;CORPORE;dbo;SACEITETERMOUSOIMAGEMVOZ;TABELA;CODCFOACEITE;2;;;;;;;;CORPORE;dbo;FCFO;CODCFO;FKSACEITETERMOUSOIMAGEMVOZ_FC
FK;CORPORE;dbo;SACEITETERMOUSOIMAGEMVOZ;TABELA;CODCFOREVOGOU;2;;;;;;;;CORPORE;dbo;FCFO;CODCFO;FKSACEITETERMO_FCFO_REVOGOU
FK;CORPORE;dbo;SALUNO;TABELA;CODCOLCFO;1;;;;;;;;CORPORE;dbo;FCFO;CODCOLIGADA;FKSALUNO_FCFO
FK;CORPORE;dbo;SALUNO;TABELA;CODPESSOA;1;;;;;;;;CORPORE;dbo;PPESSOA;CODIGO;FKSALUNO_PPESSOA
FK;CORPORE;dbo;SALUNO;TABELA;CODPESSOARACA;1;;;;;;;;CORPORE;dbo;PPESSOA;CODIGO;FKSALUNO_PPESSOARACA
FK;CORPORE;dbo;SALUNO;TABELA;CODCFO;2;;;;;;;;CORPORE;dbo;FCFO;CODCFO;FKSALUNO_FCFO
FK;CORPORE;dbo;SALUNORESPFINVINCULADOS;TABELA;CODCOLCFO;1;;;;;;;;CORPORE;dbo;FCFO;CODCOLIGADA;FKSALUNORESPFINVINCULADOS_FCFO
FK;CORPORE;dbo;SALUNORESPFINVINCULADOS;TABELA;CODCFO;2;;;;;;;;CORPORE;dbo;FCFO;CODCFO;FKSALUNORESPFINVINCULADOS_FCFO
FK;CORPORE;dbo;SALUNORESPONSAVEL;TABELA;CODPESSOA;1;;;;;;;;CORPORE;dbo;PPESSOA;CODIGO;FKSALUNORESPONSAVEL_PPESSOA
FK;CORPORE;dbo;SASSINATURACONTRATO;TABELA;CODCOLIGADACFO;1;;;;;;;;CORPORE;dbo;FCFO;CODCOLIGADA;FKSASSINATURACONTRATO_FCFO
FK;CORPORE;dbo;SASSINATURACONTRATO;TABELA;CODPESSOA;1;;;;;;;;CORPORE;dbo;PPESSOA;CODIGO;FKSASSINATURACONTRATO_PPESSOA
FK;CORPORE;dbo;SASSINATURACONTRATO;TABELA;CODUSUARIO;1;;;;;;;;CORPORE;dbo;GUSUARIO;CODUSUARIO;FKSASSINATURACONTRATO_GUSUARIO
FK;CORPORE;dbo;SASSINATURACONTRATO;TABELA;CODCFO;2;;;;;;;;CORPORE;dbo;FCFO;CODCFO;FKSASSINATURACONTRATO_FCFO
FK;CORPORE;dbo;SATIVIDADEAGENDADAUSUARIO;TABELA;CODUSUARIO;1;;;;;;;;CORPORE;dbo;GUSUARIO;CODUSUARIO;FKSATVAGENDADAUSR_GUSUARIO
FK;CORPORE;dbo;SATIVIDADEPESSOA;TABELA;CODPESSOA;1;;;;;;;;CORPORE;dbo;PPESSOA;CODIGO;FKSATIVIDADEPESSOA_PPESSOA
FK;CORPORE;dbo;SATIVIDADEPROFESSOR;TABELA;CODCOLIGADA;1;;;;;;;;CORPORE;dbo;GCCUSTO;CODCOLIGADA;FKSATIVIDADEPROFESSOR_GCCUSTO
FK;CORPORE;dbo;SATIVIDADEPROFESSOR;TABELA;CODCCUSTO;2;;;;;;;;CORPORE;dbo;GCCUSTO;CODCCUSTO;FKSATIVIDADEPROFESSOR_GCCUSTO
FK;CORPORE;dbo;SBOLSA;TABELA;CODCOLCFO;1;;;;;;;;CORPORE;dbo;FCFO;CODCOLIGADA;FKSBOLSA_FCFO
FK;CORPORE;dbo;SBOLSA;TABELA;CODCFO;2;;;;;;;;CORPORE;dbo;FCFO;CODCFO;FKSBOLSA_FCFO
FK;CORPORE;dbo;SBOLSAALUNO;TABELA;CODUSUARIO;1;;;;;;;;CORPORE;dbo;GUSUARIO;CODUSUARIO;FKSBOLSAALUNO_GUSUARIO
FK;CORPORE;dbo;SBOLSAALUNO;TABELA;CODUSUARIOCANCEL;1;;;;;;;;CORPORE;dbo;GUSUARIO;CODUSUARIO;FKSBOLSAALUNO_GUSUARIO1
FK;CORPORE;dbo;SBOLSACONT;TABELA;CODCOLCONTA;1;;;;;;;;CORPORE;dbo;CCONTA;CODCOLIGADA;FKSBOLSACONT_CCONTA
FK;CORPORE;dbo;SBOLSACONT;TABELA;CODCOLIGADA;1;;;;;;;;CORPORE;dbo;GCCUSTO;CODCOLIGADA;FKSBOLSACONT_GCCUSTO
FK;CORPORE;dbo;SBOLSACONT;TABELA;CODCCUSTO;2;;;;;;;;CORPORE;dbo;GCCUSTO;CODCCUSTO;FKSBOLSACONT_GCCUSTO
FK;CORPORE;dbo;SBOLSACONT;TABELA;CODCONTA;2;;;;;;;;CORPORE;dbo;CCONTA;CODCONTA;FKSBOLSACONT_CCONTA
FK;CORPORE;dbo;SBOLSARAT;TABELA;CODCOLCONTA;1;;;;;;;;CORPORE;dbo;CCONTA;CODCOLIGADA;FKSBOLSARAT_CCONTA
FK;CORPORE;dbo;SBOLSARAT;TABELA;CODCOLCONTAGER;1;;;;;;;;CORPORE;dbo;CGERENCIA;CODCOLIGADA;FKSBOLSARAT_CGERENCIA
FK;CORPORE;dbo;SBOLSARAT;TABELA;CODCONTA;2;;;;;;;;CORPORE;dbo;CCONTA;CODCONTA;FKSBOLSARAT_CCONTA
FK;CORPORE;dbo;SBOLSARAT;TABELA;CODCONTAGER;2;;;;;;;;CORPORE;dbo;CGERENCIA;CODCONTA;FKSBOLSARAT_CGERENCIA
FK;CORPORE;dbo;SBOLSAREPASSE;TABELA;CODUSUARIO;1;;;;;;;;CORPORE;dbo;GUSUARIO;CODUSUARIO;FKSBOLSAREPASSE_GUSUARIO
FK;CORPORE;dbo;SCCOMMENSAGEM;TABELA;CODUSUARIOMSG;1;;;;;;;;CORPORE;dbo;GUSUARIO;CODUSUARIO;FKSCCOMMENSAGEM_GUSUARIO
FK;CORPORE;dbo;SCCOMMENSAGEMAPROVACAO;TABELA;USUARIOAPROVADOR;1;;;;;;;;CORPORE;dbo;GUSUARIO;CODUSUARIO;FKSCCOMMENSAGEMAPROVACAO_GUSU
FK;CORPORE;dbo;SCCOMREGRAUSUARIO;TABELA;CODUSUARIO;1;;;;;;;;CORPORE;dbo;GUSUARIO;CODUSUARIO;FKSCCOMREGRAUSUARIO_GUSUARIO
FK;CORPORE;dbo;SCERTIFICADO;TABELA;CODPESSOA;1;;;;;;;;CORPORE;dbo;PPESSOA;CODIGO;FKSCERTIFICADO_PPESSOA
FK;CORPORE;dbo;SCONCESSAOBOLSA;TABELA;CODUSUARIO;1;;;;;;;;CORPORE;dbo;GUSUARIO;CODUSUARIO;FKSCONCESSAOBOLSA_GUSUARIO
FK;CORPORE;dbo;SCONTACORRENTE;TABELA;CODCOLCFO;1;;;;;;;;CORPORE;dbo;FCFO;CODCOLIGADA;FKSCONTACORRENTE_FCFO
FK;CORPORE;dbo;SCONTACORRENTE;TABELA;CODUSUARIO;1;;;;;;;;CORPORE;dbo;GUSUARIO;CODUSUARIO;FKSCONTACORRENTE_GUSUARIO
FK;CORPORE;dbo;SCONTACORRENTE;TABELA;CODCFO;2;;;;;;;;CORPORE;dbo;FCFO;CODCFO;FKSCONTACORRENTE_FCFO
FK;CORPORE;dbo;SCONTRATO;TABELA;CODCOLIGADA;1;;;;;;;;CORPORE;dbo;GCCUSTO;CODCOLIGADA;FKSCONTRATO_GCCUSTO
FK;CORPORE;dbo;SCONTRATO;TABELA;CODUSUARIOPERSONALIZ;1;;;;;;;;CORPORE;dbo;GUSUARIO;CODUSUARIO;FKSCONTRATO_GUSUARIOPERSONAL
FK;CORPORE;dbo;SCONTRATO;TABELA;CODCCUSTO;2;;;;;;;;CORPORE;dbo;GCCUSTO;CODCCUSTO;FKSCONTRATO_GCCUSTO
FK;CORPORE;dbo;SCONTRATOACESSOS;TABELA;CODCOLCFO;1;;;;;;;;CORPORE;dbo;FCFO;CODCOLIGADA;FKSCONTRATOACESSOS_FCFO
FK;CORPORE;dbo;SCONTRATOACESSOS;TABELA;CODPESSOA;1;;;;;;;;CORPORE;dbo;PPESSOA;CODIGO;FKSCONTRATOACESSOS_PPESSOA
FK;CORPORE;dbo;SCONTRATOACESSOS;TABELA;CODUSUARIO;1;;;;;;;;CORPORE;dbo;GUSUARIO;CODUSUARIO;FKSCONTRATOACESSOS_GUSUARIO
FK;CORPORE;dbo;SCONTRATOACESSOS;TABELA;CODCFO;2;;;;;;;;CORPORE;dbo;FCFO;CODCFO;FKSCONTRATOACESSOS_FCFO
FK;CORPORE;dbo;SCOORDENADOR;TABELA;CODPESSOA;1;;;;;;;;CORPORE;dbo;PPESSOA;CODIGO;FKSCOORDENADOR_PPESSOA
FK;CORPORE;dbo;SCOORDENADORBANCA;TABELA;CODPESSOA;1;;;;;;;;CORPORE;dbo;PPESSOA;CODIGO;FKSCOORDENADORBANCA_PPESSOA
FK;CORPORE;dbo;SCVPROFESSOR;TABELA;CODPESSOA;1;;;;;;;;CORPORE;dbo;PPESSOA;CODIGO;FKSCVPROFESSOR_PPESSOA
FK;CORPORE;dbo;SDIRECAOFILIAL;TABELA;CODPESSOA;1;;;;;;;;CORPORE;dbo;PPESSOA;CODIGO;FKSDIRECAOFILIAL_PPESSOA
FK;CORPORE;dbo;SDIRECAOFILIAL;TABELA;CODPESSOASEC1;1;;;;;;;;CORPORE;dbo;PPESSOA;CODIGO;FKSDIRECAOFILIAL_PPESSOASEC1
FK;CORPORE;dbo;SDIRECAOFILIAL;TABELA;CODPESSOASEC2;1;;;;;;;;CORPORE;dbo;PPESSOA;CODIGO;FKSDIRECAOFILIAL_PPESSOASEC2
FK;CORPORE;dbo;SDIRETORDPTO;TABELA;CODPESSOA;1;;;;;;;;CORPORE;dbo;PPESSOA;CODIGO;FKSDIRETORDPTO_PPESSOA
FK;CORPORE;dbo;SDIRETORESCOLA;TABELA;CODPESSOA;1;;;;;;;;CORPORE;dbo;PPESSOA;CODIGO;FKSDIRETORESCOLA_PPESSOA
FK;CORPORE;dbo;SEMPRESAFUNCIONARIO;TABELA;CODUSUARIO;1;;;;;;;;CORPORE;dbo;GUSUARIO;CODUSUARIO;FKSEMPRESAFUNCIONARIO_GUSUARIO
FK;CORPORE;dbo;SESTAGIOCONTRATO;TABELA;CODRESPLEGAL;1;;;;;;;;CORPORE;dbo;PPESSOA;CODIGO;FKSESTAGIOCONTRATO_PPESSOA
FK;CORPORE;dbo;SESTAGIOPARTICIPANTEBANCA;TABELA;CODPESSOA;1;;;;;;;;CORPORE;dbo;PPESSOA;CODIGO;FKSESTAGIOPARTICIPANTEBANCA_PP
FK;CORPORE;dbo;SESTAGIOSOLICITACAO;TABELA;CODRESPLEGAL;1;;;;;;;;CORPORE;dbo;PPESSOA;CODIGO;FKSESTAGIOSOLICITACAO_PPESSOA
FK;CORPORE;dbo;SFIADOR;TABELA;CODCOLCFO;1;;;;;;;;CORPORE;dbo;FCFO;CODCOLIGADA;FKSFIADOR_FCFO
FK;CORPORE;dbo;SFIADOR;TABELA;CODCFO;2;;;;;;;;CORPORE;dbo;FCFO;CODCFO;FKSFIADOR_FCFO
FK;CORPORE;dbo;SFICHAMEDICAPESSOA;TABELA;CODPESSOA;1;;;;;;;;CORPORE;dbo;PPESSOA;CODIGO;FKSFICHAMEDICAPESSOA_PPESSOA
FK;CORPORE;dbo;SFICHAMEDICAPESSOAOBSERVACOES;TABELA;CODPESSOA;1;;;;;;;;CORPORE;dbo;PPESSOA;CODIGO;FKSFICHAMEDOBS_PPESSOA
FK;CORPORE;dbo;SGESTORMEC;TABELA;CODPESSOA;1;;;;;;;;CORPORE;dbo;PPESSOA;CODIGO;FKSGESTORMEC_PPESSOA
FK;CORPORE;dbo;SGRUPOATIVIDADE;TABELA;CODCOLIGADA;1;;;;;;;;CORPORE;dbo;GCCUSTO;CODCOLIGADA;FKSGRUPOATIVIDADE_GCCUSTO
FK;CORPORE;dbo;SGRUPOATIVIDADE;TABELA;CODCCUSTO;2;;;;;;;;CORPORE;dbo;GCCUSTO;CODCCUSTO;FKSGRUPOATIVIDADE_GCCUSTO
FK;CORPORE;dbo;SHABILITACAOFILIAL;TABELA;CODCOLIGADA;1;;;;;;;;CORPORE;dbo;GCCUSTO;CODCOLIGADA;FKSHABILITACAOFILIAL_GCCUSTO
FK;CORPORE;dbo;SHABILITACAOFILIAL;TABELA;CODCCUSTO;2;;;;;;;;CORPORE;dbo;GCCUSTO;CODCCUSTO;FKSHABILITACAOFILIAL_GCCUSTO
FK;CORPORE;dbo;SHABILITACAOFILIALCONT;TABELA;CODCOLCONTA;1;;;;;;;;CORPORE;dbo;CCONTA;CODCOLIGADA;FKSHABILITAFILIALCONT_CCONTA
FK;CORPORE;dbo;SHABILITACAOFILIALCONT;TABELA;CODCOLIGADA;1;;;;;;;;CORPORE;dbo;GCCUSTO;CODCOLIGADA;FKSHABILITAFILIALCONT_GCCUSTO
FK;CORPORE;dbo;SHABILITACAOFILIALCONT;TABELA;CODCCUSTO;2;;;;;;;;CORPORE;dbo;GCCUSTO;CODCCUSTO;FKSHABILITAFILIALCONT_GCCUSTO
FK;CORPORE;dbo;SHABILITACAOFILIALCONT;TABELA;CODCONTA;2;;;;;;;;CORPORE;dbo;CCONTA;CODCONTA;FKSHABILITAFILIALCONT_CCONTA
FK;CORPORE;dbo;SHABILITACAOFILIALRAT;TABELA;CODCOLCONTA;1;;;;;;;;CORPORE;dbo;CCONTA;CODCOLIGADA;FKSHABILITACAOFILIALRAT_CCONTA
FK;CORPORE;dbo;SHABILITACAOFILIALRAT;TABELA;CODCOLCONTAGER;1;;;;;;;;CORPORE;dbo;CGERENCIA;CODCOLIGADA;FKSHABILITAFILIALRAT_CGERENCIA
FK;CORPORE;dbo;SHABILITACAOFILIALRAT;TABELA;CODCONTA;2;;;;;;;;CORPORE;dbo;CCONTA;CODCONTA;FKSHABILITACAOFILIALRAT_CCONTA
FK;CORPORE;dbo;SHABILITACAOFILIALRAT;TABELA;CODCONTAGER;2;;;;;;;;CORPORE;dbo;CGERENCIA;CODCONTA;FKSHABILITAFILIALRAT_CGERENCIA
FK;CORPORE;dbo;SINOVINVENTOR;TABELA;CODPESSOA;1;;;;;;;;CORPORE;dbo;PPESSOA;CODIGO;FKSINOVINVENTOR_PPESSOA
FK;CORPORE;dbo;SMODPARTICIPANTE;TABELA;CODPESSOA;1;;;;;;;;CORPORE;dbo;PPESSOA;CODIGO;FKSMODPARTICIPANTE_PPESSOA
FK;CORPORE;dbo;SMSGPESSOALUSUARIO;TABELA;CODUSRDESTINO;1;;;;;;;;CORPORE;dbo;GUSUARIO;CODUSUARIO;FKSMSGPESSOALUSR_GUSUARIODES
FK;CORPORE;dbo;SMSGPESSOALUSUARIO;TABELA;CODUSRENVIO;1;;;;;;;;CORPORE;dbo;GUSUARIO;CODUSUARIO;FKSMSGPESSOALUSR_GUSUARIOENV
FK;CORPORE;dbo;SPARCELAMOV;TABELA;CODCOLIGADA;1;;;;;;;;CORPORE;dbo;TMOV;CODCOLIGADA;FKSPARCELAMOV_TMOV
FK;CORPORE;dbo;SPARCELAMOV;TABELA;IDMOV;2;;;;;;;;CORPORE;dbo;TMOV;IDMOV;FKSPARCELAMOV_TMOV
FK;CORPORE;dbo;SPARTICIPANTE;TABELA;CODPESSOA;1;;;;;;;;CORPORE;dbo;PPESSOA;CODIGO;FKSPARTICIPANTE_PPESSOA
FK;CORPORE;dbo;SPESQUISADORINSTITUCIONAL;TABELA;CODPESSOA;1;;;;;;;;CORPORE;dbo;PPESSOA;CODIGO;FKSPESQINSTITUCIONAL_PPESSOA
FK;CORPORE;dbo;SPESSOA;TABELA;CODIGO;1;;;;;;;;CORPORE;dbo;PPESSOA;CODIGO;FKSPESSOA_PPESSOA
FK;CORPORE;dbo;SPESSOA;TABELA;CODPESSOAMAE;1;;;;;;;;CORPORE;dbo;PPESSOA;CODIGO;FKSPESSOA_PPESSOAMAE
FK;CORPORE;dbo;SPESSOA;TABELA;CODPESSOAPAI;1;;;;;;;;CORPORE;dbo;PPESSOA;CODIGO;FKSPESSOA_PPESSOAPAI
FK;CORPORE;dbo;SPESSOAPERGAMUM;TABELA;CODPESSOA;1;;;;;;;;CORPORE;dbo;PPESSOA;CODIGO;FKSPESSOAPERGAMUM_PPESSOA
FK;CORPORE;dbo;SPREPARACENSO;TABELA;CODUSUARIO;1;;;;;;;;CORPORE;dbo;GUSUARIO;CODUSUARIO;FKSPREPARACENSO_GUSUARIO
FK;CORPORE;dbo;SPROFESSOR;TABELA;CODPESSOA;1;;;;;;;;CORPORE;dbo;PPESSOA;CODIGO;FKSPROFESSOR_PPESSOA
FK;CORPORE;dbo;SPROJPESQUISADOR;TABELA;CODPESSOA;1;;;;;;;;CORPORE;dbo;PPESSOA;CODIGO;FKSPROJPESQUISADOR_PPESSOA
FK;CORPORE;dbo;SPROJPROJETO;TABELA;CODCOLIGADA;1;;;;;;;;CORPORE;dbo;GCCUSTO;CODCOLIGADA;FKSPROJPROJETO_GCCUSTO
FK;CORPORE;dbo;SPROJPROJETO;TABELA;CODCOLIGADA;1;;;;;;;;CORPORE;dbo;GCCUSTO;CODCOLIGADA;FKPROJETO_GCCUSTOPART
FK;CORPORE;dbo;SPROJPROJETO;TABELA;CODCCUSTO;2;;;;;;;;CORPORE;dbo;GCCUSTO;CODCCUSTO;FKSPROJPROJETO_GCCUSTO
FK;CORPORE;dbo;SPROJPROJETO;TABELA;CODCCUSTOCONTRAPART;2;;;;;;;;CORPORE;dbo;GCCUSTO;CODCCUSTO;FKPROJETO_GCCUSTOPART
FK;CORPORE;dbo;SPSALTDATAVENCLANC;TABELA;CODPESSOA;1;;;;;;;;CORPORE;dbo;PPESSOA;CODIGO;FKSPSALTDATAVENCLANC_PPESSOA
FK;CORPORE;dbo;SPSARQUIVOSCANDIDATO;TABELA;CODPESSOA;1;;;;;;;;CORPORE;dbo;PPESSOA;CODIGO;FKSPSARQUIVOSCANDIDATO_PPESSOA
FK;CORPORE;dbo;SPSCLASSIFICACAOGERAL;TABELA;CODPESSOA;1;;;;;;;;CORPORE;dbo;PPESSOA;CODIGO;FKSPSCLASSIFICACAOGERAL_PPESSO
FK;CORPORE;dbo;SPSCONFIGURACAOPAGAMENTOPROF;TABELA;CODCOLIGADA;1;;;;;;;;CORPORE;dbo;GCCUSTO;CODCOLIGADA;FKSPSCONFIGPAGPROF_GCCUSTO
FK;CORPORE;dbo;SPSCONFIGURACAOPAGAMENTOPROF;TABELA;CODCOLNATFINANCEIRA;1;;;;;;;;CORPORE;dbo;TTBORCAMENTO;CODCOLIGADA;FKSPSCFGPGPROF_TTBORCAMENTO
FK;CORPORE;dbo;SPSCONFIGURACAOPAGAMENTOPROF;TABELA;CODCCUSTO;2;;;;;;;;CORPORE;dbo;GCCUSTO;CODCCUSTO;FKSPSCONFIGPAGPROF_GCCUSTO
FK;CORPORE;dbo;SPSCONFIGURACAOPAGAMENTOPROF;TABELA;CODNATFINANCEIRA;2;;;;;;;;CORPORE;dbo;TTBORCAMENTO;CODTBORCAMENTO;FKSPSCFGPGPROF_TTBORCAMENTO
FK;CORPORE;dbo;SPSCONTROLEDISTRIBUICAOPROVA;TABELA;CODPESSOA;1;;;;;;;;CORPORE;dbo;PPESSOA;CODIGO;FKSPSCONTDISTPRV_PPESSOA
FK;CORPORE;dbo;SPSCONTROLEPRESENCACAND;TABELA;CODPESSOA;1;;;;;;;;CORPORE;dbo;PPESSOA;CODIGO;FKSPSCONTROLEPRESENCACAND_PPES
FK;CORPORE;dbo;SPSDOCUMENTOENTREGUE;TABELA;CODPESSOA;1;;;;;;;;CORPORE;dbo;PPESSOA;CODIGO;FKSPSDOCUMENTOENTREGUE_PPESSOA
FK;CORPORE;dbo;SPSHISTLANINSCRICAO;TABELA;CODPESSOA;1;;;;;;;;CORPORE;dbo;PPESSOA;CODIGO;FKSPSHISTLANINSCRICAO_PPESSOA
FK;CORPORE;dbo;SPSHISTLANINSCRICAO;TABELA;CODUSUARIO;1;;;;;;;;CORPORE;dbo;GUSUARIO;CODUSUARIO;FKSPSHISTLANINSC_GUSUARIO
FK;CORPORE;dbo;SPSHISTORICOCLASSIFICACAO;TABELA;CODPESSOA;1;;;;;;;;CORPORE;dbo;PPESSOA;CODIGO;FKSPSHISTCLASSIFICACAO_PPESSOA
FK;CORPORE;dbo;SPSIDIOMAINSCRITO;TABELA;CODPESSOA;1;;;;;;;;CORPORE;dbo;PPESSOA;CODIGO;FKSPSIDIOMAINSCRITO_PPESSOA
FK;CORPORE;dbo;SPSINSCAREAOFERTACOMPL;TABELA;CODPESSOA;1;;;;;;;;CORPORE;dbo;PPESSOA;CODIGO;FKSPSINSCAREAOFERTACOMPL_PPESS
FK;CORPORE;dbo;SPSINSCRICAOANONIMA;TABELA;CODCOLIGADACFO;1;;;;;;;;CORPORE;dbo;FCFO;CODCOLIGADA;FKSPSINSCRICAOANONIMA_FCFO
FK;CORPORE;dbo;SPSINSCRICAOANONIMA;TABELA;CODPESSOA;1;;;;;;;;CORPORE;dbo;PPESSOA;CODIGO;FKSPSINSCRICAOANONIMA_PPESSOA
FK;CORPORE;dbo;SPSINSCRICAOANONIMA;TABELA;CODUSUARIO;1;;;;;;;;CORPORE;dbo;GUSUARIO;CODUSUARIO;FKSPSINSCANONIMA_GUSUARIO
FK;CORPORE;dbo;SPSINSCRICAOANONIMA;TABELA;CODCFO;2;;;;;;;;CORPORE;dbo;FCFO;CODCFO;FKSPSINSCRICAOANONIMA_FCFO
FK;CORPORE;dbo;SPSINSCRICAOAREAOFERTADA;TABELA;CODCOLIGADACFO;1;;;;;;;;CORPORE;dbo;FCFO;CODCOLIGADA;FKSPSINSCAREAOFER_FCFO
FK;CORPORE;dbo;SPSINSCRICAOAREAOFERTADA;TABELA;CODPESSOARESPONSAVEL;1;;;;;;;;CORPORE;dbo;PPESSOA;CODIGO;FKINSCRICAOAREAOFER_PPESSOA
FK;CORPORE;dbo;SPSINSCRICAOAREAOFERTADA;TABELA;CODCFO;2;;;;;;;;CORPORE;dbo;FCFO;CODCFO;FKSPSINSCAREAOFER_FCFO
FK;CORPORE;dbo;SPSLOCALETAPAINSCRITO;TABELA;CODPESSOA;1;;;;;;;;CORPORE;dbo;PPESSOA;CODIGO;FKSPSLOCALETAPAINSCRITO_PPESSO
FK;CORPORE;dbo;SPSLOGALTERACAOSTATUS;TABELA;CODPESSOA;1;;;;;;;;CORPORE;dbo;PPESSOA;CODIGO;FKSPSLOGALTERACAOSTATUS_PPESSO
FK;CORPORE;dbo;SPSLOGNOTAS;TABELA;CODPESSOA;1;;;;;;;;CORPORE;dbo;PPESSOA;CODIGO;FKSPSLOGNOTAS_PPESSOA
FK;CORPORE;dbo;SPSOPCAOINSCRITO;TABELA;CODPESSOA;1;;;;;;;;CORPORE;dbo;PPESSOA;CODIGO;FKSPSOPCAOINSCRITO_PPESSOA
FK;CORPORE;dbo;SPSPESSOA;TABELA;CODIGO;1;;;;;;;;CORPORE;dbo;PPESSOA;CODIGO;FKSPSPESSOA_PPESSOA
FK;CORPORE;dbo;SPSPESSOA;TABELA;CODMAE;1;;;;;;;;CORPORE;dbo;PPESSOA;CODIGO;FKSPSPESSOA_PPESSOAMAE
FK;CORPORE;dbo;SPSPESSOA;TABELA;CODPAI;1;;;;;;;;CORPORE;dbo;PPESSOA;CODIGO;FKSPSPESSOA_PPESSOAPAI
FK;CORPORE;dbo;SPSPESSOA;TABELA;CODRESPACADEMICO;1;;;;;;;;CORPORE;dbo;PPESSOA;CODIGO;FKSPSPESSOA_PPESSOAACAD
FK;CORPORE;dbo;SPSPESSOA;TABELA;CODRESPFINANCEIRO;1;;;;;;;;CORPORE;dbo;PPESSOA;CODIGO;FKSPSPESSOA_PPESSOAFIN
FK;CORPORE;dbo;SPSPROCESSOSELETIVO;TABELA;CODCOLCFO;1;;;;;;;;CORPORE;dbo;FCFO;CODCOLIGADA;FKSPSPROCSEL_FCFO
FK;CORPORE;dbo;SPSPROCESSOSELETIVO;TABELA;CODCOLIGADA;1;;;;;;;;CORPORE;dbo;GCCUSTO;CODCOLIGADA;FKSPSPROCSEL_GCCUSTO
FK;CORPORE;dbo;SPSPROCESSOSELETIVO;TABELA;CODCOLNATFINANCEIRA;1;;;;;;;;CORPORE;dbo;TTBORCAMENTO;CODCOLIGADA;FKSPSPROCSEL_TTBORCAMENTO
FK;CORPORE;dbo;SPSPROCESSOSELETIVO;TABELA;CODCCUSTO;2;;;;;;;;CORPORE;dbo;GCCUSTO;CODCCUSTO;FKSPSPROCSEL_GCCUSTO
FK;CORPORE;dbo;SPSPROCESSOSELETIVO;TABELA;CODCFO;2;;;;;;;;CORPORE;dbo;FCFO;CODCFO;FKSPSPROCSEL_FCFO
FK;CORPORE;dbo;SPSPROCESSOSELETIVO;TABELA;CODNATFINANCEIRA;2;;;;;;;;CORPORE;dbo;TTBORCAMENTO;CODTBORCAMENTO;FKSPSPROCSEL_TTBORCAMENTO
FK;CORPORE;dbo;SPSPROFISSIONAL;TABELA;CODCOLIGADACFO;1;;;;;;;;CORPORE;dbo;FCFO;CODCOLIGADA;FKSPSPROFISSIONAL_FCFO
FK;CORPORE;dbo;SPSPROFISSIONAL;TABELA;CODCFO;2;;;;;;;;CORPORE;dbo;FCFO;CODCFO;FKSPSPROFISSIONAL_FCFO
FK;CORPORE;dbo;SPSRESPONSAVELCANDIDATO;TABELA;CODPESSOACANDIDATO;1;;;;;;;;CORPORE;dbo;PPESSOA;CODIGO;FKSPSRESPCANDIDATO_PPESSCAND
FK;CORPORE;dbo;SPSRESPONSAVELCANDIDATO;TABELA;CODPESSOARESPONSAVEL;1;;;;;;;;CORPORE;dbo;PPESSOA;CODIGO;FKSPSRESPCANDIDATO_PPESSRESP
FK;CORPORE;dbo;SPSUSUARIO;TABELA;CODPESSOA;1;;;;;;;;CORPORE;dbo;PPESSOA;CODIGO;FKSPSUSUARIO_PPESSOA
FK;CORPORE;dbo;SPSUSUARIO;TABELA;CODUSUARIOLOGINRM;1;;;;;;;;CORPORE;dbo;GUSUARIO;CODUSUARIO;FKSPSUSUARIO_GUSUARIO
FK;CORPORE;dbo;SRESERVAINSTALACAO;TABELA;CODUSUARIO;1;;;;;;;;CORPORE;dbo;GUSUARIO;CODUSUARIO;FKSRESERVAINSTALACAO_GUSUARIO
FK;CORPORE;dbo;SRESERVAINSTALACAOUSUARIO;TABELA;CODUSUARIO;1;;;;;;;;CORPORE;dbo;GUSUARIO;CODUSUARIO;FKSRESERVAINSTUSR_GUSUARIO
FK;CORPORE;dbo;SRESERVARECURSOUSUARIO;TABELA;CODUSUARIO;1;;;;;;;;CORPORE;dbo;GUSUARIO;CODUSUARIO;FKSRESERVARECURSOUSU_GUSUARIO
FK;CORPORE;dbo;SRESPONSAVEL;TABELA;CODCOLCFO;1;;;;;;;;CORPORE;dbo;FCFO;CODCOLIGADA;FKSRESPONSAVEL_FCFO
FK;CORPORE;dbo;SRESPONSAVEL;TABELA;CODCFO;2;;;;;;;;CORPORE;dbo;FCFO;CODCFO;FKSRESPONSAVEL_FCFO
FK;CORPORE;dbo;SRESPONSAVELCONTRATO;TABELA;CODCOLCFO;1;;;;;;;;CORPORE;dbo;FCFO;CODCOLIGADA;FKSRESPONSAVELCONTRATO_FCFO
FK;CORPORE;dbo;SRESPONSAVELCONTRATO;TABELA;CODCFO;2;;;;;;;;CORPORE;dbo;FCFO;CODCFO;FKSRESPONSAVELCONTRATO_FCFO
FK;CORPORE;dbo;SSAAGENTEATENDIMENTO;TABELA;CODUSUARIO;1;;;;;;;;CORPORE;dbo;GUSUARIO;CODUSUARIO;FKSSAAGENTEATENDIMENTO_GUSUAR
FK;CORPORE;dbo;SSAMENSAGEM;TABELA;CODUSUARIO;1;;;;;;;;CORPORE;dbo;GUSUARIO;CODUSUARIO;FKSSAMENSAGEM_GUSUARIO
FK;CORPORE;dbo;SSERVICO;TABELA;CODCOLNATFINANCEIRA;1;;;;;;;;CORPORE;dbo;TTBORCAMENTO;CODCOLIGADA;FKSSERVICO_TTBORCAMENTO
FK;CORPORE;dbo;SSERVICO;TABELA;CODNATFINANCEIRA;2;;;;;;;;CORPORE;dbo;TTBORCAMENTO;CODTBORCAMENTO;FKSSERVICO_TTBORCAMENTO
FK;CORPORE;dbo;SSERVICOCONT;TABELA;CODCOLCONTA;1;;;;;;;;CORPORE;dbo;CCONTA;CODCOLIGADA;FKSSERVICOCONT_CCONTA
FK;CORPORE;dbo;SSERVICOCONT;TABELA;CODCOLIGADA;1;;;;;;;;CORPORE;dbo;GCCUSTO;CODCOLIGADA;FKSSERVICOCONT_GCCUSTO
FK;CORPORE;dbo;SSERVICOCONT;TABELA;CODCCUSTO;2;;;;;;;;CORPORE;dbo;GCCUSTO;CODCCUSTO;FKSSERVICOCONT_GCCUSTO
FK;CORPORE;dbo;SSERVICOCONT;TABELA;CODCONTA;2;;;;;;;;CORPORE;dbo;CCONTA;CODCONTA;FKSSERVICOCONT_CCONTA
FK;CORPORE;dbo;SSERVICOINTPROTHEUS;TABELA;CODCOLNATFINANCEIRA;1;;;;;;;;CORPORE;dbo;TTBORCAMENTO;CODCOLIGADA;FKSSERVICOINTPROTHEUS_TTBORCAM
FK;CORPORE;dbo;SSERVICOINTPROTHEUS;TABELA;IDNATUREZA;2;;;;;;;;CORPORE;dbo;TTBORCAMENTO;CODTBORCAMENTO;FKSSERVICOINTPROTHEUS_TTBORCAM
FK;CORPORE;dbo;SSERVICORAT;TABELA;CODCOLCONTA;1;;;;;;;;CORPORE;dbo;CCONTA;CODCOLIGADA;FKSSERVICORAT_CCONTA
FK;CORPORE;dbo;SSERVICORAT;TABELA;CODCOLCONTAGER;1;;;;;;;;CORPORE;dbo;CGERENCIA;CODCOLIGADA;FKSSERVICORAT_CGERENCIA
FK;CORPORE;dbo;SSERVICORAT;TABELA;CODCONTA;2;;;;;;;;CORPORE;dbo;CCONTA;CODCONTA;FKSSERVICORAT_CCONTA
FK;CORPORE;dbo;SSERVICORAT;TABELA;CODCONTAGER;2;;;;;;;;CORPORE;dbo;CGERENCIA;CODCONTA;FKSSERVICORAT_CGERENCIA
FK;CORPORE;dbo;STURMA;TABELA;CODCOLIGADA;1;;;;;;;;CORPORE;dbo;GCCUSTO;CODCOLIGADA;FKSTURMA_GCCUSTO
FK;CORPORE;dbo;STURMA;TABELA;CODCCUSTO;2;;;;;;;;CORPORE;dbo;GCCUSTO;CODCCUSTO;FKSTURMA_GCCUSTO
FK;CORPORE;dbo;STURMADISC;TABELA;CODCOLIGADA;1;;;;;;;;CORPORE;dbo;GCCUSTO;CODCOLIGADA;FKSTURMADISC_GCCUSTO
FK;CORPORE;dbo;STURMADISC;TABELA;CODCCUSTO;2;;;;;;;;CORPORE;dbo;GCCUSTO;CODCCUSTO;FKSTURMADISC_GCCUSTO
FK;CORPORE;dbo;SUNIDADEBIBLIPERGAMUMFIN;TABELA;CODCOLNATFINANEMPRESTIMO;1;;;;;;;;CORPORE;dbo;TTBORCAMENTO;CODCOLIGADA;FKSUNDEBIBPERGAMUMFIN_TTBORCA1
FK;CORPORE;dbo;SUNIDADEBIBLIPERGAMUMFIN;TABELA;CODCOLNATFINANMULTA;1;;;;;;;;CORPORE;dbo;TTBORCAMENTO;CODCOLIGADA;FKSUNDEBIBPERGAMUMFIN_TTBORCA2
FK;CORPORE;dbo;SUNIDADEBIBLIPERGAMUMFIN;TABELA;CODNATFINANEMPRESTIMO;2;;;;;;;;CORPORE;dbo;TTBORCAMENTO;CODTBORCAMENTO;FKSUNDEBIBPERGAMUMFIN_TTBORCA1
FK;CORPORE;dbo;SUNIDADEBIBLIPERGAMUMFIN;TABELA;CODNATFINANMULTA;2;;;;;;;;CORPORE;dbo;TTBORCAMENTO;CODTBORCAMENTO;FKSUNDEBIBPERGAMUMFIN_TTBORCA2
FK;CORPORE;dbo;SUSUARIO;TABELA;CODUSUARIO;1;;;;;;;;CORPORE;dbo;GUSUARIO;CODUSUARIO;FKSUSUARIO_GUSUARIO
FK;CORPORE;dbo;SUSUARIOAGRUPUNIDADE;TABELA;CODUSUARIO;1;;;;;;;;CORPORE;dbo;GUSUARIO;CODUSUARIO;FKSUSUARIOAGRUPUNID_GUSUARIO
FK;CORPORE;dbo;SUSUARIOFILIAL;TABELA;CODUSUARIO;1;;;;;;;;CORPORE;dbo;GUSUARIO;CODUSUARIO;FKSUSUARIOFILIAL_GUSUARIO
FK;CORPORE;dbo;SWEBMATERIALSEC;TABELA;CODUSUARIO;1;;;;;;;;CORPORE;dbo;GUSUARIO;CODUSUARIO;FKSWEBMATERIALSEC_GUSUARIO
FK;CORPORE;dbo;SZ_SUSPROCREALIZADOS;TABELA;CODCOLCFO;1;;;;;;;;CORPORE;dbo;FCFO;CODCOLIGADA;FKSZ_SUSPROCREALIZADOS_FCFO
FK;CORPORE;dbo;SZ_SUSPROCREALIZADOS;TABELA;CODCFO;2;;;;;;;;CORPORE;dbo;FCFO;CODCFO;FKSZ_SUSPROCREALIZADOS_FCFO
FK;CORPORE;dbo;SZANAMNESE;TABELA;CODUSUARIO;1;;;;;;;;CORPORE;dbo;GUSUARIO;CODUSUARIO;FKSZANAMNESE_GUSUARIO
FK;CORPORE;dbo;SZANAMNESPECIAL;TABELA;CODUSUARIO;1;;;;;;;;CORPORE;dbo;GUSUARIO;CODUSUARIO;FKSZANAMNESPECIAL_GUSUARIO
FK;CORPORE;dbo;SZANAMNESPECIALUSUARIO;TABELA;CODUSUARIO;1;;;;;;;;CORPORE;dbo;GUSUARIO;CODUSUARIO;FKSZANAMNESPECUSU_GUSUARIO
FK;CORPORE;dbo;SZAPACHE;TABELA;CODUSUARIO;1;;;;;;;;CORPORE;dbo;GUSUARIO;CODUSUARIO;FKSZAPACHE_GUSUARIO
FK;CORPORE;dbo;SZAPRAZAMENTO;TABELA;CODUSUARIO;1;;;;;;;;CORPORE;dbo;GUSUARIO;CODUSUARIO;FKSZAPRAZAMENTO_GUSUARIO
FK;CORPORE;dbo;SZATENDDIARIAS;TABELA;CODCOLIGADA;1;;;;;;;;CORPORE;dbo;GCCUSTO;CODCOLIGADA;FKSZATENDDIARIAS_GCCUSTO
FK;CORPORE;dbo;SZATENDDIARIAS;TABELA;CODCCUSTO;2;;;;;;;;CORPORE;dbo;GCCUSTO;CODCCUSTO;FKSZATENDDIARIAS_GCCUSTO
FK;CORPORE;dbo;SZATENDDIARIASGLOSA;TABELA;CODCOLIGADA;1;;;;;;;;CORPORE;dbo;GCCUSTO;CODCOLIGADA;FKSZATENDDIARIASGLOSA_GCCUSTO
FK;CORPORE;dbo;SZATENDDIARIASGLOSA;TABELA;CODCCUSTO;2;;;;;;;;CORPORE;dbo;GCCUSTO;CODCCUSTO;FKSZATENDDIARIASGLOSA_GCCUSTO
FK;CORPORE;dbo;SZATENDGASTOPARTIC;TABELA;CODCOLIGADA;1;;;;;;;;CORPORE;dbo;GCCUSTO;CODCOLIGADA;FKSZATENDGASTOPARTIC_GCCUSTO
FK;CORPORE;dbo;SZATENDGASTOPARTIC;TABELA;CODCCUSTO;2;;;;;;;;CORPORE;dbo;GCCUSTO;CODCCUSTO;FKSZATENDGASTOPARTIC_GCCUSTO
FK;CORPORE;dbo;SZATENDHONORARIO;TABELA;CODCOLIGADA;1;;;;;;;;CORPORE;dbo;GCCUSTO;CODCOLIGADA;FKSZATENDHONORARIO_GCCUSTO
FK;CORPORE;dbo;SZATENDHONORARIO;TABELA;CODCCUSTO;2;;;;;;;;CORPORE;dbo;GCCUSTO;CODCCUSTO;FKSZATENDHONORARIO_GCCUSTO
FK;CORPORE;dbo;SZATENDHONORARIOGLOSA;TABELA;CODCOLIGADA;1;;;;;;;;CORPORE;dbo;GCCUSTO;CODCOLIGADA;FKSZATENDHONORARIOGLOS_GCCUSTO
FK;CORPORE;dbo;SZATENDHONORARIOGLOSA;TABELA;CODCCUSTO;2;;;;;;;;CORPORE;dbo;GCCUSTO;CODCCUSTO;FKSZATENDHONORARIOGLOS_GCCUSTO
FK;CORPORE;dbo;SZATENDITEMGRATIS;TABELA;CODCOLIGADA;1;;;;;;;;CORPORE;dbo;GCCUSTO;CODCOLIGADA;FKSZATENDITEMGRATIS_GCCUSTO
FK;CORPORE;dbo;SZATENDITEMGRATIS;TABELA;CODCCUSTO;2;;;;;;;;CORPORE;dbo;GCCUSTO;CODCCUSTO;FKSZATENDITEMGRATIS_GCCUSTO
FK;CORPORE;dbo;SZATENDMATMED;TABELA;CODCOLIGADA;1;;;;;;;;CORPORE;dbo;GCCUSTO;CODCOLIGADA;FKSZATENDMATMED_GCCUSTO
FK;CORPORE;dbo;SZATENDMATMED;TABELA;CODCCUSTO;2;;;;;;;;CORPORE;dbo;GCCUSTO;CODCCUSTO;FKSZATENDMATMED_GCCUSTO
FK;CORPORE;dbo;SZATENDMATMEDGLOSA;TABELA;CODCOLIGADA;1;;;;;;;;CORPORE;dbo;GCCUSTO;CODCOLIGADA;FKSZATENDMATMEDGLOSA_GCCUSTO
FK;CORPORE;dbo;SZATENDMATMEDGLOSA;TABELA;CODCCUSTO;2;;;;;;;;CORPORE;dbo;GCCUSTO;CODCCUSTO;FKSZATENDMATMEDGLOSA_GCCUSTO
FK;CORPORE;dbo;SZATENDQUEIXA;TABELA;CODMEDDIRADM;1;;;;;;;;CORPORE;dbo;GUSUARIO;CODUSUARIO;FKSZATENDQUEIXA_GUSUARIO
FK;CORPORE;dbo;SZATENDQUEIXA;TABELA;CODMEDQUEIXA;1;;;;;;;;CORPORE;dbo;GUSUARIO;CODUSUARIO;FKSZATENDQUEIXA_GUSUARIO1
FK;CORPORE;dbo;SZATENDSADT;TABELA;CODCOLIGADA;1;;;;;;;;CORPORE;dbo;GCCUSTO;CODCOLIGADA;FKSZATENDSADT_GCCUSTO
FK;CORPORE;dbo;SZATENDSADT;TABELA;CODCCUSTO;2;;;;;;;;CORPORE;dbo;GCCUSTO;CODCCUSTO;FKSZATENDSADT_GCCUSTO
FK;CORPORE;dbo;SZATENDSADTGLOSA;TABELA;CODCOLIGADA;1;;;;;;;;CORPORE;dbo;GCCUSTO;CODCOLIGADA;FKSZATENDSADTGLOSA_GCCUSTO
FK;CORPORE;dbo;SZATENDSADTGLOSA;TABELA;CODCCUSTO;2;;;;;;;;CORPORE;dbo;GCCUSTO;CODCCUSTO;FKSZATENDSADTGLOSA_GCCUSTO
FK;CORPORE;dbo;SZATENDTAXASERV;TABELA;CODCOLIGADA;1;;;;;;;;CORPORE;dbo;GCCUSTO;CODCOLIGADA;FKSZATENDTAXASERV_GCCUSTO
FK;CORPORE;dbo;SZATENDTAXASERV;TABELA;CODCCUSTO;2;;;;;;;;CORPORE;dbo;GCCUSTO;CODCCUSTO;FKSZATENDTAXASERV_GCCUSTO
FK;CORPORE;dbo;SZATENDTAXASERVGLOSA;TABELA;CODCOLIGADA;1;;;;;;;;CORPORE;dbo;GCCUSTO;CODCOLIGADA;FKSZATENDTAXASERVGLOSA_GCCUSTO
FK;CORPORE;dbo;SZATENDTAXASERVGLOSA;TABELA;CODCCUSTO;2;;;;;;;;CORPORE;dbo;GCCUSTO;CODCCUSTO;FKSZATENDTAXASERVGLOSA_GCCUSTO
FK;CORPORE;dbo;SZBLOQCONVENIO;TABELA;CODUSUARIO;1;;;;;;;;CORPORE;dbo;GUSUARIO;CODUSUARIO;FKSZBLOQCONVENIO_GUSUARIO
FK;CORPORE;dbo;SZBLOQCONVENIO;TABELA;CODUSUARIOCANCEL;1;;;;;;;;CORPORE;dbo;GUSUARIO;CODUSUARIO;FKSZBLOQCONVENI_GUSUARIOCANCEL
FK;CORPORE;dbo;SZBLOQUEIO;TABELA;CODUSUARIO;1;;;;;;;;CORPORE;dbo;GUSUARIO;CODUSUARIO;FKBLOQUEIO_GUSUARIO
FK;CORPORE;dbo;SZBLOQUEIOSALA;TABELA;CODUSUARIO;1;;;;;;;;CORPORE;dbo;GUSUARIO;CODUSUARIO;FKSZBLOQUEIOSALA_GUSUARIO
FK;CORPORE;dbo;SZCADGERAL;TABELA;CODCOLCFO;1;;;;;;;;CORPORE;dbo;FCFO;CODCOLIGADA;FKSZCADGERAL_FCFO
FK;CORPORE;dbo;SZCADGERAL;TABELA;CODUSUARIO;1;;;;;;;;CORPORE;dbo;GUSUARIO;CODUSUARIO;FKSZCADGERAL_GUSUARIO
FK;CORPORE;dbo;SZCADGERAL;TABELA;CODCFO;2;;;;;;;;CORPORE;dbo;FCFO;CODCFO;FKSZCADGERAL_FCFO
FK;CORPORE;dbo;SZCIDALTA;TABELA;CODUSUARIO;1;;;;;;;;CORPORE;dbo;GUSUARIO;CODUSUARIO;FKSZCIDALTA_GUSUARIO
FK;CORPORE;dbo;SZCIDANAMNESE;TABELA;CODUSUARIO;1;;;;;;;;CORPORE;dbo;GUSUARIO;CODUSUARIO;FKSZCIDANAMNESE_GUSUARIO
FK;CORPORE;dbo;SZCMEMOV;TABELA;CODCOLIGADAFCFO;1;;;;;;;;CORPORE;dbo;FCFO;CODCOLIGADA;FKSZCMEMOV_FCFO
FK;CORPORE;dbo;SZCMEMOV;TABELA;CODFORNECEDOR;2;;;;;;;;CORPORE;dbo;FCFO;CODCFO;FKSZCMEMOV_FCFO
FK;CORPORE;dbo;SZCONTROLEDOC;TABELA;CODUSUARIO;1;;;;;;;;CORPORE;dbo;GUSUARIO;CODUSUARIO;FKSZCONTROLEDOC_GUSUARIO
FK;CORPORE;dbo;SZCRITREPASSE;TABELA;RESPULTGRAVACAO;1;;;;;;;;CORPORE;dbo;GUSUARIO;CODUSUARIO;FKSZCRITREPASSE_GUSUARIOGRAV
FK;CORPORE;dbo;SZCRITREPASSE;TABELA;USUARIOCRIACAO;1;;;;;;;;CORPORE;dbo;GUSUARIO;CODUSUARIO;FKSZCRITREPASSE_GUSUARIOCRIA
FK;CORPORE;dbo;SZEQUIVALENCIA;TABELA;CODUSUARIO;1;;;;;;;;CORPORE;dbo;GUSUARIO;CODUSUARIO;FKSZEQUIVALENCIA_GUSUARIO
FK;CORPORE;dbo;SZEUROSCORE;TABELA;CODUSUARIO;1;;;;;;;;CORPORE;dbo;GUSUARIO;CODUSUARIO;FKSZEUROSCORE_GUSUARIO
FK;CORPORE;dbo;SZEVOLENFERM;TABELA;CODUSUARIO;1;;;;;;;;CORPORE;dbo;GUSUARIO;CODUSUARIO;FKSZEVOLENFERM_GUSUARIO
FK;CORPORE;dbo;SZEVOLTECENFERMAGEM;TABELA;CODUSUARIO;1;;;;;;;;CORPORE;dbo;GUSUARIO;CODUSUARIO;FKSZEVOLTECENFERMAGEM_GUSUARIO
FK;CORPORE;dbo;SZEVOLUCAO;TABELA;CODUSUARIO;1;;;;;;;;CORPORE;dbo;GUSUARIO;CODUSUARIO;FKSZEVOLUCAO_GUSUARIO
FK;CORPORE;dbo;SZEVOLUCAOFARMACO;TABELA;CODUSUARIO;1;;;;;;;;CORPORE;dbo;GUSUARIO;CODUSUARIO;FKSZEVOLUCAOFARMACO_GUSUARIO
FK;CORPORE;dbo;SZEVOLUCAOPROF;TABELA;CODUSUARIO;1;;;;;;;;CORPORE;dbo;GUSUARIO;CODUSUARIO;FKSZEVOLUCAOPROF_GUSUARIO
FK;CORPORE;dbo;SZEXCECAO;TABELA;RESPEXCECAO;1;;;;;;;;CORPORE;dbo;GUSUARIO;CODUSUARIO;FKSZEXCECAO_GUSUARIO
FK;CORPORE;dbo;SZFATURACONVENIO;TABELA;CODCOLIGADAMOV;1;;;;;;;;CORPORE;dbo;TMOV;CODCOLIGADA;FKSZFATURACONVENIO_TMOV
FK;CORPORE;dbo;SZFATURACONVENIO;TABELA;IDMOV;2;;;;;;;;CORPORE;dbo;TMOV;IDMOV;FKSZFATURACONVENIO_TMOV
FK;CORPORE;dbo;SZFICHACLINANAMNESE;TABELA;CODUSUARIO;1;;;;;;;;CORPORE;dbo;GUSUARIO;CODUSUARIO;FKSZFICHACLINANAMNESE_GUSUARIO
FK;CORPORE;dbo;SZFICHACLINPEDEXAME;TABELA;CODUSUARIO;1;;;;;;;;CORPORE;dbo;GUSUARIO;CODUSUARIO;FKSZFICHACLINPEDEXAME_GUSUARIO
FK;CORPORE;dbo;SZFICHACLINRECEITA;TABELA;CODUSUARIO;1;;;;;;;;CORPORE;dbo;GUSUARIO;CODUSUARIO;FKSZFICHACLINRECEITA_GUSUARIO
FK;CORPORE;dbo;SZFOLHAPAGTOPREST;TABELA;CODCOLIGADA;1;;;;;;;;CORPORE;dbo;TMOV;CODCOLIGADA;FKSZFOLHAPAGTOPREST_TMOV
FK;CORPORE;dbo;SZFOLHAPAGTOPREST;TABELA;IDMOV;2;;;;;;;;CORPORE;dbo;TMOV;IDMOV;FKSZFOLHAPAGTOPREST_TMOV
FK;CORPORE;dbo;SZGLASGOW;TABELA;CODUSUARIO;1;;;;;;;;CORPORE;dbo;GUSUARIO;CODUSUARIO;FKSZGLASGOW_GUSUARIO
FK;CORPORE;dbo;SZHISTCONTROLEDOC;TABELA;CODUSUARIO;1;;;;;;;;CORPORE;dbo;GUSUARIO;CODUSUARIO;FKSZHISTCONTROLEDOC_GUSUARIO
FK;CORPORE;dbo;SZHISTORICOSTATUS;TABELA;RESPGRAVACAO;1;;;;;;;;CORPORE;dbo;GUSUARIO;CODUSUARIO;FKSZHISTORICOSTATUS_GUSUARIO
FK;CORPORE;dbo;SZHISTTABPROCSERV;TABELA;USUARIOALTERACAO;1;;;;;;;;CORPORE;dbo;GUSUARIO;CODUSUARIO;FKSZHISTTABPROCSERV_GUSUARIO
FK;CORPORE;dbo;SZHISTTRANSFFAT;TABELA;CODUSUARIO;1;;;;;;;;CORPORE;dbo;GUSUARIO;CODUSUARIO;FKSZHISTTRANSFFAT_GUSUARIO
FK;CORPORE;dbo;SZITEMPRESCRICAO;TABELA;CODUSUARIO;1;;;;;;;;CORPORE;dbo;GUSUARIO;CODUSUARIO;FKSZITEMPRESCRICAO_GUSUARIO
FK;CORPORE;dbo;SZITMLIVROMEDCTRL;TABELA;CODCOLIGADA;1;;;;;;;;CORPORE;dbo;TITMMOV;CODCOLIGADA;FKSZITMLIVROMEDCTRL_TITMMOV
FK;CORPORE;dbo;SZITMLIVROMEDCTRL;TABELA;IDMOV;2;;;;;;;;CORPORE;dbo;TITMMOV;IDMOV;FKSZITMLIVROMEDCTRL_TITMMOV
FK;CORPORE;dbo;SZITMLIVROMEDCTRL;TABELA;NSEQITMMOV;3;;;;;;;;CORPORE;dbo;TITMMOV;NSEQITMMOV;FKSZITMLIVROMEDCTRL_TITMMOV
FK;CORPORE;dbo;SZITPEDIDONF;TABELA;CODCOLIGADA;1;;;;;;;;CORPORE;dbo;TITMMOV;CODCOLIGADA;FKSZITPEDIDONF_TITMMOV
FK;CORPORE;dbo;SZITPEDIDONF;TABELA;IDMOV;2;;;;;;;;CORPORE;dbo;TITMMOV;IDMOV;FKSZITPEDIDONF_TITMMOV
FK;CORPORE;dbo;SZITPEDIDONF;TABELA;NSEQITMMOV;3;;;;;;;;CORPORE;dbo;TITMMOV;NSEQITMMOV;FKSZITPEDIDONF_TITMMOV
FK;CORPORE;dbo;SZKITSMONTADO;TABELA;CODUSUARIO;1;;;;;;;;CORPORE;dbo;GUSUARIO;CODUSUARIO;FKSZKITSMONTADO_GUSUARIO
FK;CORPORE;dbo;SZLANCMMTERCEIRO;TABELA;CODCOLIGADA;1;;;;;;;;CORPORE;dbo;GCCUSTO;CODCOLIGADA;FKSZLANCMMTERCEIRO_GCCUSTO
FK;CORPORE;dbo;SZLANCMMTERCEIRO;TABELA;CODCCUSTO;2;;;;;;;;CORPORE;dbo;GCCUSTO;CODCCUSTO;FKSZLANCMMTERCEIRO_GCCUSTO
FK;CORPORE;dbo;SZLOCALFAT;TABELA;USUARIO;1;;;;;;;;CORPORE;dbo;GUSUARIO;CODUSUARIO;FKSZLOCALFAT_GUSUARIO
FK;CORPORE;dbo;SZLOGFATURAMENTO;TABELA;CODUSUARIO;1;;;;;;;;CORPORE;dbo;GUSUARIO;CODUSUARIO;FKSZLOGFATURAMENTO_GUSUARIO
FK;CORPORE;dbo;SZLOGMUDANCACATEGORIA;TABELA;CODUSUARIO;1;;;;;;;;CORPORE;dbo;GUSUARIO;CODUSUARIO;FKSZLOGMUDCATEG_GUSUARIO
FK;CORPORE;dbo;SZMAPAAMOSTRA;TABELA;CODUSUARIO;1;;;;;;;;CORPORE;dbo;GUSUARIO;CODUSUARIO;FKSZMAPAAMOSTRA_GUSUARIO
FK;CORPORE;dbo;SZMAPADISP;TABELA;CODUSUARIOCANCEL;1;;;;;;;;CORPORE;dbo;GUSUARIO;CODUSUARIO;FKSZMAPADISP_GUSUARIOCANCEL
FK;CORPORE;dbo;SZMAPADISP;TABELA;CODUSUARIOCRIA;1;;;;;;;;CORPORE;dbo;GUSUARIO;CODUSUARIO;FKSZMAPADISP_GUSUARIOCRIA
FK;CORPORE;dbo;SZMOVIESTMAN;TABELA;CODCOLIGADA;1;;;;;;;;CORPORE;dbo;TITMMOV;CODCOLIGADA;FKSZMOVIESTMAN_TITMMOV
FK;CORPORE;dbo;SZMOVIESTMAN;TABELA;IDMOV;2;;;;;;;;CORPORE;dbo;TITMMOV;IDMOV;FKSZMOVIESTMAN_TITMMOV
FK;CORPORE;dbo;SZMOVIESTMAN;TABELA;NSEQITMMOV;3;;;;;;;;CORPORE;dbo;TITMMOV;NSEQITMMOV;FKSZMOVIESTMAN_TITMMOV
FK;CORPORE;dbo;SZMOVIESTOQUE;TABELA;CODUSUARIO;1;;;;;;;;CORPORE;dbo;GUSUARIO;CODUSUARIO;FKSZMOVIESTOQUE_GUSUARIO
FK;CORPORE;dbo;SZMOVIESTOQUE;TABELA;CODUSUARIOIMPPRESC;1;;;;;;;;CORPORE;dbo;GUSUARIO;CODUSUARIO;FKSZMOVIESTOQUE_GUSUARIO2
FK;CORPORE;dbo;SZMOVIESTOQUEITEM;TABELA;CODCOLIGADA;1;;;;;;;;CORPORE;dbo;TITMMOV;CODCOLIGADA;FKSZMOVIESTOQUEITEM_TITMMOV
FK;CORPORE;dbo;SZMOVIESTOQUEITEM;TABELA;CODCOLIGADA;1;;;;;;;;CORPORE;dbo;TMOV;CODCOLIGADA;FKSZMOVIESTOQUEITEM_TMOV
FK;CORPORE;dbo;SZMOVIESTOQUEITEM;TABELA;CODCOLIGADA;1;;;;;;;;CORPORE;dbo;FCFO;CODCOLIGADA;FKSZMOVIESTOQUEITEM_FCFO
FK;CORPORE;dbo;SZMOVIESTOQUEITEM;TABELA;CODCFO;2;;;;;;;;CORPORE;dbo;FCFO;CODCFO;FKSZMOVIESTOQUEITEM_FCFO
FK;CORPORE;dbo;SZMOVIESTOQUEITEM;TABELA;IDMOV;2;;;;;;;;CORPORE;dbo;TMOV;IDMOV;FKSZMOVIESTOQUEITEM_TMOV
FK;CORPORE;dbo;SZMOVIESTOQUEITEM;TABELA;IDMOV;2;;;;;;;;CORPORE;dbo;TITMMOV;IDMOV;FKSZMOVIESTOQUEITEM_TITMMOV
FK;CORPORE;dbo;SZMOVIESTOQUEITEM;TABELA;NSEQITMMOV;3;;;;;;;;CORPORE;dbo;TITMMOV;NSEQITMMOV;FKSZMOVIESTOQUEITEM_TITMMOV
FK;CORPORE;dbo;SZOPMEPACIENTE;TABELA;CODCOLIGADA;1;;;;;;;;CORPORE;dbo;TITMMOV;CODCOLIGADA;FKSZOPMEPACIENTE_TITMMOV
FK;CORPORE;dbo;SZOPMEPACIENTE;TABELA;IDMOV;2;;;;;;;;CORPORE;dbo;TITMMOV;IDMOV;FKSZOPMEPACIENTE_TITMMOV
FK;CORPORE;dbo;SZOPMEPACIENTE;TABELA;NSEQITMMOV;3;;;;;;;;CORPORE;dbo;TITMMOV;NSEQITMMOV;FKSZOPMEPACIENTE_TITMMOV
FK;CORPORE;dbo;SZOPMEPACIENTECAB;TABELA;CODCOLIGADA;1;;;;;;;;CORPORE;dbo;TMOV;CODCOLIGADA;FKSZOPMEPACIENTECAB_TMOV
FK;CORPORE;dbo;SZOPMEPACIENTECAB;TABELA;IDMOV;2;;;;;;;;CORPORE;dbo;TMOV;IDMOV;FKSZOPMEPACIENTECAB_TMOV
FK;CORPORE;dbo;SZORCAMENCLI;TABELA;CODCOLCFO;1;;;;;;;;CORPORE;dbo;FCFO;CODCOLIGADA;FKSZORCAMENCLI_FCFO
FK;CORPORE;dbo;SZORCAMENCLI;TABELA;CODCOLIGADA;1;;;;;;;;CORPORE;dbo;TMOV;CODCOLIGADA;FKSZORCAMENCLI_TMOV
FK;CORPORE;dbo;SZORCAMENCLI;TABELA;CODCFO;2;;;;;;;;CORPORE;dbo;FCFO;CODCFO;FKSZORCAMENCLI_FCFO
FK;CORPORE;dbo;SZORCAMENCLI;TABELA;IDMOV;2;;;;;;;;CORPORE;dbo;TMOV;IDMOV;FKSZORCAMENCLI_TMOV
FK;CORPORE;dbo;SZPACMENS;TABELA;CODUSUARIO;1;;;;;;;;CORPORE;dbo;GUSUARIO;CODUSUARIO;FKSZPACMENS_GUSUARIO
FK;CORPORE;dbo;SZPARAMUSUARIO;TABELA;CODUSUARIO;1;;;;;;;;CORPORE;dbo;GUSUARIO;CODUSUARIO;FKSZPARAMUSUARIO_GUSUARIO
FK;CORPORE;dbo;SZPARCIALATEND;TABELA;RESPLIBERACAO;1;;;;;;;;CORPORE;dbo;GUSUARIO;CODUSUARIO;FKSZPARCIALATEND_GUSUARIO
FK;CORPORE;dbo;SZPARCIALATEND;TABELA;RESPULTIMAALTERACAO;1;;;;;;;;CORPORE;dbo;GUSUARIO;CODUSUARIO;FKSZPARCIALATEND_GUSUARIOALTER
FK;CORPORE;dbo;SZPEDIDOATENDIT;TABELA;CODCOLIGADA;1;;;;;;;;CORPORE;dbo;TITMMOV;CODCOLIGADA;FKSZPEDIDOATENDIT_TITMMOV
FK;CORPORE;dbo;SZPEDIDOATENDIT;TABELA;IDMOV;2;;;;;;;;CORPORE;dbo;TITMMOV;IDMOV;FKSZPEDIDOATENDIT_TITMMOV
FK;CORPORE;dbo;SZPEDIDOATENDIT;TABELA;NSEQITMMOV;3;;;;;;;;CORPORE;dbo;TITMMOV;NSEQITMMOV;FKSZPEDIDOATENDIT_TITMMOV
FK;CORPORE;dbo;SZPEDIDONF;TABELA;CODCOLIGADA;1;;;;;;;;CORPORE;dbo;TMOV;CODCOLIGADA;FKSZPEDIDONF_TMOV
FK;CORPORE;dbo;SZPEDIDONF;TABELA;CODUSUARIO;1;;;;;;;;CORPORE;dbo;GUSUARIO;CODUSUARIO;FKSZPEDIDONF_GUSUARIO
FK;CORPORE;dbo;SZPEDIDONF;TABELA;IDMOV;2;;;;;;;;CORPORE;dbo;TMOV;IDMOV;FKSZPEDIDONF_TMOV
FK;CORPORE;dbo;SZPEPENFLANCAMENTO;TABELA;CODUSUARIO;1;;;;;;;;CORPORE;dbo;GUSUARIO;CODUSUARIO;FKSZPEPENFLANCAMENTO_GUSUARIO
FK;CORPORE;dbo;SZPERIODO;TABELA;USUALTERA;1;;;;;;;;CORPORE;dbo;GUSUARIO;CODUSUARIO;FKSZPERIODO_GUSUARIOALTERA
FK;CORPORE;dbo;SZPERIODO;TABELA;USUARIO;1;;;;;;;;CORPORE;dbo;GUSUARIO;CODUSUARIO;FKSZPERIODO_GUSUARIO
FK;CORPORE;dbo;SZPRESCRICAO;TABELA;USERID;1;;;;;;;;CORPORE;dbo;GUSUARIO;CODUSUARIO;FKSZPRESCRICAO_GUSUARIO
FK;CORPORE;dbo;SZPROCMSGAUTORIZ;TABELA;CODUSUARIO;1;;;;;;;;CORPORE;dbo;GUSUARIO;CODUSUARIO;FKSZPROCMSGAUTORIZ_GUSUARIO
FK;CORPORE;dbo;SZREGRACONTRAT;TABELA;USUARIO;1;;;;;;;;CORPORE;dbo;GUSUARIO;CODUSUARIO;FKSZREGRACONTRAT_GUSUARIO
FK;CORPORE;dbo;SZREGRAFAT;TABELA;USUARIOCANCELA;1;;;;;;;;CORPORE;dbo;GUSUARIO;CODUSUARIO;FKSZREGRAFAT_GUSUARIOCANCELA
FK;CORPORE;dbo;SZREGRAFAT;TABELA;USUARIOCRIA;1;;;;;;;;CORPORE;dbo;GUSUARIO;CODUSUARIO;FKSZREGRAFAT_GUSUARIO
FK;CORPORE;dbo;SZRESPPACIENTE;TABELA;CODCOLCFO;1;;;;;;;;CORPORE;dbo;FCFO;CODCOLIGADA;FKSZRESPPACIENTE_FCFO
FK;CORPORE;dbo;SZRESPPACIENTE;TABELA;CODCFO;2;;;;;;;;CORPORE;dbo;FCFO;CODCFO;FKSZRESPPACIENTE_FCFO
FK;CORPORE;dbo;SZSINAISVITAIS;TABELA;CODUSUARIO;1;;;;;;;;CORPORE;dbo;GUSUARIO;CODUSUARIO;FKSZSINAISVITAIS_GUSUARIO
FK;CORPORE;dbo;SZSUMARIOALTA;TABELA;CODUSUARIO;1;;;;;;;;CORPORE;dbo;GUSUARIO;CODUSUARIO;FKSZSUMARIOALTA_GUSUARIO
FK;CORPORE;dbo;SZSUSPENSAOCIRURGIA;TABELA;CODUSUARIO;1;;;;;;;;CORPORE;dbo;GUSUARIO;CODUSUARIO;FKSZSUSPENSAOCIRURGIA_GUSUARIO
FK;CORPORE;dbo;SZSUSPROCREALIZADOS;TABELA;CODCOLCFO;1;;;;;;;;CORPORE;dbo;FCFO;CODCOLIGADA;FKSZSUSPROCREALIZADOS_FCFO
FK;CORPORE;dbo;SZSUSPROCREALIZADOS;TABELA;CODCFO;2;;;;;;;;CORPORE;dbo;FCFO;CODCFO;FKSZSUSPROCREALIZADOS_FCFO
FK;CORPORE;dbo;SZUNIDATEND;TABELA;CODCOLIGADA;1;;;;;;;;CORPORE;dbo;TTBORCAMENTO;CODCOLIGADA;FKSZUNIDATEND_TTBORCAMENTO
FK;CORPORE;dbo;SZUNIDATEND;TABELA;CODCOLIGADA;1;;;;;;;;CORPORE;dbo;GCCUSTO;CODCOLIGADA;FKSZUNIDATEND_GCCUSTO
FK;CORPORE;dbo;SZUNIDATEND;TABELA;CODGCCUSTO;2;;;;;;;;CORPORE;dbo;GCCUSTO;CODCCUSTO;FKSZUNIDATEND_GCCUSTO
FK;CORPORE;dbo;SZUNIDATEND;TABELA;CODTBORCAMENTO;2;;;;;;;;CORPORE;dbo;TTBORCAMENTO;CODTBORCAMENTO;FKSZUNIDATEND_TTBORCAMENTO
FK;CORPORE;dbo;SZUSUARIOLANCFATURAMENTOPREST;TABELA;CODUSUARIO;1;;;;;;;;CORPORE;dbo;GUSUARIO;CODUSUARIO;FKSZUSUARIOLANCFAT_GUSUARIO
FK;CORPORE;dbo;TACORDOCORPORATIVO;TABELA;CODCOLCFO;1;;;;;;;;CORPORE;dbo;FCFO;CODCOLIGADA;FKTACORDOCORPORATIVO_FCFO
FK;CORPORE;dbo;TACORDOCORPORATIVO;TABELA;CODCFO;2;;;;;;;;CORPORE;dbo;FCFO;CODCFO;FKTACORDOCORPORATIVO_FCFO
FK;CORPORE;dbo;TAGRUPACCUSTO;TABELA;CODCOLIGADA;1;;;;;;;;CORPORE;dbo;TPERIODOORCAMENTO;CODCOLIGADA;FKTAGRUPACCU_TPERIODOORCAMENTO
FK;CORPORE;dbo;TAGRUPACCUSTO;TABELA;CODCOLIGADA;1;;;;;;;;CORPORE;dbo;GCCUSTO;CODCOLIGADA;FKTAGRUPACCUSTO_GCCUSTO
FK;CORPORE;dbo;TAGRUPACCUSTO;TABELA;CODCOLIGADA;1;;;;;;;;CORPORE;dbo;GCCUSTO;CODCOLIGADA;FKTAGRUPACCUSTO_GCCUSTOAGP
FK;CORPORE;dbo;TAGRUPACCUSTO;TABELA;CODAGPCCUSTO;2;;;;;;;;CORPORE;dbo;GCCUSTO;CODCCUSTO;FKTAGRUPACCUSTO_GCCUSTOAGP
FK;CORPORE;dbo;TAGRUPACCUSTO;TABELA;CODCCUSTO;2;;;;;;;;CORPORE;dbo;GCCUSTO;CODCCUSTO;FKTAGRUPACCUSTO_GCCUSTO
FK;CORPORE;dbo;TAGRUPACCUSTO;TABELA;IDPERIODO;2;;;;;;;;CORPORE;dbo;TPERIODOORCAMENTO;IDPERIODO;FKTAGRUPACCU_TPERIODOORCAMENTO
FK;CORPORE;dbo;TAUTDOC;TABELA;CODCOLIGADA;1;;;;;;;;CORPORE;dbo;TMOV;CODCOLIGADA;FKTAUTDOC_TMOV
FK;CORPORE;dbo;TAUTDOC;TABELA;IDMOV;2;;;;;;;;CORPORE;dbo;TMOV;IDMOV;FKTAUTDOC_TMOV
FK;CORPORE;dbo;TCAUTHFORNECEDOR;TABELA;CODCOLCFO;1;;;;;;;;CORPORE;dbo;FCFO;CODCOLIGADA;FKTCAUTHFORNECEDOR_FCFO
FK;CORPORE;dbo;TCAUTHFORNECEDOR;TABELA;CODCFO;2;;;;;;;;CORPORE;dbo;FCFO;CODCFO;FKTCAUTHFORNECEDOR_FCFO
FK;CORPORE;dbo;TCCOTACAOITMMOV;TABELA;CODCOLMOV;1;;;;;;;;CORPORE;dbo;TITMMOV;CODCOLIGADA;FKTCCOTACAOITMMOV_TITMMOV
FK;CORPORE;dbo;TCCOTACAOITMMOV;TABELA;IDMOV;2;;;;;;;;CORPORE;dbo;TITMMOV;IDMOV;FKTCCOTACAOITMMOV_TITMMOV
FK;CORPORE;dbo;TCCOTACAOITMMOV;TABELA;NSEQITMMOV;3;;;;;;;;CORPORE;dbo;TITMMOV;NSEQITMMOV;FKTCCOTACAOITMMOV_TITMMOV
FK;CORPORE;dbo;TCCUSTOCONT;TABELA;CODCOLCONTA;1;;;;;;;;CORPORE;dbo;CCONTA;CODCOLIGADA;FKTCCUSTOCONT_CCONTA
FK;CORPORE;dbo;TCCUSTOCONT;TABELA;CODCOLIGADA;1;;;;;;;;CORPORE;dbo;GCCUSTO;CODCOLIGADA;FKTCCUSTOCONT_GCCUSTO
FK;CORPORE;dbo;TCCUSTOCONT;TABELA;CODCCUSTO;2;;;;;;;;CORPORE;dbo;GCCUSTO;CODCCUSTO;FKTCCUSTOCONT_GCCUSTO
FK;CORPORE;dbo;TCCUSTOCONT;TABELA;CODCONTA;2;;;;;;;;CORPORE;dbo;CCONTA;CODCONTA;FKTCCUSTOCONT_CCONTA
FK;CORPORE;dbo;TCCUSTORAT;TABELA;CODCOLCONTA;1;;;;;;;;CORPORE;dbo;CCONTA;CODCOLIGADA;FKTCCUSTORAT_CCONTA
FK;CORPORE;dbo;TCCUSTORAT;TABELA;CODCOLCONTAGER;1;;;;;;;;CORPORE;dbo;CGERENCIA;CODCOLIGADA;FKTCCUSTORAT_CGERENCIA
FK;CORPORE;dbo;TCCUSTORAT;TABELA;CODCOLIGADA;1;;;;;;;;CORPORE;dbo;GCCUSTO;CODCOLIGADA;FKTCCUSTORAT_GCCUSTO
FK;CORPORE;dbo;TCCUSTORAT;TABELA;CODCCUSTO;2;;;;;;;;CORPORE;dbo;GCCUSTO;CODCCUSTO;FKTCCUSTORAT_GCCUSTO
FK;CORPORE;dbo;TCCUSTORAT;TABELA;CODCONTA;2;;;;;;;;CORPORE;dbo;CCONTA;CODCONTA;FKTCCUSTORAT_CCONTA
FK;CORPORE;dbo;TCCUSTORAT;TABELA;CODCONTAGER;2;;;;;;;;CORPORE;dbo;CGERENCIA;CODCONTA;FKTCCUSTORAT_CGERENCIA
FK;CORPORE;dbo;TCFOFAMILIA;TABELA;CODCOLCFO;1;;;;;;;;CORPORE;dbo;FCFO;CODCOLIGADA;FKTCFOFAMILIA_FCFO
FK;CORPORE;dbo;TCFOFAMILIA;TABELA;CODCFO;2;;;;;;;;CORPORE;dbo;FCFO;CODCFO;FKTCFOFAMILIA_FCFO
FK;CORPORE;dbo;TCFOGRUPOCF;TABELA;CODCOLCFO;1;;;;;;;;CORPORE;dbo;FCFO;CODCOLIGADA;FKTCFOGRUPOCF_FCFO
FK;CORPORE;dbo;TCFOGRUPOCF;TABELA;CODCFO;2;;;;;;;;CORPORE;dbo;FCFO;CODCFO;FKTCFOGRUPOCF_FCFO
FK;CORPORE;dbo;TCITMORCAMENTO;TABELA;CODCOLCFO;1;;;;;;;;CORPORE;dbo;FCFO;CODCOLIGADA;FKTCITMORCAMENTO_FCFO
FK;CORPORE;dbo;TCITMORCAMENTO;TABELA;CODCFO;2;;;;;;;;CORPORE;dbo;FCFO;CODCFO;FKTCITMORCAMENTO_FCFO
FK;CORPORE;dbo;TCITMORCAMENTOAGRUPADO;TABELA;CODCOLCFO;1;;;;;;;;CORPORE;dbo;FCFO;CODCOLIGADA;FKTCITMORCAMENTOAGRUPADO_FCFO
FK;CORPORE;dbo;TCITMORCAMENTOAGRUPADO;TABELA;CODCFO;2;;;;;;;;CORPORE;dbo;FCFO;CODCFO;FKTCITMORCAMENTOAGRUPADO_FCFO
FK;CORPORE;dbo;TCITMORCAMENTOGRP;TABELA;CODCOLCFO;1;;;;;;;;CORPORE;dbo;FCFO;CODCOLIGADA;FKTCITMORCAMENTOGRP_FCFO
FK;CORPORE;dbo;TCITMORCAMENTOGRP;TABELA;CODCFO;2;;;;;;;;CORPORE;dbo;FCFO;CODCFO;FKTCITMORCAMENTOGRP_FCFO
FK;CORPORE;dbo;TCITMORCGERADO;TABELA;CODCOLCFO;1;;;;;;;;CORPORE;dbo;FCFO;CODCOLIGADA;FKTCITMORCGERADO_FCFO
FK;CORPORE;dbo;TCITMORCGERADO;TABELA;CODCFO;2;;;;;;;;CORPORE;dbo;FCFO;CODCFO;FKTCITMORCGERADO_FCFO
FK;CORPORE;dbo;TCNT;TABELA;CODCOLCFO;1;;;;;;;;CORPORE;dbo;FCFO;CODCOLIGADA;FKTCNT_FCFO
FK;CORPORE;dbo;TCNT;TABELA;CODCOLCONTAGER;1;;;;;;;;CORPORE;dbo;CGERENCIA;CODCOLIGADA;FKTCNT_CGERENCIA
FK;CORPORE;dbo;TCNT;TABELA;CODCOLIGADA;1;;;;;;;;CORPORE;dbo;GCCUSTO;CODCOLIGADA;FKTCNT_GCCU
FK;CORPORE;dbo;TCNT;TABELA;CODUSUARIO;1;;;;;;;;CORPORE;dbo;GUSUARIO;CODUSUARIO;FKTCNT_GUSUARIO
FK;CORPORE;dbo;TCNT;TABELA;CODCCUSTO;2;;;;;;;;CORPORE;dbo;GCCUSTO;CODCCUSTO;FKTCNT_GCCU
FK;CORPORE;dbo;TCNT;TABELA;CODCFO;2;;;;;;;;CORPORE;dbo;FCFO;CODCFO;FKTCNT_FCFO
FK;CORPORE;dbo;TCNT;TABELA;CODCONTAGER;2;;;;;;;;CORPORE;dbo;CGERENCIA;CODCONTA;FKTCNT_CGERENCIA
FK;CORPORE;dbo;TCNTPAR;TABELA;CODCOLIGADA;1;;;;;;;;CORPORE;dbo;CLOTE;CODCOLIGADA;FKTCNTPAR_CLOTE7
FK;CORPORE;dbo;TCNTPAR;TABELA;CODCOLIGADA;1;;;;;;;;CORPORE;dbo;CLOTE;CODCOLIGADA;FKTCNTPAR_CLOTE8
FK;CORPORE;dbo;TCNTPAR;TABELA;CODCOLIGADA;1;;;;;;;;CORPORE;dbo;CLOTE;CODCOLIGADA;FKTCNTPAR_CLOTE6
FK;CORPORE;dbo;TCNTPAR;TABELA;CODCOLIGADA;1;;;;;;;;CORPORE;dbo;CLOTE;CODCOLIGADA;FKTCNTPAR_CLOTE4
FK;CORPORE;dbo;TCNTPAR;TABELA;CODCOLIGADA;1;;;;;;;;CORPORE;dbo;CLOTE;CODCOLIGADA;FKTCNTPAR_CLOTE5
FK;CORPORE;dbo;TCNTPAR;TABELA;CODCOLIGADA;1;;;;;;;;CORPORE;dbo;CLOTE;CODCOLIGADA;FKTCNTPAR_CLOTE2
FK;CORPORE;dbo;TCNTPAR;TABELA;CODCOLIGADA;1;;;;;;;;CORPORE;dbo;CLOTE;CODCOLIGADA;FKTCNTPAR_CLOTE3
FK;CORPORE;dbo;TCNTPAR;TABELA;CODCOLIGADA;1;;;;;;;;CORPORE;dbo;CLOTE;CODCOLIGADA;FKTCNTPAR_CLOTE1
FK;CORPORE;dbo;TCNTPAR;TABELA;CODCOLIGADA;1;;;;;;;;CORPORE;dbo;CLOTE;CODCOLIGADA;FKTCNTPAR_CLOTE9
FK;CORPORE;dbo;TCNTPAR;TABELA;CODCOLIGADA;1;;;;;;;;CORPORE;dbo;CLOTE;CODCOLIGADA;FKTCNTPAR_CLOTE10
FK;CORPORE;dbo;TCNTPAR;TABELA;CODCOLIGADA;1;;;;;;;;CORPORE;dbo;CLOTE;CODCOLIGADA;FKTCNTPAR_CLOTEBAIXA
FK;CORPORE;dbo;TCNTPAR;TABELA;CODCOLIGADA;1;;;;;;;;CORPORE;dbo;CLOTE;CODCOLIGADA;FKTCNTPAR_CLOTEESTRECCNT
FK;CORPORE;dbo;TCNTPAR;TABELA;CODCOLIGADA;1;;;;;;;;CORPORE;dbo;CLOTE;CODCOLIGADA;FKTCNTPAR_CLOTEITMCNT
FK;CORPORE;dbo;TCNTPAR;TABELA;CODCOLIGADA;1;;;;;;;;CORPORE;dbo;CLOTE;CODCOLIGADA;FKTCNTPAR_CLOTEESTORNOITMCNT
FK;CORPORE;dbo;TCNTPAR;TABELA;CODCOLIGADA;1;;;;;;;;CORPORE;dbo;CLOTE;CODCOLIGADA;FKTCNTPAR_CLOTEREAJCNT
FK;CORPORE;dbo;TCNTPAR;TABELA;CODCOLIGADA;1;;;;;;;;CORPORE;dbo;CLOTE;CODCOLIGADA;FKTCNTPAR_CLOTEESTORNOREAJCNT
FK;CORPORE;dbo;TCNTPAR;TABELA;CODCOLIGADA;1;;;;;;;;CORPORE;dbo;CLOTE;CODCOLIGADA;FKTCNTPAR_CLOTERECCNT
FK;CORPORE;dbo;TCNTPAR;TABELA;CODLOTEADITIVOCONTRATO;2;;;;;;;;CORPORE;dbo;CLOTE;CODLOTE;FKTCNTPAR_CLOTE3
FK;CORPORE;dbo;TCNTPAR;TABELA;CODLOTEBAIXA;2;;;;;;;;CORPORE;dbo;CLOTE;CODLOTE;FKTCNTPAR_CLOTEBAIXA
FK;CORPORE;dbo;TCNTPAR;TABELA;CODLOTEESTORNOADITIVOCONTRATO;2;;;;;;;;CORPORE;dbo;CLOTE;CODLOTE;FKTCNTPAR_CLOTE4
FK;CORPORE;dbo;TCNTPAR;TABELA;CODLOTEESTORNOITEMCONTRATO;2;;;;;;;;CORPORE;dbo;CLOTE;CODLOTE;FKTCNTPAR_CLOTEESTORNOITMCNT
FK;CORPORE;dbo;TCNTPAR;TABELA;CODLOTEESTORNOITEMCONTRATO2;2;;;;;;;;CORPORE;dbo;CLOTE;CODLOTE;FKTCNTPAR_CLOTE2
FK;CORPORE;dbo;TCNTPAR;TABELA;CODLOTEESTORNOMEDICAOCONTRATO;2;;;;;;;;CORPORE;dbo;CLOTE;CODLOTE;FKTCNTPAR_CLOTE8
FK;CORPORE;dbo;TCNTPAR;TABELA;CODLOTEESTORNOREAJUSTECNT2;2;;;;;;;;CORPORE;dbo;CLOTE;CODLOTE;FKTCNTPAR_CLOTE6
FK;CORPORE;dbo;TCNTPAR;TABELA;CODLOTEESTORNOREAJUSTECONTRATO;2;;;;;;;;CORPORE;dbo;CLOTE;CODLOTE;FKTCNTPAR_CLOTEESTORNOREAJCNT
FK;CORPORE;dbo;TCNTPAR;TABELA;CODLOTEESTORNORECLASSIFICACAO;2;;;;;;;;CORPORE;dbo;CLOTE;CODLOTE;FKTCNTPAR_CLOTEESTRECCNT
FK;CORPORE;dbo;TCNTPAR;TABELA;CODLOTEESTORNORECLASSIFICACAO2;2;;;;;;;;CORPORE;dbo;CLOTE;CODLOTE;FKTCNTPAR_CLOTE10
FK;CORPORE;dbo;TCNTPAR;TABELA;CODLOTEITEMCONTRATO;2;;;;;;;;CORPORE;dbo;CLOTE;CODLOTE;FKTCNTPAR_CLOTEITMCNT
FK;CORPORE;dbo;TCNTPAR;TABELA;CODLOTEITEMCONTRATO2;2;;;;;;;;CORPORE;dbo;CLOTE;CODLOTE;FKTCNTPAR_CLOTE1
FK;CORPORE;dbo;TCNTPAR;TABELA;CODLOTEMEDICAOCONTRATO;2;;;;;;;;CORPORE;dbo;CLOTE;CODLOTE;FKTCNTPAR_CLOTE7
FK;CORPORE;dbo;TCNTPAR;TABELA;CODLOTEREAJUSTECONTRATO;2;;;;;;;;CORPORE;dbo;CLOTE;CODLOTE;FKTCNTPAR_CLOTEREAJCNT
FK;CORPORE;dbo;TCNTPAR;TABELA;CODLOTEREAJUSTECONTRATO2;2;;;;;;;;CORPORE;dbo;CLOTE;CODLOTE;FKTCNTPAR_CLOTE5
FK;CORPORE;dbo;TCNTPAR;TABELA;CODLOTERECLASSIFICACAO;2;;;;;;;;CORPORE;dbo;CLOTE;CODLOTE;FKTCNTPAR_CLOTERECCNT
FK;CORPORE;dbo;TCNTPAR;TABELA;CODLOTERECLASSIFICACAO2;2;;;;;;;;CORPORE;dbo;CLOTE;CODLOTE;FKTCNTPAR_CLOTE9
FK;CORPORE;dbo;TCOMPONENTECARGA;TABELA;CODCOLIGADA;1;;;;;;;;CORPORE;dbo;TMOV;CODCOLIGADA;FKTCOMPONENTECARGA_TMOV
FK;CORPORE;dbo;TCOMPONENTECARGA;TABELA;IDMOV;2;;;;;;;;CORPORE;dbo;TMOV;IDMOV;FKTCOMPONENTECARGA_TMOV
FK;CORPORE;dbo;TCONTORCAMENTARIO;TABELA;CODCOLIGADA;1;;;;;;;;CORPORE;dbo;GCCUSTO;CODCOLIGADA;FKTCONTORCAMENTARIO_GCCUSTO
FK;CORPORE;dbo;TCONTORCAMENTARIO;TABELA;CODCCUSTO;2;;;;;;;;CORPORE;dbo;GCCUSTO;CODCCUSTO;FKTCONTORCAMENTARIO_GCCUSTO
FK;CORPORE;dbo;TCORCAMENTO;TABELA;CODCOLCFO;1;;;;;;;;CORPORE;dbo;FCFO;CODCOLIGADA;FKCORCAMENTO_FCFO
FK;CORPORE;dbo;TCORCAMENTO;TABELA;CODCFO;2;;;;;;;;CORPORE;dbo;FCFO;CODCFO;FKCORCAMENTO_FCFO
FK;CORPORE;dbo;TCPGFCFO;TABELA;CODCOLCFO;1;;;;;;;;CORPORE;dbo;FCFO;CODCOLIGADA;FKTCPGFCFO_FCFO
FK;CORPORE;dbo;TCPGFCFO;TABELA;CODCFO;2;;;;;;;;CORPORE;dbo;FCFO;CODCFO;FKTCPGFCFO_FCFO
FK;CORPORE;dbo;TCTEMOV;TABELA;CODCOLIGADA;1;;;;;;;;CORPORE;dbo;TMOV;CODCOLIGADA;FKTCTEMOV_TMOV
FK;CORPORE;dbo;TCTEMOV;TABELA;IDMOV;2;;;;;;;;CORPORE;dbo;TMOV;IDMOV;FKTCTEMOV_TMOV
FK;CORPORE;dbo;TCTRC;TABELA;CODCOLIGADA;1;;;;;;;;CORPORE;dbo;TMOV;CODCOLIGADA;FKTCTRC_TMOVCOBERTO
FK;CORPORE;dbo;TCTRC;TABELA;CODCOLIGADA;1;;;;;;;;CORPORE;dbo;TMOV;CODCOLIGADA;FKTCTRC_TMOV
FK;CORPORE;dbo;TCTRC;TABELA;IDMOV;2;;;;;;;;CORPORE;dbo;TMOV;IDMOV;FKTCTRC_TMOV
FK;CORPORE;dbo;TCTRC;TABELA;IDMOVCOBERTO;2;;;;;;;;CORPORE;dbo;TMOV;IDMOV;FKTCTRC_TMOVCOBERTO
FK;CORPORE;dbo;TCTRCENTRADA;TABELA;CODCOLIGADA;1;;;;;;;;CORPORE;dbo;TMOV;CODCOLIGADA;FKTCTRCENTRADA_TMOV
FK;CORPORE;dbo;TCTRCENTRADA;TABELA;IDMOVNF;2;;;;;;;;CORPORE;dbo;TMOV;IDMOV;FKTCTRCENTRADA_TMOV
FK;CORPORE;dbo;TCTRCMOV;TABELA;CODCOLIGADA;1;;;;;;;;CORPORE;dbo;TMOV;CODCOLIGADA;FKTCTRCMOV_TMOV
FK;CORPORE;dbo;TCTRCMOV;TABELA;IDMOV;2;;;;;;;;CORPORE;dbo;TMOV;IDMOV;FKTCTRCMOV_TMOV
FK;CORPORE;dbo;TCTT;TABELA;CODCOLCFO;1;;;;;;;;CORPORE;dbo;FCFO;CODCOLIGADA;FKTCTT_FCFO
FK;CORPORE;dbo;TCTT;TABELA;CODCOLIGADA;1;;;;;;;;CORPORE;dbo;TITMMOV;CODCOLIGADA;FKTCTT_TITMMOVSOBRA
FK;CORPORE;dbo;TCTT;TABELA;CODCOLIGADA;1;;;;;;;;CORPORE;dbo;TITMMOV;CODCOLIGADA;FKTCTT_TITMMOVSR
FK;CORPORE;dbo;TCTT;TABELA;CODCOLIGADA;1;;;;;;;;CORPORE;dbo;TITMMOV;CODCOLIGADA;FKTCTT_TITMMOVFAT
FK;CORPORE;dbo;TCTT;TABELA;CODCOLIGADA;1;;;;;;;;CORPORE;dbo;TITMMOV;CODCOLIGADA;FKTCTT_TITMMOVORI
FK;CORPORE;dbo;TCTT;TABELA;CODCFO;2;;;;;;;;CORPORE;dbo;FCFO;CODCFO;FKTCTT_FCFO
FK;CORPORE;dbo;TCTT;TABELA;IDMOVFAT;2;;;;;;;;CORPORE;dbo;TITMMOV;IDMOV;FKTCTT_TITMMOVFAT
FK;CORPORE;dbo;TCTT;TABELA;IDMOVORI;2;;;;;;;;CORPORE;dbo;TITMMOV;IDMOV;FKTCTT_TITMMOVORI
FK;CORPORE;dbo;TCTT;TABELA;IDMOVSOBRA;2;;;;;;;;CORPORE;dbo;TITMMOV;IDMOV;FKTCTT_TITMMOVSOBRA
FK;CORPORE;dbo;TCTT;TABELA;IDMOVSR;2;;;;;;;;CORPORE;dbo;TITMMOV;IDMOV;FKTCTT_TITMMOVSR
FK;CORPORE;dbo;TCTT;TABELA;NSEQITMMOVFAT;3;;;;;;;;CORPORE;dbo;TITMMOV;NSEQITMMOV;FKTCTT_TITMMOVFAT
FK;CORPORE;dbo;TCTT;TABELA;NSEQITMMOVORI;3;;;;;;;;CORPORE;dbo;TITMMOV;NSEQITMMOV;FKTCTT_TITMMOVORI
FK;CORPORE;dbo;TCTT;TABELA;NSEQITMMOVSOBRA;3;;;;;;;;CORPORE;dbo;TITMMOV;NSEQITMMOV;FKTCTT_TITMMOVSOBRA
FK;CORPORE;dbo;TCTT;TABELA;NSEQITMMOVSR;3;;;;;;;;CORPORE;dbo;TITMMOV;NSEQITMMOV;FKTCTT_TITMMOVSR
FK;CORPORE;dbo;TCUPOMFISCAL;TABELA;CODCOLCFO;1;;;;;;;;CORPORE;dbo;FCFO;CODCOLIGADA;FKTCUPOMFISCAL_FCFO
FK;CORPORE;dbo;TCUPOMFISCAL;TABELA;CODCFO;2;;;;;;;;CORPORE;dbo;FCFO;CODCFO;FKTCUPOMFISCAL_FCFO
FK;CORPORE;dbo;TCUPOMFISCALITMRELAC;TABELA;CODCOLIGADA;1;;;;;;;;CORPORE;dbo;TITMMOV;CODCOLIGADA;FKTCUPOMFISCALITMRELAC_TITMMOV
FK;CORPORE;dbo;TCUPOMFISCALITMRELAC;TABELA;IDMOV;2;;;;;;;;CORPORE;dbo;TITMMOV;IDMOV;FKTCUPOMFISCALITMRELAC_TITMMOV
FK;CORPORE;dbo;TCUPOMFISCALITMRELAC;TABELA;NSEQITMMOV;3;;;;;;;;CORPORE;dbo;TITMMOV;NSEQITMMOV;FKTCUPOMFISCALITMRELAC_TITMMOV
FK;CORPORE;dbo;TDCE;TABELA;CODCOLIGADA;1;;;;;;;;CORPORE;dbo;TMOV;CODCOLIGADA;FKTDCE_TMOV
FK;CORPORE;dbo;TDCE;TABELA;IDMOV;2;;;;;;;;CORPORE;dbo;TMOV;IDMOV;FKTDCE_TMOV
FK;CORPORE;dbo;TDEFINICOESCFOCOLAB;TABELA;CODCOLCFO;1;;;;;;;;CORPORE;dbo;FCFO;CODCOLIGADA;FKTDEFINICOESCFOCOLAB_FCFO
FK;CORPORE;dbo;TDEFINICOESCFOCOLAB;TABELA;CODCFO;2;;;;;;;;CORPORE;dbo;FCFO;CODCFO;FKTDEFINICOESCFOCOLAB_FCFO
FK;CORPORE;dbo;TDEPCONT;TABELA;CODCOLCONTA;1;;;;;;;;CORPORE;dbo;CCONTA;CODCOLIGADA;FKTDEPCONT_CCONTA
FK;CORPORE;dbo;TDEPCONT;TABELA;CODCOLIGADA;1;;;;;;;;CORPORE;dbo;GCCUSTO;CODCOLIGADA;FKTDEPCONT_GCCUSTO
FK;CORPORE;dbo;TDEPCONT;TABELA;CODCCUSTO;2;;;;;;;;CORPORE;dbo;GCCUSTO;CODCCUSTO;FKTDEPCONT_GCCUSTO
FK;CORPORE;dbo;TDEPCONT;TABELA;CODCONTA;2;;;;;;;;CORPORE;dbo;CCONTA;CODCONTA;FKTDEPCONT_CCONTA
FK;CORPORE;dbo;TDEPRAT;TABELA;CODCOLCONTAGER;1;;;;;;;;CORPORE;dbo;CGERENCIA;CODCOLIGADA;FKTDEPRAT_CGERENCIA
FK;CORPORE;dbo;TDEPRAT;TABELA;CODCONTAGER;2;;;;;;;;CORPORE;dbo;CGERENCIA;CODCONTA;FKTDEPRAT_CGERENCIA
FK;CORPORE;dbo;TDIASFIXOSVENCFO;TABELA;CODCOLCFO;1;;;;;;;;CORPORE;dbo;FCFO;CODCOLIGADA;FKTDIASFIXOSVENCFO_FCFO
FK;CORPORE;dbo;TDIASFIXOSVENCFO;TABELA;CODCFO;2;;;;;;;;CORPORE;dbo;FCFO;CODCFO;FKTDIASFIXOSVENCFO_FCFO
FK;CORPORE;dbo;TESTOQUETERCEIROS;TABELA;CODCOLCFO;1;;;;;;;;CORPORE;dbo;FCFO;CODCOLIGADA;FKTESTOQUETERCEIROS_FCFO
FK;CORPORE;dbo;TESTOQUETERCEIROS;TABELA;CODCFO;2;;;;;;;;CORPORE;dbo;FCFO;CODCFO;FKTESTOQUETERCEIROS_FCFO
FK;CORPORE;dbo;TEXCEDEORCAMENTO;TABELA;CODCOLIGADA;1;;;;;;;;CORPORE;dbo;TMOVORCAMENTO;CODCOLIGADA;FKTEXCEDEORCAMEN_TMOVORCAMENTO
FK;CORPORE;dbo;TEXCEDEORCAMENTO;TABELA;IDMOVORCAMENTO;2;;;;;;;;CORPORE;dbo;TMOVORCAMENTO;IDMOVORCAMENTO;FKTEXCEDEORCAMEN_TMOVORCAMENTO
FK;CORPORE;dbo;TFILCONT;TABELA;CODCOLCONTA;1;;;;;;;;CORPORE;dbo;CCONTA;CODCOLIGADA;FKTFILCONT_CCONTA
FK;CORPORE;dbo;TFILCONT;TABELA;CODCOLIGADA;1;;;;;;;;CORPORE;dbo;GCCUSTO;CODCOLIGADA;FKTFILCONT_GCCUSTO
FK;CORPORE;dbo;TFILCONT;TABELA;CODCCUSTO;2;;;;;;;;CORPORE;dbo;GCCUSTO;CODCCUSTO;FKTFILCONT_GCCUSTO
FK;CORPORE;dbo;TFILCONT;TABELA;CODCONTA;2;;;;;;;;CORPORE;dbo;CCONTA;CODCONTA;FKTFILCONT_CCONTA
FK;CORPORE;dbo;TFILRAT;TABELA;CODCOLCONTAGER;1;;;;;;;;CORPORE;dbo;CGERENCIA;CODCOLIGADA;FKTFILRAT_CGERENCIA
FK;CORPORE;dbo;TFILRAT;TABELA;CODCONTAGER;2;;;;;;;;CORPORE;dbo;CGERENCIA;CODCONTA;FKTFILRAT_CGERENCIA
FK;CORPORE;dbo;TFITMMOV;TABELA;CODCOLIGADA;1;;;;;;;;CORPORE;dbo;GCCUSTO;CODCOLIGADA;FKTFITMMOV_GCCUSTO
FK;CORPORE;dbo;TFITMMOV;TABELA;CODCCUSTO;2;;;;;;;;CORPORE;dbo;GCCUSTO;CODCCUSTO;FKTFITMMOV_GCCUSTO
FK;CORPORE;dbo;TFMOV;TABELA;CODCOLCFO;1;;;;;;;;CORPORE;dbo;FCFO;CODCOLIGADA;FKTFMOV_FCFO
FK;CORPORE;dbo;TFMOV;TABELA;CODCOLIGADA;1;;;;;;;;CORPORE;dbo;GCCUSTO;CODCOLIGADA;FKTFMOV_GCCUSTO
FK;CORPORE;dbo;TFMOV;TABELA;CODCCUSTO;2;;;;;;;;CORPORE;dbo;GCCUSTO;CODCCUSTO;FKTFMOV_GCCUSTO
FK;CORPORE;dbo;TFMOV;TABELA;CODCFO;2;;;;;;;;CORPORE;dbo;FCFO;CODCFO;FKTFMOV_FCFO
FK;CORPORE;dbo;TFNOVOCF;TABELA;CODCOLCFO;1;;;;;;;;CORPORE;dbo;FCFO;CODCOLIGADA;FKTFNOVOCF_FCFO
FK;CORPORE;dbo;TFNOVOCF;TABELA;CODCFO;2;;;;;;;;CORPORE;dbo;FCFO;CODCFO;FKTFNOVOCF_FCFO
FK;CORPORE;dbo;TFORMAPAGTO;TABELA;CODCOLCFO;1;;;;;;;;CORPORE;dbo;FCFO;CODCOLIGADA;FKTFORMAPAGTO_FCFO
FK;CORPORE;dbo;TFORMAPAGTO;TABELA;CODCOLIGADA;1;;;;;;;;CORPORE;dbo;GCCUSTO;CODCOLIGADA;FKTFORMAPAGTO_GCCUSTO
FK;CORPORE;dbo;TFORMAPAGTO;TABELA;CODCCUSTO;2;;;;;;;;CORPORE;dbo;GCCUSTO;CODCCUSTO;FKTFORMAPAGTO_GCCUSTO
FK;CORPORE;dbo;TFORMAPAGTO;TABELA;CODCFO;2;;;;;;;;CORPORE;dbo;FCFO;CODCFO;FKTFORMAPAGTO_FCFO
FK;CORPORE;dbo;TFORMAPAGTOCONT;TABELA;CODCOLCONTA;1;;;;;;;;CORPORE;dbo;CCONTA;CODCOLIGADA;FKTFORMAPAGTOCONT_CCONTA
FK;CORPORE;dbo;TFORMAPAGTOCONT;TABELA;CODCOLIGADA;1;;;;;;;;CORPORE;dbo;GCCUSTO;CODCOLIGADA;FKTFORMAPAGTOCONT_GCCUSTO
FK;CORPORE;dbo;TFORMAPAGTOCONT;TABELA;CODCCUSTO;2;;;;;;;;CORPORE;dbo;GCCUSTO;CODCCUSTO;FKTFORMAPAGTOCONT_GCCUSTO
FK;CORPORE;dbo;TFORMAPAGTOCONT;TABELA;CODCONTA;2;;;;;;;;CORPORE;dbo;CCONTA;CODCONTA;FKTFORMAPAGTOCONT_CCONTA
FK;CORPORE;dbo;TFORMAPAGTORAT;TABELA;CODCOLCONTA;1;;;;;;;;CORPORE;dbo;CCONTA;CODCOLIGADA;FKTFORMAPAGTORAT_CCONTA
FK;CORPORE;dbo;TFORMAPAGTORAT;TABELA;CODCOLCONTAGER;1;;;;;;;;CORPORE;dbo;CGERENCIA;CODCOLIGADA;FKTFORMAPAGTORATGER_CGERENCIA
FK;CORPORE;dbo;TFORMAPAGTORAT;TABELA;CODCONTA;2;;;;;;;;CORPORE;dbo;CCONTA;CODCONTA;FKTFORMAPAGTORAT_CCONTA
FK;CORPORE;dbo;TFORMAPAGTORAT;TABELA;CODCONTAGER;2;;;;;;;;CORPORE;dbo;CGERENCIA;CODCONTA;FKTFORMAPAGTORATGER_CGERENCIA
FK;CORPORE;dbo;TGTV;TABELA;DESTINATARIOCODCOLCFO;1;;;;;;;;CORPORE;dbo;FCFO;CODCOLIGADA;FKTGTV_FCFO_DEST
FK;CORPORE;dbo;TGTV;TABELA;REMETENTECODCOLCFO;1;;;;;;;;CORPORE;dbo;FCFO;CODCOLIGADA;FKTGTV_FCFO_REM
FK;CORPORE;dbo;TGTV;TABELA;DESTINATARIOCODCFO;2;;;;;;;;CORPORE;dbo;FCFO;CODCFO;FKTGTV_FCFO_DEST
FK;CORPORE;dbo;TGTV;TABELA;REMETENTECODCFO;2;;;;;;;;CORPORE;dbo;FCFO;CODCFO;FKTGTV_FCFO_REM
FK;CORPORE;dbo;TITEMCUPOMCANC;TABELA;CODCOLIGADA;1;;;;;;;;CORPORE;dbo;TMOV;CODCOLIGADA;FKTITEMCUPOMCANC_TMOV
FK;CORPORE;dbo;TITEMCUPOMCANC;TABELA;IDMOV;2;;;;;;;;CORPORE;dbo;TMOV;IDMOV;FKTITEMCUPOMCANC_TMOV
FK;CORPORE;dbo;TITMCNT;TABELA;CODCOLCFO;1;;;;;;;;CORPORE;dbo;FCFO;CODCOLIGADA;FKTITMCNT_FCFO
FK;CORPORE;dbo;TITMCNT;TABELA;CODCOLCFODEST;1;;;;;;;;CORPORE;dbo;FCFO;CODCOLIGADA;FKTITMCNT_FCFODEST
FK;CORPORE;dbo;TITMCNT;TABELA;CODCOLIGADA;1;;;;;;;;CORPORE;dbo;GCCUSTO;CODCOLIGADA;FKTITMCNT_GCCU
FK;CORPORE;dbo;TITMCNT;TABELA;CODCOLTBORCAMENTO;1;;;;;;;;CORPORE;dbo;TTBORCAMENTO;CODCOLIGADA;FKTITMCNT_TTBORCAMENTO
FK;CORPORE;dbo;TITMCNT;TABELA;CODCCUSTO;2;;;;;;;;CORPORE;dbo;GCCUSTO;CODCCUSTO;FKTITMCNT_GCCU
FK;CORPORE;dbo;TITMCNT;TABELA;CODCFO;2;;;;;;;;CORPORE;dbo;FCFO;CODCFO;FKTITMCNT_FCFO
FK;CORPORE;dbo;TITMCNT;TABELA;CODCFODEST;2;;;;;;;;CORPORE;dbo;FCFO;CODCFO;FKTITMCNT_FCFODEST
FK;CORPORE;dbo;TITMCNT;TABELA;CODTBORCAMENTO;2;;;;;;;;CORPORE;dbo;TTBORCAMENTO;CODTBORCAMENTO;FKTITMCNT_TTBORCAMENTO
FK;CORPORE;dbo;TITMCNTMOVRELAC;TABELA;CODCOLMOVORIGEM;1;;;;;;;;CORPORE;dbo;TITMMOV;CODCOLIGADA;FKTITMCNTMOVRELAC_TITMMOV
FK;CORPORE;dbo;TITMCNTMOVRELAC;TABELA;IDMOVORIGEM;2;;;;;;;;CORPORE;dbo;TITMMOV;IDMOV;FKTITMCNTMOVRELAC_TITMMOV
FK;CORPORE;dbo;TITMCNTMOVRELAC;TABELA;NSEQITMMOVORIGEM;3;;;;;;;;CORPORE;dbo;TITMMOV;NSEQITMMOV;FKTITMCNTMOVRELAC_TITMMOV
FK;CORPORE;dbo;TITMCNTRATCCU;TABELA;CODCOLIGADA;1;;;;;;;;CORPORE;dbo;GCCUSTO;CODCOLIGADA;FKTITMCNTRATCCU_GCCUSTO
FK;CORPORE;dbo;TITMCNTRATCCU;TABELA;CODCCUSTO;2;;;;;;;;CORPORE;dbo;GCCUSTO;CODCCUSTO;FKTITMCNTRATCCU_GCCUSTO
FK;CORPORE;dbo;TITMEVC;TABELA;CODCOLCONTA;1;;;;;;;;CORPORE;dbo;CCONTA;CODCOLIGADA;FKTITMEVC_CCONTA
FK;CORPORE;dbo;TITMEVC;TABELA;CODCOLCONTAELIMINACAO;1;;;;;;;;CORPORE;dbo;CCONTA;CODCOLIGADA;FKTITMEVC_CCONTAELIMINACAO
FK;CORPORE;dbo;TITMEVC;TABELA;CODCOLIGADA;1;;;;;;;;CORPORE;dbo;GCCUSTO;CODCOLIGADA;FKTITMEVC_GCCUSTO
FK;CORPORE;dbo;TITMEVC;TABELA;CODCCUSTO;2;;;;;;;;CORPORE;dbo;GCCUSTO;CODCCUSTO;FKTITMEVC_GCCUSTO
FK;CORPORE;dbo;TITMEVC;TABELA;CODCONTA;2;;;;;;;;CORPORE;dbo;CCONTA;CODCONTA;FKTITMEVC_CCONTA
FK;CORPORE;dbo;TITMEVC;TABELA;CODCONTAELIMINACAO;2;;;;;;;;CORPORE;dbo;CCONTA;CODCONTA;FKTITMEVC_CCONTAELIMINACAO
FK;CORPORE;dbo;TITMEVCGER;TABELA;CODCOLCONTAGER;1;;;;;;;;CORPORE;dbo;CGERENCIA;CODCOLIGADA;FKTITMEVCGER_CGERENCIA
FK;CORPORE;dbo;TITMEVCGER;TABELA;CODCONTAGER;2;;;;;;;;CORPORE;dbo;CGERENCIA;CODCONTA;FKTITMEVCGER_CGERENCIA
FK;CORPORE;dbo;TITMINVENTARIO;TABELA;CODCOLIGADA;1;;;;;;;;CORPORE;dbo;TITMMOV;CODCOLIGADA;FKTITMINVENTARIO_TITMMOV
FK;CORPORE;dbo;TITMINVENTARIO;TABELA;CODCOLIGADA;1;;;;;;;;CORPORE;dbo;GCCUSTO;CODCOLIGADA;FKTITMINVENTARIO_GCCUSTO
FK;CORPORE;dbo;TITMINVENTARIO;TABELA;CODCCUSTO;2;;;;;;;;CORPORE;dbo;GCCUSTO;CODCCUSTO;FKTITMINVENTARIO_GCCUSTO
FK;CORPORE;dbo;TITMINVENTARIO;TABELA;IDMOV;2;;;;;;;;CORPORE;dbo;TITMMOV;IDMOV;FKTITMINVENTARIO_TITMMOV
FK;CORPORE;dbo;TITMINVENTARIO;TABELA;NSEQITMMOV;3;;;;;;;;CORPORE;dbo;TITMMOV;NSEQITMMOV;FKTITMINVENTARIO_TITMMOV
FK;CORPORE;dbo;TITMLOTEPEPSUEPS;TABELA;CODCOLIGADA;1;;;;;;;;CORPORE;dbo;TITMMOV;CODCOLIGADA;FKTITMLOTEPEPSUEPS_TITMMOV
FK;CORPORE;dbo;TITMLOTEPEPSUEPS;TABELA;IDMOV;2;;;;;;;;CORPORE;dbo;TITMMOV;IDMOV;FKTITMLOTEPEPSUEPS_TITMMOV
FK;CORPORE;dbo;TITMLOTEPEPSUEPS;TABELA;NSEQITMMOV;3;;;;;;;;CORPORE;dbo;TITMMOV;NSEQITMMOV;FKTITMLOTEPEPSUEPS_TITMMOV
FK;CORPORE;dbo;TITMLOTEPRD;TABELA;CODCOLIGADA;1;;;;;;;;CORPORE;dbo;TITMMOV;CODCOLIGADA;FKTITMLOTEPRD_TITMMOV
FK;CORPORE;dbo;TITMLOTEPRD;TABELA;IDMOV;2;;;;;;;;CORPORE;dbo;TITMMOV;IDMOV;FKTITMLOTEPRD_TITMMOV
FK;CORPORE;dbo;TITMLOTEPRD;TABELA;NSEQITMMOV;3;;;;;;;;CORPORE;dbo;TITMMOV;NSEQITMMOV;FKTITMLOTEPRD_TITMMOV
FK;CORPORE;dbo;TITMMOV;TABELA;CODCOLIGADA;1;;;;;;;;CORPORE;dbo;TTB4;CODCOLIGADA;FKTITMMOV_TTB4
FK;CORPORE;dbo;TITMMOV;TABELA;CODCOLIGADA;1;;;;;;;;CORPORE;dbo;TTB5;CODCOLIGADA;FKTITMMOV_TTB5
FK;CORPORE;dbo;TITMMOV;TABELA;CODCOLIGADA;1;;;;;;;;CORPORE;dbo;TTIP;CODCOLIGADA;FKTITMMOV_TTIP
FK;CORPORE;dbo;TITMMOV;TABELA;CODCOLIGADA;1;;;;;;;;CORPORE;dbo;TTB3;CODCOLIGADA;FKTITMMOV_TTB3
FK;CORPORE;dbo;TITMMOV;TABELA;CODCOLIGADA;1;;;;;;;;CORPORE;dbo;TTB2;CODCOLIGADA;FKTITMMOV_TTB2
FK;CORPORE;dbo;TITMMOV;TABELA;CODCOLIGADA;1;;;;;;;;CORPORE;dbo;MPRJ;CODCOLIGADA;FKTITMMOV_MPRJ
FK;CORPORE;dbo;TITMMOV;TABELA;CODCOLIGADA;1;;;;;;;;CORPORE;dbo;TTB1;CODCOLIGADA;FKTITMMOV_TTB1
FK;CORPORE;dbo;TITMMOV;TABELA;CODCOLIGADA;1;;;;;;;;CORPORE;dbo;TLOC;CODCOLIGADA;FKTITMMOV_TLOC
FK;CORPORE;dbo;TITMMOV;TABELA;CODCOLIGADA;1;;;;;;;;CORPORE;dbo;MTAREFA;CODCOLIGADA;FKTITMMOV_MTRF
FK;CORPORE;dbo;TITMMOV;TABELA;CODCOLIGADA;1;;;;;;;;CORPORE;dbo;TTABPRECO;CODCOLIGADA;FKTITMMOV_TTABPRECO
FK;CORPORE;dbo;TITMMOV;TABELA;CODCOLIGADA;1;;;;;;;;CORPORE;dbo;TPRODUTODEFMARCA;CODCOLIGADA;FKTITMMOV_TPRODUTODEFMARCA
FK;CORPORE;dbo;TITMMOV;TABELA;CODCOLIGADA;1;;;;;;;;CORPORE;dbo;DREGRATRIBUTARIA;CODCOLIGADA;FKTITMMOV_DREGRATRIBUTARIA
FK;CORPORE;dbo;TITMMOV;TABELA;CODCOLIGADA;1;;;;;;;;CORPORE;dbo;TTBGRUPOORCAMENTO;CODCOLIGADA;FKTITMMOV_TTBGRUPOORCAMENTO
FK;CORPORE;dbo;TITMMOV;TABELA;CODCOLIGADA;1;;;;;;;;CORPORE;dbo;TRPR;CODCOLIGADA;FKTITMMOV_TRPR
FK;CORPORE;dbo;TITMMOV;TABELA;CODCOLIGADA;1;;;;;;;;CORPORE;dbo;LPUBLIC;CODCOLIGADA;FKTITMMOV_LPUBLIC
FK;CORPORE;dbo;TITMMOV;TABELA;CODCOLIGADA;1;;;;;;;;CORPORE;dbo;MCNT;CODCOLIGADA;FKTITMMOV_MCNT
FK;CORPORE;dbo;TITMMOV;TABELA;CODCOLIGADA;1;;;;;;;;CORPORE;dbo;GDEPTO;CODCOLIGADA;FKTITMMOV_GDEPTO
FK;CORPORE;dbo;TITMMOV;TABELA;CODCOLIGADA;1;;;;;;;;CORPORE;dbo;GFILIAL;CODCOLIGADA;FKTITMMOV_GFILIAL
FK;CORPORE;dbo;TITMMOV;TABELA;CODCOLIGADA;1;;;;;;;;CORPORE;dbo;FTB1;CODCOLIGADA;FKTITMMOV_FTB1
FK;CORPORE;dbo;TITMMOV;TABELA;CODCOLIGADA;1;;;;;;;;CORPORE;dbo;FTB4;CODCOLIGADA;FKTITMMOV_FTB4
FK;CORPORE;dbo;TITMMOV;TABELA;CODCOLIGADA;1;;;;;;;;CORPORE;dbo;FTB2;CODCOLIGADA;FKTITMMOV_FTB2
FK;CORPORE;dbo;TITMMOV;TABELA;CODCOLIGADA;1;;;;;;;;CORPORE;dbo;FTB3;CODCOLIGADA;FKTITMMOV_FTB3
FK;CORPORE;dbo;TITMMOV;TABELA;CODCOLIGADA;1;;;;;;;;CORPORE;dbo;FTB5;CODCOLIGADA;FKTITMMOV_FTB5
FK;CORPORE;dbo;TITMMOV;TABELA;CODCOLIGADA;1;;;;;;;;CORPORE;dbo;ILOCAL;CODCOLIGADA;FKTITMMOV_ILOCAL
FK;CORPORE;dbo;TITMMOV;TABELA;CODCOLIGADA;1;;;;;;;;CORPORE;dbo;GCCUSTO;CODCOLIGADA;FKTITMMOV_GCCU
FK;CORPORE;dbo;TITMMOV;TABELA;CODCOLIGADA;1;;;;;;;;CORPORE;dbo;TTRIBUTACAOECF;CODCOLIGADA;FKTITMMOV_TTRIBUTACAOECF
FK;CORPORE;dbo;TITMMOV;TABELA;CODCOLIGADA;1;;;;;;;;CORPORE;dbo;TVEN;CODCOLIGADA;FKTITMMOV_TVEN
FK;CORPORE;dbo;TITMMOV;TABELA;CODCOLIGADA;1;;;;;;;;CORPORE;dbo;TGRADE;CODCOLIGADA;FKTITMMOV_TGRADE
FK;CORPORE;dbo;TITMMOV;TABELA;CODCOLIGADA;1;;;;;;;;CORPORE;dbo;PFUNC;CODCOLIGADA;FKTTIMMOV_PFUNC
FK;CORPORE;dbo;TITMMOV;TABELA;CODCOLIGADA;1;;;;;;;;CORPORE;dbo;TITMCNT;CODCOLIGADA;FKTITMMOV_TITMCNT
FK;CORPORE;dbo;TITMMOV;TABELA;CODCOLIGADA;1;;;;;;;;CORPORE;dbo;OFOBJOFICINA;CODCOLIGADA;FKTITMMOV_OFOBJOFICINA
FK;CORPORE;dbo;TITMMOV;TABELA;CODCOLIGADA;1;;;;;;;;CORPORE;dbo;TMEN;CODCOLIGADA;FKTITMMOV_TMEN
FK;CORPORE;dbo;TITMMOV;TABELA;CODCOLIGADA;1;;;;;;;;CORPORE;dbo;TMOV;CODCOLIGADA;FKTITMMOV_TMOV
FK;CORPORE;dbo;TITMMOV;TABELA;CODCOLIGADA;1;;;;;;;;CORPORE;dbo;TCPG;CODCOLIGADA;FKTITMMOV_TCPG
FK;CORPORE;dbo;TITMMOV;TABELA;CODCOLIGADA;1;;;;;;;;CORPORE;dbo;TITMCNTMEDICAO;CODCOLIGADA;FKTITMMOV_TITMCNTMEDICAO
FK;CORPORE;dbo;TITMMOV;TABELA;CODCOLIGADA;1;;;;;;;;CORPORE;dbo;TCNT;CODCOLIGADA;FKTITMMOV_TCNT
FK;CORPORE;dbo;TITMMOV;TABELA;CODCOLTBORCAMENTO;1;;;;;;;;CORPORE;dbo;TTBORCAMENTO;CODCOLIGADA;FKTITMMOV_TTBORCAMENTO
FK;CORPORE;dbo;TITMMOV;TABELA;CODMUNSERVICO;1;;;;;;;;CORPORE;dbo;GMUNICIPIO;CODMUNICIPIO;FKTITMMOV_GMUNICIPIO
FK;CORPORE;dbo;TITMMOV;TABELA;CODUND;1;;;;;;;;CORPORE;dbo;TUND;CODUND;FKTITMMOV_TUND
FK;CORPORE;dbo;TITMMOV;TABELA;IDCLASSIFENERGIACOMUNIC;1;;;;;;;;CORPORE;dbo;DVALORCAMPOS;IDVALORCAMPOS;FKTMOVFISCAL_DVALORCAMPOSCLAS
FK;CORPORE;dbo;TITMMOV;TABELA;IDNAT;1;;;;;;;;CORPORE;dbo;DCFOP;IDNAT;FKTITMMOV_DCFOP
FK;CORPORE;dbo;TITMMOV;TABELA;IDPRD;1;;;;;;;;CORPORE;dbo;TPRODUTO;IDPRD;FKTITMMOV_TPRD
FK;CORPORE;dbo;TITMMOV;TABELA;IDPRDCOMPOSTO;1;;;;;;;;CORPORE;dbo;TPRODUTO;IDPRD;FKTITMMOVKIT_TPRD
FK;CORPORE;dbo;TITMMOV;TABELA;IDPRDORIGEM;1;;;;;;;;CORPORE;dbo;TPRODUTO;IDPRD;FKTITMMOV_TPRODUTO
FK;CORPORE;dbo;TITMMOV;TABELA;CHAPA;2;;;;;;;;CORPORE;dbo;PFUNC;CHAPA;FKTTIMMOV_PFUNC
FK;CORPORE;dbo;TITMMOV;TABELA;CODCCUSTO;2;;;;;;;;CORPORE;dbo;GCCUSTO;CODCCUSTO;FKTITMMOV_GCCU
FK;CORPORE;dbo;TITMMOV;TABELA;CODCOLIGADA;2;;;;;;;;CORPORE;dbo;DVALORCAMPOS;CODCOLIGADA;FKTMOVFISCAL_DVALORCAMPOSCLAS
FK;CORPORE;dbo;TITMMOV;TABELA;CODCOLIGADA;2;;;;;;;;CORPORE;dbo;DCFOP;CODCOLIGADA;FKTITMMOV_DCFOP
FK;CORPORE;dbo;TITMMOV;TABELA;CODCPG;2;;;;;;;;CORPORE;dbo;TCPG;CODCPG;FKTITMMOV_TCPG
FK;CORPORE;dbo;TITMMOV;TABELA;CODETDMUNSERV;2;;;;;;;;CORPORE;dbo;GMUNICIPIO;CODETDMUNICIPIO;FKTITMMOV_GMUNICIPIO
FK;CORPORE;dbo;TITMMOV;TABELA;CODFILIAL;2;;;;;;;;CORPORE;dbo;TLOC;CODFILIAL;FKTITMMOV_TLOC
FK;CORPORE;dbo;TITMMOV;TABELA;CODFILIAL;2;;;;;;;;CORPORE;dbo;GFILIAL;CODFILIAL;FKTITMMOV_GFILIAL
FK;CORPORE;dbo;TITMMOV;TABELA;CODFILIAL;2;;;;;;;;CORPORE;dbo;GDEPTO;CODFILIAL;FKTITMMOV_GDEPTO
FK;CORPORE;dbo;TITMMOV;TABELA;CODLOCALBN;2;;;;;;;;CORPORE;dbo;ILOCAL;CODLOCAL;FKTITMMOV_ILOCAL
FK;CORPORE;dbo;TITMMOV;TABELA;CODMEN;2;;;;;;;;CORPORE;dbo;TMEN;CODMEN;FKTITMMOV_TMEN
FK;CORPORE;dbo;TITMMOV;TABELA;CODPUBLIC;2;;;;;;;;CORPORE;dbo;LPUBLIC;CODIGO;FKTITMMOV_LPUBLIC
FK;CORPORE;dbo;TITMMOV;TABELA;CODRPR;2;;;;;;;;CORPORE;dbo;TRPR;CODRPR;FKTITMMOV_TRPR
FK;CORPORE;dbo;TITMMOV;TABELA;CODTB1FAT;2;;;;;;;;CORPORE;dbo;TTB1;CODTB1FAT;FKTITMMOV_TTB1
FK;CORPORE;dbo;TITMMOV;TABELA;CODTB1FLX;2;;;;;;;;CORPORE;dbo;FTB1;CODTB1FLX;FKTITMMOV_FTB1
FK;CORPORE;dbo;TITMMOV;TABELA;CODTB2FAT;2;;;;;;;;CORPORE;dbo;TTB2;CODTB2FAT;FKTITMMOV_TTB2
FK;CORPORE;dbo;TITMMOV;TABELA;CODTB2FLX;2;;;;;;;;CORPORE;dbo;FTB2;CODTB2FLX;FKTITMMOV_FTB2
FK;CORPORE;dbo;TITMMOV;TABELA;CODTB3FAT;2;;;;;;;;CORPORE;dbo;TTB3;CODTB3FAT;FKTITMMOV_TTB3
FK;CORPORE;dbo;TITMMOV;TABELA;CODTB3FLX;2;;;;;;;;CORPORE;dbo;FTB3;CODTB3FLX;FKTITMMOV_FTB3
FK;CORPORE;dbo;TITMMOV;TABELA;CODTB4FAT;2;;;;;;;;CORPORE;dbo;TTB4;CODTB4FAT;FKTITMMOV_TTB4
FK;CORPORE;dbo;TITMMOV;TABELA;CODTB4FLX;2;;;;;;;;CORPORE;dbo;FTB4;CODTB4FLX;FKTITMMOV_FTB4
FK;CORPORE;dbo;TITMMOV;TABELA;CODTB5FAT;2;;;;;;;;CORPORE;dbo;TTB5;CODTB5FAT;FKTITMMOV_TTB5
FK;CORPORE;dbo;TITMMOV;TABELA;CODTB5FLX;2;;;;;;;;CORPORE;dbo;FTB5;CODTB5FLX;FKTITMMOV_FTB5
FK;CORPORE;dbo;TITMMOV;TABELA;CODTBGRUPOORC;2;;;;;;;;CORPORE;dbo;TTBGRUPOORCAMENTO;CODTBGRUPOORC;FKTITMMOV_TTBGRUPOORCAMENTO
FK;CORPORE;dbo;TITMMOV;TABELA;CODTBORCAMENTO;2;;;;;;;;CORPORE;dbo;TTBORCAMENTO;CODTBORCAMENTO;FKTITMMOV_TTBORCAMENTO
FK;CORPORE;dbo;TITMMOV;TABELA;CODTIP;2;;;;;;;;CORPORE;dbo;TTIP;CODTIP;FKTITMMOV_TTIP
FK;CORPORE;dbo;TITMMOV;TABELA;CODVEN1;2;;;;;;;;CORPORE;dbo;TVEN;CODVEN;FKTITMMOV_TVEN
FK;CORPORE;dbo;TITMMOV;TABELA;IDCNT;2;;;;;;;;CORPORE;dbo;TITMCNT;IDCNT;FKTITMMOV_TITMCNT
FK;CORPORE;dbo;TITMMOV;TABELA;IDCNT;2;;;;;;;;CORPORE;dbo;TITMCNTMEDICAO;IDCNT;FKTITMMOV_TITMCNTMEDICAO
FK;CORPORE;dbo;TITMMOV;TABELA;IDCNT;2;;;;;;;;CORPORE;dbo;TCNT;IDCNT;FKTITMMOV_TCNT
FK;CORPORE;dbo;TITMMOV;TABELA;IDGRD;2;;;;;;;;CORPORE;dbo;TGRADE;IDGRD;FKTITMMOV_TGRADE
FK;CORPORE;dbo;TITMMOV;TABELA;IDMOV;2;;;;;;;;CORPORE;dbo;TMOV;IDMOV;FKTITMMOV_TMOV
FK;CORPORE;dbo;TITMMOV;TABELA;IDOBJOFICINA;2;;;;;;;;CORPORE;dbo;OFOBJOFICINA;IDOBJOF;FKTITMMOV_OFOBJOFICINA
FK;CORPORE;dbo;TITMMOV;TABELA;IDPRD;2;;;;;;;;CORPORE;dbo;TPRODUTODEFMARCA;IDPRD;FKTITMMOV_TPRODUTODEFMARCA
FK;CORPORE;dbo;TITMMOV;TABELA;IDPRJ;2;;;;;;;;CORPORE;dbo;MTAREFA;IDPRJ;FKTITMMOV_MTRF
FK;CORPORE;dbo;TITMMOV;TABELA;IDPRJ;2;;;;;;;;CORPORE;dbo;MPRJ;IDPRJ;FKTITMMOV_MPRJ
FK;CORPORE;dbo;TITMMOV;TABELA;IDPRJ;2;;;;;;;;CORPORE;dbo;MCNT;IDPRJ;FKTITMMOV_MCNT
FK;CORPORE;dbo;TITMMOV;TABELA;IDREGRATRIBUTARIA;2;;;;;;;;CORPORE;dbo;DREGRATRIBUTARIA;IDREGRA;FKTITMMOV_DREGRATRIBUTARIA
FK;CORPORE;dbo;TITMMOV;TABELA;IDTABPRECO;2;;;;;;;;CORPORE;dbo;TTABPRECO;IDTABPRECO;FKTITMMOV_TTABPRECO
FK;CORPORE;dbo;TITMMOV;TABELA;TRIBUTACAOECF;2;;;;;;;;CORPORE;dbo;TTRIBUTACAOECF;TRIBUTACAOECF;FKTITMMOV_TTRIBUTACAOECF
FK;CORPORE;dbo;TITMMOV;TABELA;CODCOLMARCA;3;;;;;;;;CORPORE;dbo;TPRODUTODEFMARCA;CODCOLMARCA;FKTITMMOV_TPRODUTODEFMARCA
FK;CORPORE;dbo;TITMMOV;TABELA;CODDEPARTAMENTO;3;;;;;;;;CORPORE;dbo;GDEPTO;CODDEPARTAMENTO;FKTITMMOV_GDEPTO
FK;CORPORE;dbo;TITMMOV;TABELA;CODLOC;3;;;;;;;;CORPORE;dbo;TLOC;CODLOC;FKTITMMOV_TLOC
FK;CORPORE;dbo;TITMMOV;TABELA;IDCNTOP;3;;;;;;;;CORPORE;dbo;MCNT;IDCNT;FKTITMMOV_MCNT
FK;CORPORE;dbo;TITMMOV;TABELA;IDTRF;3;;;;;;;;CORPORE;dbo;MTAREFA;IDTRF;FKTITMMOV_MTRF
FK;CORPORE;dbo;TITMMOV;TABELA;NSEQITMCNT;3;;;;;;;;CORPORE;dbo;TITMCNT;NSEQITMCNT;FKTITMMOV_TITMCNT
FK;CORPORE;dbo;TITMMOV;TABELA;NSEQITMCNT;3;;;;;;;;CORPORE;dbo;TITMCNTMEDICAO;NSEQITMCNT;FKTITMMOV_TITMCNTMEDICAO
FK;CORPORE;dbo;TITMMOV;TABELA;IDMARCA;4;;;;;;;;CORPORE;dbo;TPRODUTODEFMARCA;IDMARCA;FKTITMMOV_TPRODUTODEFMARCA
FK;CORPORE;dbo;TITMMOV;TABELA;NSEQITMCNTMEDICAO;4;;;;;;;;CORPORE;dbo;TITMCNTMEDICAO;NSEQMEDICAO;FKTITMMOV_TITMCNTMEDICAO
FK;CORPORE;dbo;TITMMOVBEM;TABELA;CODCOLIGADA;1;;;;;;;;CORPORE;dbo;TITMMOV;CODCOLIGADA;FKTITMMOVBEM_TITMMOV
FK;CORPORE;dbo;TITMMOVBEM;TABELA;IDMOV;2;;;;;;;;CORPORE;dbo;TITMMOV;IDMOV;FKTITMMOVBEM_TITMMOV
FK;CORPORE;dbo;TITMMOVBEM;TABELA;NSEQITMMOV;3;;;;;;;;CORPORE;dbo;TITMMOV;NSEQITMMOV;FKTITMMOVBEM_TITMMOV
FK;CORPORE;dbo;TITMMOVCOMPL;TABELA;CODCOLIGADA;1;;;;;;;;CORPORE;dbo;TITMMOV;CODCOLIGADA;FKTITMMOVCOMPL_TMOV
FK;CORPORE;dbo;TITMMOVCOMPL;TABELA;IDMOV;2;;;;;;;;CORPORE;dbo;TITMMOV;IDMOV;FKTITMMOVCOMPL_TMOV
FK;CORPORE;dbo;TITMMOVCOMPL;TABELA;NSEQITMMOV;3;;;;;;;;CORPORE;dbo;TITMMOV;NSEQITMMOV;FKTITMMOVCOMPL_TMOV
FK;CORPORE;dbo;TITMMOVDISTR;TABELA;CODCOLIGADA;1;;;;;;;;CORPORE;dbo;TITMMOV;CODCOLIGADA;FKTITMMOV_TITMMOV
FK;CORPORE;dbo;TITMMOVDISTR;TABELA;IDMOV;2;;;;;;;;CORPORE;dbo;TITMMOV;IDMOV;FKTITMMOV_TITMMOV
FK;CORPORE;dbo;TITMMOVDISTR;TABELA;NSEQITMMOV;3;;;;;;;;CORPORE;dbo;TITMMOV;NSEQITMMOV;FKTITMMOV_TITMMOV
FK;CORPORE;dbo;TITMMOVENQUADRAMENTOS;TABELA;CODCOLIGADA;1;;;;;;;;CORPORE;dbo;TITMMOV;CODCOLIGADA;FKTITMMOVENQUADRAMENTOS_TITMMO
FK;CORPORE;dbo;TITMMOVENQUADRAMENTOS;TABELA;IDMOV;2;;;;;;;;CORPORE;dbo;TITMMOV;IDMOV;FKTITMMOVENQUADRAMENTOS_TITMMO
FK;CORPORE;dbo;TITMMOVENQUADRAMENTOS;TABELA;NSEQITMMOV;3;;;;;;;;CORPORE;dbo;TITMMOV;NSEQITMMOV;FKTITMMOVENQUADRAMENTOS_TITMMO
FK;CORPORE;dbo;TITMMOVFISCAL;TABELA;CODCOLCONTACONTABILSPED;1;;;;;;;;CORPORE;dbo;CCONTA;CODCOLIGADA;FKTITMMOVFISCAL_CCONTA
FK;CORPORE;dbo;TITMMOVFISCAL;TABELA;CODCOLFCFOTERCEIRO;1;;;;;;;;CORPORE;dbo;FCFO;CODCOLIGADA;FKTITMMOVFISCAL_FCFO
FK;CORPORE;dbo;TITMMOVFISCAL;TABELA;CODCOLIGADA;1;;;;;;;;CORPORE;dbo;TITMMOV;CODCOLIGADA;FKTITMMOVFISCAL_TITMMOV
FK;CORPORE;dbo;TITMMOVFISCAL;TABELA;CODCFOTERCEIRO;2;;;;;;;;CORPORE;dbo;FCFO;CODCFO;FKTITMMOVFISCAL_FCFO
FK;CORPORE;dbo;TITMMOVFISCAL;TABELA;CODCONTACONTABILSPED;2;;;;;;;;CORPORE;dbo;CCONTA;CODCONTA;FKTITMMOVFISCAL_CCONTA
FK;CORPORE;dbo;TITMMOVFISCAL;TABELA;IDMOV;2;;;;;;;;CORPORE;dbo;TITMMOV;IDMOV;FKTITMMOVFISCAL_TITMMOV
FK;CORPORE;dbo;TITMMOVFISCAL;TABELA;NSEQITMMOV;3;;;;;;;;CORPORE;dbo;TITMMOV;NSEQITMMOV;FKTITMMOVFISCAL_TITMMOV
FK;CORPORE;dbo;TITMMOVGRD;TABELA;CODCOLIGADA;1;;;;;;;;CORPORE;dbo;TITMMOV;CODCOLIGADA;FKTITMMOVGRD_TITMMOV
FK;CORPORE;dbo;TITMMOVGRD;TABELA;IDMOV;2;;;;;;;;CORPORE;dbo;TITMMOV;IDMOV;FKTITMMOVGRD_TITMMOV
FK;CORPORE;dbo;TITMMOVGRD;TABELA;NSEQITMMOV;3;;;;;;;;CORPORE;dbo;TITMMOV;NSEQITMMOV;FKTITMMOVGRD_TITMMOV
FK;CORPORE;dbo;TITMMOVHISTORICO;TABELA;CODCOLIGADA;1;;;;;;;;CORPORE;dbo;TITMMOV;CODCOLIGADA;FKTITMMOVHISTORICO_TITMMOV
FK;CORPORE;dbo;TITMMOVHISTORICO;TABELA;IDMOV;2;;;;;;;;CORPORE;dbo;TITMMOV;IDMOV;FKTITMMOVHISTORICO_TITMMOV
FK;CORPORE;dbo;TITMMOVHISTORICO;TABELA;NSEQITMMOV;3;;;;;;;;CORPORE;dbo;TITMMOV;NSEQITMMOV;FKTITMMOVHISTORICO_TITMMOV
FK;CORPORE;dbo;TITMMOVLOGFAT;TABELA;CODCOLIGADA;1;;;;;;;;CORPORE;dbo;TITMMOV;CODCOLIGADA;FKTITMMOVLOGFAT_TITMMOV
FK;CORPORE;dbo;TITMMOVLOGFAT;TABELA;IDMOV;2;;;;;;;;CORPORE;dbo;TITMMOV;IDMOV;FKTITMMOVLOGFAT_TITMMOV
FK;CORPORE;dbo;TITMMOVLOGFAT;TABELA;NSEQITMMOV;3;;;;;;;;CORPORE;dbo;TITMMOV;NSEQITMMOV;FKTITMMOVLOGFAT_TITMMOV
FK;CORPORE;dbo;TITMMOVPROCESSOJUD;TABELA;CODCOLIGADA;1;;;;;;;;CORPORE;dbo;TITMMOV;CODCOLIGADA;FKTITMMOVPROCESSOJUD_TITMMOV
FK;CORPORE;dbo;TITMMOVPROCESSOJUD;TABELA;IDMOV;2;;;;;;;;CORPORE;dbo;TITMMOV;IDMOV;FKTITMMOVPROCESSOJUD_TITMMOV
FK;CORPORE;dbo;TITMMOVPROCESSOJUD;TABELA;NSEQITMMOV;3;;;;;;;;CORPORE;dbo;TITMMOV;NSEQITMMOV;FKTITMMOVPROCESSOJUD_TITMMOV
FK;CORPORE;dbo;TITMMOVQUALIFIC;TABELA;CODCOLIGADA;1;;;;;;;;CORPORE;dbo;TITMMOV;CODCOLIGADA;FKTITMMOVQUALIFIC_TITMMOV
FK;CORPORE;dbo;TITMMOVQUALIFIC;TABELA;IDMOV;2;;;;;;;;CORPORE;dbo;TITMMOV;IDMOV;FKTITMMOVQUALIFIC_TITMMOV
FK;CORPORE;dbo;TITMMOVQUALIFIC;TABELA;NSEQITMMOV;3;;;;;;;;CORPORE;dbo;TITMMOV;NSEQITMMOV;FKTITMMOVQUALIFIC_TITMMOV
FK;CORPORE;dbo;TITMMOVRATCCU;TABELA;CODCOLIGADA;1;;;;;;;;CORPORE;dbo;TITMMOV;CODCOLIGADA;FKTITMMOVRATCCU_TITMMOV
FK;CORPORE;dbo;TITMMOVRATCCU;TABELA;CODCOLIGADA;1;;;;;;;;CORPORE;dbo;GCCUSTO;CODCOLIGADA;FKTITMMOVRATCCU_GCCUSTO
FK;CORPORE;dbo;TITMMOVRATCCU;TABELA;CODCCUSTO;2;;;;;;;;CORPORE;dbo;GCCUSTO;CODCCUSTO;FKTITMMOVRATCCU_GCCUSTO
FK;CORPORE;dbo;TITMMOVRATCCU;TABELA;IDMOV;2;;;;;;;;CORPORE;dbo;TITMMOV;IDMOV;FKTITMMOVRATCCU_TITMMOV
FK;CORPORE;dbo;TITMMOVRATCCU;TABELA;NSEQITMMOV;3;;;;;;;;CORPORE;dbo;TITMMOV;NSEQITMMOV;FKTITMMOVRATCCU_TITMMOV
FK;CORPORE;dbo;TITMMOVRATCCULOGFAT;TABELA;CODCOLIGADA;1;;;;;;;;CORPORE;dbo;GCCUSTO;CODCOLIGADA;FKTITMMOVRATCCULOGFAT_GCCUSTO
FK;CORPORE;dbo;TITMMOVRATCCULOGFAT;TABELA;CODCCUSTO;2;;;;;;;;CORPORE;dbo;GCCUSTO;CODCCUSTO;FKTITMMOVRATCCULOGFAT_GCCUSTO
FK;CORPORE;dbo;TITMMOVRATDEP;TABELA;CODCOLIGADA;1;;;;;;;;CORPORE;dbo;TITMMOV;CODCOLIGADA;FKTITMMOVRATDEP_TITMMOV
FK;CORPORE;dbo;TITMMOVRATDEP;TABELA;IDMOV;2;;;;;;;;CORPORE;dbo;TITMMOV;IDMOV;FKTITMMOVRATDEP_TITMMOV
FK;CORPORE;dbo;TITMMOVRATDEP;TABELA;NSEQITMMOV;3;;;;;;;;CORPORE;dbo;TITMMOV;NSEQITMMOV;FKTITMMOVRATDEP_TITMMOV
FK;CORPORE;dbo;TITMMOVRELAC;TABELA;CODCOLDESTINO;1;;;;;;;;CORPORE;dbo;TITMMOV;CODCOLIGADA;FKTITMMOVRELAC_TITMMOVDESTINO
FK;CORPORE;dbo;TITMMOVRELAC;TABELA;CODCOLORIGEM;1;;;;;;;;CORPORE;dbo;TITMMOV;CODCOLIGADA;FKTITMMOVRELAC_TITMMOVORIGEM
FK;CORPORE;dbo;TITMMOVRELAC;TABELA;IDMOVDESTINO;2;;;;;;;;CORPORE;dbo;TITMMOV;IDMOV;FKTITMMOVRELAC_TITMMOVDESTINO
FK;CORPORE;dbo;TITMMOVRELAC;TABELA;IDMOVORIGEM;2;;;;;;;;CORPORE;dbo;TITMMOV;IDMOV;FKTITMMOVRELAC_TITMMOVORIGEM
FK;CORPORE;dbo;TITMMOVRELAC;TABELA;NSEQITMMOVDESTINO;3;;;;;;;;CORPORE;dbo;TITMMOV;NSEQITMMOV;FKTITMMOVRELAC_TITMMOVDESTINO
FK;CORPORE;dbo;TITMMOVRELAC;TABELA;NSEQITMMOVORIGEM;3;;;;;;;;CORPORE;dbo;TITMMOV;NSEQITMMOV;FKTITMMOVRELAC_TITMMOVORIGEM
FK;CORPORE;dbo;TITMMOVWFLUIG;TABELA;CODCOLIGADA;1;;;;;;;;CORPORE;dbo;TITMMOV;CODCOLIGADA;FKTITMMOVWFLUIG_TITMMOV
FK;CORPORE;dbo;TITMMOVWFLUIG;TABELA;IDMOV;2;;;;;;;;CORPORE;dbo;TITMMOV;IDMOV;FKTITMMOVWFLUIG_TITMMOV
FK;CORPORE;dbo;TITMMOVWFLUIG;TABELA;NSEQITMMOV;3;;;;;;;;CORPORE;dbo;TITMMOV;NSEQITMMOV;FKTITMMOVWFLUIG_TITMMOV
FK;CORPORE;dbo;TITMNUMSERIEPRD;TABELA;CODCOLIGADA;1;;;;;;;;CORPORE;dbo;TITMMOV;CODCOLIGADA;FKTITMNUMSERIEPRD_TITMMOV
FK;CORPORE;dbo;TITMNUMSERIEPRD;TABELA;IDMOV;2;;;;;;;;CORPORE;dbo;TITMMOV;IDMOV;FKTITMNUMSERIEPRD_TITMMOV
FK;CORPORE;dbo;TITMNUMSERIEPRD;TABELA;NSEQITMMOV;3;;;;;;;;CORPORE;dbo;TITMMOV;NSEQITMMOV;FKTITMNUMSERIEPRD_TITMMOV
FK;CORPORE;dbo;TITMORCAMENTO;TABELA;CODCOLIGADA;1;;;;;;;;CORPORE;dbo;TORCAMENTO;CODCOLIGADA;FKTITMORCAMENTO_TORCAMENTO
FK;CORPORE;dbo;TITMORCAMENTO;TABELA;CODCOLIGADA;1;;;;;;;;CORPORE;dbo;TITMPERIODOORCAMENTO;CODCOLIGADA;FKTITMORC_TITMPERIODOORCAMENTO
FK;CORPORE;dbo;TITMORCAMENTO;TABELA;IDORCAMENTO;2;;;;;;;;CORPORE;dbo;TORCAMENTO;IDORCAMENTO;FKTITMORCAMENTO_TORCAMENTO
FK;CORPORE;dbo;TITMORCAMENTO;TABELA;IDPERIODO;2;;;;;;;;CORPORE;dbo;TITMPERIODOORCAMENTO;IDPERIODO;FKTITMORC_TITMPERIODOORCAMENTO
FK;CORPORE;dbo;TITMORCAMENTO;TABELA;IDITMPERIODO;3;;;;;;;;CORPORE;dbo;TITMPERIODOORCAMENTO;IDITMPERIODO;FKTITMORC_TITMPERIODOORCAMENTO
FK;CORPORE;dbo;TITMPERIODOORCAMENTO;TABELA;CODCOLIGADA;1;;;;;;;;CORPORE;dbo;TPERIODOORCAMENTO;CODCOLIGADA;FKTITMPERORC_TPERIODOORCAMENTO
FK;CORPORE;dbo;TITMPERIODOORCAMENTO;TABELA;IDPERIODO;2;;;;;;;;CORPORE;dbo;TPERIODOORCAMENTO;IDPERIODO;FKTITMPERORC_TPERIODOORCAMENTO
FK;CORPORE;dbo;TITMTMV;TABELA;CODCOLCFOCT;1;;;;;;;;CORPORE;dbo;FCFO;CODCOLIGADA;FKTITMTMV_FCFO
FK;CORPORE;dbo;TITMTMV;TABELA;CODCOLIGADA;1;;;;;;;;CORPORE;dbo;GCCUSTO;CODCOLIGADA;FKTITMTMV_GCCU
FK;CORPORE;dbo;TITMTMV;TABELA;CODCOLIGADA;1;;;;;;;;CORPORE;dbo;CLOTE;CODCOLIGADA;FKTITMTMV_CLOTE
FK;CORPORE;dbo;TITMTMV;TABELA;CODCOLIGADA;1;;;;;;;;CORPORE;dbo;CLOTE;CODCOLIGADA;FKTITMTMV_CLOTEESTORNO
FK;CORPORE;dbo;TITMTMV;TABELA;CODCCUSTO;2;;;;;;;;CORPORE;dbo;GCCUSTO;CODCCUSTO;FKTITMTMV_GCCU
FK;CORPORE;dbo;TITMTMV;TABELA;CODCFOCT;2;;;;;;;;CORPORE;dbo;FCFO;CODCFO;FKTITMTMV_FCFO
FK;CORPORE;dbo;TITMTMV;TABELA;CODLOTEESTORNO;2;;;;;;;;CORPORE;dbo;CLOTE;CODLOTE;FKTITMTMV_CLOTEESTORNO
FK;CORPORE;dbo;TITMTMV;TABELA;CODLOTESALDUS;2;;;;;;;;CORPORE;dbo;CLOTE;CODLOTE;FKTITMTMV_CLOTE
FK;CORPORE;dbo;TITMVINCEXPORTACAO;TABELA;CODCOLORIGEM;1;;;;;;;;CORPORE;dbo;TITMMOV;CODCOLIGADA;FKTITMVINCEXPORTACAO_TITMMOV
FK;CORPORE;dbo;TITMVINCEXPORTACAO;TABELA;IDMOVORIGEM;2;;;;;;;;CORPORE;dbo;TITMMOV;IDMOV;FKTITMVINCEXPORTACAO_TITMMOV
FK;CORPORE;dbo;TITMVINCEXPORTACAO;TABELA;NSEQITMMOVORIGEM;3;;;;;;;;CORPORE;dbo;TITMMOV;NSEQITMMOV;FKTITMVINCEXPORTACAO_TITMMOV
FK;CORPORE;dbo;TLOCCONT;TABELA;CODCOLCONTA;1;;;;;;;;CORPORE;dbo;CCONTA;CODCOLIGADA;FKTLOCCONT_CCONTA
FK;CORPORE;dbo;TLOCCONT;TABELA;CODCOLIGADA;1;;;;;;;;CORPORE;dbo;GCCUSTO;CODCOLIGADA;FKTLOCCONT_GCCUSTO
FK;CORPORE;dbo;TLOCCONT;TABELA;CODCCUSTO;2;;;;;;;;CORPORE;dbo;GCCUSTO;CODCCUSTO;FKTLOCCONT_GCCUSTO
FK;CORPORE;dbo;TLOCCONT;TABELA;CODCONTA;2;;;;;;;;CORPORE;dbo;CCONTA;CODCONTA;FKTLOCCONT_CCONTA
FK;CORPORE;dbo;TLOCRAT;TABELA;CODCOLCONTAGER;1;;;;;;;;CORPORE;dbo;CGERENCIA;CODCOLIGADA;FKTLOCRAT_CGERENCIA
FK;CORPORE;dbo;TLOCRAT;TABELA;CODCONTAGER;2;;;;;;;;CORPORE;dbo;CGERENCIA;CODCONTA;FKTLOCRAT_CGERENCIA
FK;CORPORE;dbo;TLOGCOMPIMPOSTOCOLAB;TABELA;CODCOLIGADA;1;;;;;;;;CORPORE;dbo;TITMMOV;CODCOLIGADA;FKTLOGCOMPIMPOSTOCOLAB_TITMMOV
FK;CORPORE;dbo;TLOGCOMPIMPOSTOCOLAB;TABELA;IDMOV;2;;;;;;;;CORPORE;dbo;TITMMOV;IDMOV;FKTLOGCOMPIMPOSTOCOLAB_TITMMOV
FK;CORPORE;dbo;TLOGCOMPIMPOSTOCOLAB;TABELA;NSEQITMMOV;3;;;;;;;;CORPORE;dbo;TITMMOV;NSEQITMMOV;FKTLOGCOMPIMPOSTOCOLAB_TITMMOV
FK;CORPORE;dbo;TLOT;TABELA;CODCOLCFODEST;1;;;;;;;;CORPORE;dbo;FCFO;CODCOLIGADA;FKTLOT_FCFODEST
FK;CORPORE;dbo;TLOT;TABELA;CODCOLIGADA;1;;;;;;;;CORPORE;dbo;GCCUSTO;CODCOLIGADA;FKTLOT_GCCU
FK;CORPORE;dbo;TLOT;TABELA;CODUSUARIO;1;;;;;;;;CORPORE;dbo;GUSUARIO;CODUSUARIO;FKTLOT_GUSR
FK;CORPORE;dbo;TLOT;TABELA;CODCCUSTO;2;;;;;;;;CORPORE;dbo;GCCUSTO;CODCCUSTO;FKTLOT_GCCU
FK;CORPORE;dbo;TLOT;TABELA;CODCFODEST;2;;;;;;;;CORPORE;dbo;FCFO;CODCFO;FKTLOT_FCFODEST
FK;CORPORE;dbo;TLOTEEXPCONTABIL;TABELA;CODCOLIGADA;1;;;;;;;;CORPORE;dbo;CLOTE;CODCOLIGADA;FKTLOTEEXPCONTABIL_CLOTE
FK;CORPORE;dbo;TLOTEEXPCONTABIL;TABELA;CODUSUARIO;1;;;;;;;;CORPORE;dbo;GUSUARIO;CODUSUARIO;FKTLOTEEXPCONTABIL_GUSUARIO
FK;CORPORE;dbo;TLOTEEXPCONTABIL;TABELA;CODLOTESALDUS;2;;;;;;;;CORPORE;dbo;CLOTE;CODLOTE;FKTLOTEEXPCONTABIL_CLOTE
FK;CORPORE;dbo;TLOTEPRD;TABELA;CODCOLCFO;1;;;;;;;;CORPORE;dbo;FCFO;CODCOLIGADA;FKTLOTEPRD_FCFO
FK;CORPORE;dbo;TLOTEPRD;TABELA;CODCFO;2;;;;;;;;CORPORE;dbo;FCFO;CODCFO;FKTLOTEPRD_FCFO
FK;CORPORE;dbo;TLOTEPROCESSO;TABELA;CODCOLCFO;1;;;;;;;;CORPORE;dbo;FCFO;CODCOLIGADA;FKTLOTPROC_FCFO
FK;CORPORE;dbo;TLOTEPROCESSO;TABELA;CODCFO;2;;;;;;;;CORPORE;dbo;FCFO;CODCFO;FKTLOTPROC_FCFO
FK;CORPORE;dbo;TLOTETERCEIROS;TABELA;CODCOLCFO;1;;;;;;;;CORPORE;dbo;FCFO;CODCOLIGADA;FKTLOTETERCEIROS_FCFO
FK;CORPORE;dbo;TLOTETERCEIROS;TABELA;CODCFO;2;;;;;;;;CORPORE;dbo;FCFO;CODCFO;FKTLOTETERCEIROS_FCFO
FK;CORPORE;dbo;TMDE;TABELA;CODCOLCFO;1;;;;;;;;CORPORE;dbo;FCFO;CODCOLIGADA;FKTMDE_FCFO
FK;CORPORE;dbo;TMDE;TABELA;CODCFO;2;;;;;;;;CORPORE;dbo;FCFO;CODCFO;FKTMDE_FCFO
FK;CORPORE;dbo;TMOTIVOCONCLPED;TABELA;CODCOLIGADA;1;;;;;;;;CORPORE;dbo;TMOV;CODCOLIGADA;FKTMOTIVOCONCLPED_TMOV
FK;CORPORE;dbo;TMOTIVOCONCLPED;TABELA;IDMOV;2;;;;;;;;CORPORE;dbo;TMOV;IDMOV;FKTMOTIVOCONCLPED_TMOV
FK;CORPORE;dbo;TMOV;TABELA;CODCOLCFO;1;;;;;;;;CORPORE;dbo;FCFOCONTATO;CODCOLIGADA;FKTMOV_FCFOCONTATOENTREGA
FK;CORPORE;dbo;TMOV;TABELA;CODCOLCFO;1;;;;;;;;CORPORE;dbo;FCFOCONTATO;CODCOLIGADA;FKTMOV_FCFOCONTATOCOBRANCA
FK;CORPORE;dbo;TMOV;TABELA;CODCOLCFO;1;;;;;;;;CORPORE;dbo;FCFOHISTORICO;CODCOLIGADA;FKTMOV_FCFOHISTORICO
FK;CORPORE;dbo;TMOV;TABELA;CODCOLCFO;1;;;;;;;;CORPORE;dbo;FCFOCEI;CODCOLIGADA;FKTMOV_FCFOCEI
FK;CORPORE;dbo;TMOV;TABELA;CODCOLCFO;1;;;;;;;;CORPORE;dbo;FCFO;CODCOLIGADA;FKTMOV_FCFO
FK;CORPORE;dbo;TMOV;TABELA;CODCOLCFONATUREZA;1;;;;;;;;CORPORE;dbo;FCFO;CODCOLIGADA;FKTMOV_FCFONATUREZA
FK;CORPORE;dbo;TMOV;TABELA;CODCOLCFOORIGEM;1;;;;;;;;CORPORE;dbo;FCFO;CODCOLIGADA;FKTMOV_FCFOORIGEM
FK;CORPORE;dbo;TMOV;TABELA;CODCOLCFOTRANSFAT;1;;;;;;;;CORPORE;dbo;FCFO;CODCOLIGADA;FKTMOV_FCFOTRANSF
FK;CORPORE;dbo;TMOV;TABELA;CODCOLCXA;1;;;;;;;;CORPORE;dbo;FCXA;CODCOLIGADA;FKTMOV_FCXA
FK;CORPORE;dbo;TMOV;TABELA;CODCOLIGADA;1;;;;;;;;CORPORE;dbo;TPONTOVENDA;CODCOLIGADA;FKTMOV_TPONTOVENDA
FK;CORPORE;dbo;TMOV;TABELA;CODCOLIGADA;1;;;;;;;;CORPORE;dbo;TTRA;CODCOLIGADA;FKTMOV_TTRA
FK;CORPORE;dbo;TMOV;TABELA;CODCOLIGADA;1;;;;;;;;CORPORE;dbo;TTRA;CODCOLIGADA;FKTMOV_TTRA2
FK;CORPORE;dbo;TMOV;TABELA;CODCOLIGADA;1;;;;;;;;CORPORE;dbo;GFILIAL;CODCOLIGADA;FKTMOVSCP_GFILIAL
FK;CORPORE;dbo;TMOV;TABELA;CODCOLIGADA;1;;;;;;;;CORPORE;dbo;TVEN;CODCOLIGADA;FKTMOV_TVEN2
FK;CORPORE;dbo;TMOV;TABELA;CODCOLIGADA;1;;;;;;;;CORPORE;dbo;TVEN;CODCOLIGADA;FKTMOV_TVEN1
FK;CORPORE;dbo;TMOV;TABELA;CODCOLIGADA;1;;;;;;;;CORPORE;dbo;MPRJ;CODCOLIGADA;FKTMOV_MPRJ
FK;CORPORE;dbo;TMOV;TABELA;CODCOLIGADA;1;;;;;;;;CORPORE;dbo;TVEN;CODCOLIGADA;FKTMOV_TVEN4
FK;CORPORE;dbo;TMOV;TABELA;CODCOLIGADA;1;;;;;;;;CORPORE;dbo;TVEN;CODCOLIGADA;FKTMOV_TVEN3
FK;CORPORE;dbo;TMOV;TABELA;CODCOLIGADA;1;;;;;;;;CORPORE;dbo;TTB3;CODCOLIGADA;FKTMOV_TTB3
FK;CORPORE;dbo;TMOV;TABELA;CODCOLIGADA;1;;;;;;;;CORPORE;dbo;TTB2;CODCOLIGADA;FKTMOV_TTB2
FK;CORPORE;dbo;TMOV;TABELA;CODCOLIGADA;1;;;;;;;;CORPORE;dbo;TTB1;CODCOLIGADA;FKTMOV_TTB1
FK;CORPORE;dbo;TMOV;TABELA;CODCOLIGADA;1;;;;;;;;CORPORE;dbo;TTMV;CODCOLIGADA;FKTMOV_TTMV
FK;CORPORE;dbo;TMOV;TABELA;CODCOLIGADA;1;;;;;;;;CORPORE;dbo;TTB5;CODCOLIGADA;FKTMOV_TTB5
FK;CORPORE;dbo;TMOV;TABELA;CODCOLIGADA;1;;;;;;;;CORPORE;dbo;TTB4;CODCOLIGADA;FKTMOV_TTB4
FK;CORPORE;dbo;TMOV;TABELA;CODCOLIGADA;1;;;;;;;;CORPORE;dbo;GDEPTO;CODCOLIGADA;FKTMOV_GDEPTO
FK;CORPORE;dbo;TMOV;TABELA;CODCOLIGADA;1;;;;;;;;CORPORE;dbo;TMEN;CODCOLIGADA;FKTMOV_TMENDESPESA
FK;CORPORE;dbo;TMOV;TABELA;CODCOLIGADA;1;;;;;;;;CORPORE;dbo;TMEN;CODCOLIGADA;FKTMOV_TMENFRETE
FK;CORPORE;dbo;TMOV;TABELA;CODCOLIGADA;1;;;;;;;;CORPORE;dbo;TMOV;CODCOLIGADA;FKTMOV_TMOVRELAC
FK;CORPORE;dbo;TMOV;TABELA;CODCOLIGADA;1;;;;;;;;CORPORE;dbo;OFOBJOFICINA;CODCOLIGADA;FKTMOV_OFOBJOFICINA
FK;CORPORE;dbo;TMOV;TABELA;CODCOLIGADA;1;;;;;;;;CORPORE;dbo;TMOV;CODCOLIGADA;FKTMOV_TMOVPEDDESDOBRADO
FK;CORPORE;dbo;TMOV;TABELA;CODCOLIGADA;1;;;;;;;;CORPORE;dbo;TMOV;CODCOLIGADA;FKTMOV_TMOVFLUXUS
FK;CORPORE;dbo;TMOV;TABELA;CODCOLIGADA;1;;;;;;;;CORPORE;dbo;TLOT;CODCOLIGADA;FKTMOV_TLOT
FK;CORPORE;dbo;TMOV;TABELA;CODCOLIGADA;1;;;;;;;;CORPORE;dbo;CPDIARIOPTG;CODCOLIGADA;FKTMOV_CPDIARIOPTG
FK;CORPORE;dbo;TMOV;TABELA;CODCOLIGADA;1;;;;;;;;CORPORE;dbo;TLOTEPROCESSO;CODCOLIGADA;FKTMOV_TLOTPROC
FK;CORPORE;dbo;TMOV;TABELA;CODCOLIGADA;1;;;;;;;;CORPORE;dbo;FTDO;CODCOLIGADA;FKTMOV_FTDO
FK;CORPORE;dbo;TMOV;TABELA;CODCOLIGADA;1;;;;;;;;CORPORE;dbo;TLOTEPROCESSO;CODCOLIGADA;FKTMOV_TLOTPROCREF
FK;CORPORE;dbo;TMOV;TABELA;CODCOLIGADA;1;;;;;;;;CORPORE;dbo;TMEN;CODCOLIGADA;FKTMOV_TMENDESCONTO
FK;CORPORE;dbo;TMOV;TABELA;CODCOLIGADA;1;;;;;;;;CORPORE;dbo;TMEN;CODCOLIGADA;FKTMOV_TMEN2
FK;CORPORE;dbo;TMOV;TABELA;CODCOLIGADA;1;;;;;;;;CORPORE;dbo;TREDUCAOZ;CODCOLIGADA;FKTMOV_TFREDUCAOZ
FK;CORPORE;dbo;TMOV;TABELA;CODCOLIGADA;1;;;;;;;;CORPORE;dbo;TMEN;CODCOLIGADA;FKTMOV_TMEN
FK;CORPORE;dbo;TMOV;TABELA;CODCOLIGADA;1;;;;;;;;CORPORE;dbo;GFILIAL;CODCOLIGADA;FKTMOV_GFILDEST
FK;CORPORE;dbo;TMOV;TABELA;CODCOLIGADA;1;;;;;;;;CORPORE;dbo;DAIDF;CODCOLIGADA;FKTMOV_DAIDF
FK;CORPORE;dbo;TMOV;TABELA;CODCOLIGADA;1;;;;;;;;CORPORE;dbo;TLOC;CODCOLIGADA;FKTMOV_TLOCDEST
FK;CORPORE;dbo;TMOV;TABELA;CODCOLIGADA;1;;;;;;;;CORPORE;dbo;TLOC;CODCOLIGADA;FKTMOV_TLOCENTR
FK;CORPORE;dbo;TMOV;TABELA;CODCOLIGADA;1;;;;;;;;CORPORE;dbo;TCTRCMOV;CODCOLIGADA;FKTMOV_TCTRCMOV
FK;CORPORE;dbo;TMOV;TABELA;CODCOLIGADA;1;;;;;;;;CORPORE;dbo;TLOC;CODCOLIGADA;FKTMOV_TLOC
FK;CORPORE;dbo;TMOV;TABELA;CODCOLIGADA;1;;;;;;;;CORPORE;dbo;TEVENTOSCONT;CODCOLIGADA;FKTMOV_TEVC
FK;CORPORE;dbo;TMOV;TABELA;CODCOLIGADA;1;;;;;;;;CORPORE;dbo;TCPG;CODCOLIGADA;FKTMOV_TCPG
FK;CORPORE;dbo;TMOV;TABELA;CODCOLIGADA;1;;;;;;;;CORPORE;dbo;FTB1;CODCOLIGADA;FKTMOV_FTB1
FK;CORPORE;dbo;TMOV;TABELA;CODCOLIGADA;1;;;;;;;;CORPORE;dbo;FTB2;CODCOLIGADA;FKTMOV_FTB2
FK;CORPORE;dbo;TMOV;TABELA;CODCOLIGADA;1;;;;;;;;CORPORE;dbo;TRPR;CODCOLIGADA;FKTMOV_TRPR
FK;CORPORE;dbo;TMOV;TABELA;CODCOLIGADA;1;;;;;;;;CORPORE;dbo;FTB5;CODCOLIGADA;FKTMOV_FTB5
FK;CORPORE;dbo;TMOV;TABELA;CODCOLIGADA;1;;;;;;;;CORPORE;dbo;TSALDO;CODCOLIGADA;FKTMOV_TSALDO
FK;CORPORE;dbo;TMOV;TABELA;CODCOLIGADA;1;;;;;;;;CORPORE;dbo;FTB3;CODCOLIGADA;FKTMOV_FTB3
FK;CORPORE;dbo;TMOV;TABELA;CODCOLIGADA;1;;;;;;;;CORPORE;dbo;FTB4;CODCOLIGADA;FKTMOV_FTB4
FK;CORPORE;dbo;TMOV;TABELA;CODCOLIGADA;1;;;;;;;;CORPORE;dbo;GCCUSTO;CODCOLIGADA;FKTMOV_GCCUDEST
FK;CORPORE;dbo;TMOV;TABELA;CODCOLIGADA;1;;;;;;;;CORPORE;dbo;GCCUSTO;CODCOLIGADA;FKTMOV_GCCU
FK;CORPORE;dbo;TMOV;TABELA;CODCOLIGADA;1;;;;;;;;CORPORE;dbo;GDEPTO;CODCOLIGADA;FKTMOV_GDEP
FK;CORPORE;dbo;TMOV;TABELA;CODCOLIGADA;1;;;;;;;;CORPORE;dbo;PFUNC;CODCOLIGADA;FKTMOV_PFUNC
FK;CORPORE;dbo;TMOV;TABELA;CODCOLIGADA;1;;;;;;;;CORPORE;dbo;GFILIAL;CODCOLIGADA;FKTMOV_GFIL
FK;CORPORE;dbo;TMOV;TABELA;CODCOLINTERMEDIADOR;1;;;;;;;;CORPORE;dbo;TINTERMEDIADOR;CODCOLIGADA;FKTMOV_TINTERMEDIADOR
FK;CORPORE;dbo;TMOV;TABELA;CODENTREGA;1;;;;;;;;CORPORE;dbo;TTIPOENTREGA;CODENTREGA;FKTMOV_TTIPOENTREGA
FK;CORPORE;dbo;TMOV;TABELA;CODETDPLACA;1;;;;;;;;CORPORE;dbo;GETD;CODETD;FKTMOV_GETDPLACA
FK;CORPORE;dbo;TMOV;TABELA;CODIGOIRRF;1;;;;;;;;CORPORE;dbo;FIRRF;CODRECEITA;FKTMOV_FIRRF
FK;CORPORE;dbo;TMOV;TABELA;CODMOEVALORLIQUIDO;1;;;;;;;;CORPORE;dbo;GMOEDA;SIMBOLO;FKTMOV_GMOE
FK;CORPORE;dbo;TMOV;TABELA;CODMUNSERVICO;1;;;;;;;;CORPORE;dbo;GMUNICIPIO;CODMUNICIPIO;FKTMOV_GMUNICIPIO
FK;CORPORE;dbo;TMOV;TABELA;IDNAT;1;;;;;;;;CORPORE;dbo;DCFOP;IDNAT;FKTMOV_DCFOP
FK;CORPORE;dbo;TMOV;TABELA;IDNAT2;1;;;;;;;;CORPORE;dbo;DCFOP;IDNAT;FKTMOV_DCFOP2
FK;CORPORE;dbo;TMOV;TABELA;IDNATFRETE;1;;;;;;;;CORPORE;dbo;DCFOP;IDNAT;FKTMOV_DCFOP3
FK;CORPORE;dbo;TMOV;TABELA;IDNATRENDIMENTO;1;;;;;;;;CORPORE;dbo;DNATUREZARENDIMENTO;IDNATRENDIMENTO;FKTMOV_DNATUREZARENDIMENTO
FK;CORPORE;dbo;TMOV;TABELA;CHAPARESP;2;;;;;;;;CORPORE;dbo;PFUNC;CHAPA;FKTMOV_PFUNC
FK;CORPORE;dbo;TMOV;TABELA;CODCCUSTO;2;;;;;;;;CORPORE;dbo;GCCUSTO;CODCCUSTO;FKTMOV_GCCU
FK;CORPORE;dbo;TMOV;TABELA;CODCCUSTODESTINO;2;;;;;;;;CORPORE;dbo;GCCUSTO;CODCCUSTO;FKTMOV_GCCUDEST
FK;CORPORE;dbo;TMOV;TABELA;CODCFO;2;;;;;;;;CORPORE;dbo;FCFOCONTATO;CODCFO;FKTMOV_FCFOCONTATOENTREGA
FK;CORPORE;dbo;TMOV;TABELA;CODCFO;2;;;;;;;;CORPORE;dbo;FCFOCONTATO;CODCFO;FKTMOV_FCFOCONTATOCOBRANCA
FK;CORPORE;dbo;TMOV;TABELA;CODCFO;2;;;;;;;;CORPORE;dbo;FCFOCEI;CODCFO;FKTMOV_FCFOCEI
FK;CORPORE;dbo;TMOV;TABELA;CODCFO;2;;;;;;;;CORPORE;dbo;FCFO;CODCFO;FKTMOV_FCFO
FK;CORPORE;dbo;TMOV;TABELA;CODCFONATUREZA;2;;;;;;;;CORPORE;dbo;FCFO;CODCFO;FKTMOV_FCFONATUREZA
FK;CORPORE;dbo;TMOV;TABELA;CODCFOORIGEM;2;;;;;;;;CORPORE;dbo;FCFO;CODCFO;FKTMOV_FCFOORIGEM
FK;CORPORE;dbo;TMOV;TABELA;CODCFOTRANSFAT;2;;;;;;;;CORPORE;dbo;FCFO;CODCFO;FKTMOV_FCFOTRANSF
FK;CORPORE;dbo;TMOV;TABELA;CODCOLIGADA;2;;;;;;;;CORPORE;dbo;DCFOP;CODCOLIGADA;FKTMOV_DCFOP3
FK;CORPORE;dbo;TMOV;TABELA;CODCOLIGADA;2;;;;;;;;CORPORE;dbo;DCFOP;CODCOLIGADA;FKTMOV_DCFOP2
FK;CORPORE;dbo;TMOV;TABELA;CODCOLIGADA;2;;;;;;;;CORPORE;dbo;DCFOP;CODCOLIGADA;FKTMOV_DCFOP
FK;CORPORE;dbo;TMOV;TABELA;CODCOLIGADA;2;;;;;;;;CORPORE;dbo;TTIPOENTREGA;CODCOLIGADA;FKTMOV_TTIPOENTREGA
FK;CORPORE;dbo;TMOV;TABELA;CODCPG;2;;;;;;;;CORPORE;dbo;TCPG;CODCPG;FKTMOV_TCPG
FK;CORPORE;dbo;TMOV;TABELA;CODCXA;2;;;;;;;;CORPORE;dbo;FCXA;CODCXA;FKTMOV_FCXA
FK;CORPORE;dbo;TMOV;TABELA;CODDIARIO;2;;;;;;;;CORPORE;dbo;CPDIARIOPTG;CODDIARIO;FKTMOV_CPDIARIOPTG
FK;CORPORE;dbo;TMOV;TABELA;CODETDMUNSERV;2;;;;;;;;CORPORE;dbo;GMUNICIPIO;CODETDMUNICIPIO;FKTMOV_GMUNICIPIO
FK;CORPORE;dbo;TMOV;TABELA;CODEVENTO;2;;;;;;;;CORPORE;dbo;TEVENTOSCONT;CODEVENTO;FKTMOV_TEVC
FK;CORPORE;dbo;TMOV;TABELA;CODFILIAL;2;;;;;;;;CORPORE;dbo;TLOC;CODFILIAL;FKTMOV_TLOC
FK;CORPORE;dbo;TMOV;TABELA;CODFILIAL;2;;;;;;;;CORPORE;dbo;GDEPTO;CODFILIAL;FKTMOV_GDEP
FK;CORPORE;dbo;TMOV;TABELA;CODFILIAL;2;;;;;;;;CORPORE;dbo;GFILIAL;CODFILIAL;FKTMOV_GFIL
FK;CORPORE;dbo;TMOV;TABELA;CODFILIALDESTINO;2;;;;;;;;CORPORE;dbo;TLOC;CODFILIAL;FKTMOV_TLOCDEST
FK;CORPORE;dbo;TMOV;TABELA;CODFILIALDESTINO;2;;;;;;;;CORPORE;dbo;GFILIAL;CODFILIAL;FKTMOV_GFILDEST
FK;CORPORE;dbo;TMOV;TABELA;CODFILIALDESTINO;2;;;;;;;;CORPORE;dbo;GDEPTO;CODFILIAL;FKTMOV_GDEPTO
FK;CORPORE;dbo;TMOV;TABELA;CODFILIALENTREGA;2;;;;;;;;CORPORE;dbo;TLOC;CODFILIAL;FKTMOV_TLOCENTR
FK;CORPORE;dbo;TMOV;TABELA;CODFILIALSCP;2;;;;;;;;CORPORE;dbo;GFILIAL;CODFILIAL;FKTMOVSCP_GFILIAL
FK;CORPORE;dbo;TMOV;TABELA;CODMEN;2;;;;;;;;CORPORE;dbo;TMEN;CODMEN;FKTMOV_TMEN
FK;CORPORE;dbo;TMOV;TABELA;CODMEN2;2;;;;;;;;CORPORE;dbo;TMEN;CODMEN;FKTMOV_TMEN2
FK;CORPORE;dbo;TMOV;TABELA;CODMENDESCONTO;2;;;;;;;;CORPORE;dbo;TMEN;CODMEN;FKTMOV_TMENDESCONTO
FK;CORPORE;dbo;TMOV;TABELA;CODMENDESPESA;2;;;;;;;;CORPORE;dbo;TMEN;CODMEN;FKTMOV_TMENDESPESA
FK;CORPORE;dbo;TMOV;TABELA;CODMENFRETE;2;;;;;;;;CORPORE;dbo;TMEN;CODMEN;FKTMOV_TMENFRETE
FK;CORPORE;dbo;TMOV;TABELA;CODRPR;2;;;;;;;;CORPORE;dbo;TRPR;CODRPR;FKTMOV_TRPR
FK;CORPORE;dbo;TMOV;TABELA;CODTB1FAT;2;;;;;;;;CORPORE;dbo;TTB1;CODTB1FAT;FKTMOV_TTB1
FK;CORPORE;dbo;TMOV;TABELA;CODTB1FLX;2;;;;;;;;CORPORE;dbo;FTB1;CODTB1FLX;FKTMOV_FTB1
FK;CORPORE;dbo;TMOV;TABELA;CODTB2FAT;2;;;;;;;;CORPORE;dbo;TTB2;CODTB2FAT;FKTMOV_TTB2
FK;CORPORE;dbo;TMOV;TABELA;CODTB2FLX;2;;;;;;;;CORPORE;dbo;FTB2;CODTB2FLX;FKTMOV_FTB2
FK;CORPORE;dbo;TMOV;TABELA;CODTB3FAT;2;;;;;;;;CORPORE;dbo;TTB3;CODTB3FAT;FKTMOV_TTB3
FK;CORPORE;dbo;TMOV;TABELA;CODTB3FLX;2;;;;;;;;CORPORE;dbo;FTB3;CODTB3FLX;FKTMOV_FTB3
FK;CORPORE;dbo;TMOV;TABELA;CODTB4FAT;2;;;;;;;;CORPORE;dbo;TTB4;CODTB4FAT;FKTMOV_TTB4
FK;CORPORE;dbo;TMOV;TABELA;CODTB4FLX;2;;;;;;;;CORPORE;dbo;FTB4;CODTB4FLX;FKTMOV_FTB4
FK;CORPORE;dbo;TMOV;TABELA;CODTB5FAT;2;;;;;;;;CORPORE;dbo;TTB5;CODTB5FAT;FKTMOV_TTB5
FK;CORPORE;dbo;TMOV;TABELA;CODTB5FLX;2;;;;;;;;CORPORE;dbo;FTB5;CODTB5FLX;FKTMOV_FTB5
FK;CORPORE;dbo;TMOV;TABELA;CODTDO;2;;;;;;;;CORPORE;dbo;FTDO;CODTDO;FKTMOV_FTDO
FK;CORPORE;dbo;TMOV;TABELA;CODTMV;2;;;;;;;;CORPORE;dbo;TTMV;CODTMV;FKTMOV_TTMV
FK;CORPORE;dbo;TMOV;TABELA;CODTRA;2;;;;;;;;CORPORE;dbo;TTRA;CODTRA;FKTMOV_TTRA
FK;CORPORE;dbo;TMOV;TABELA;CODTRA2;2;;;;;;;;CORPORE;dbo;TTRA;CODTRA;FKTMOV_TTRA2
FK;CORPORE;dbo;TMOV;TABELA;CODVEN1;2;;;;;;;;CORPORE;dbo;TVEN;CODVEN;FKTMOV_TVEN1
FK;CORPORE;dbo;TMOV;TABELA;CODVEN2;2;;;;;;;;CORPORE;dbo;TVEN;CODVEN;FKTMOV_TVEN2
FK;CORPORE;dbo;TMOV;TABELA;CODVEN3;2;;;;;;;;CORPORE;dbo;TVEN;CODVEN;FKTMOV_TVEN3
FK;CORPORE;dbo;TMOV;TABELA;CODVEN4;2;;;;;;;;CORPORE;dbo;TVEN;CODVEN;FKTMOV_TVEN4
FK;CORPORE;dbo;TMOV;TABELA;IDAIDF;2;;;;;;;;CORPORE;dbo;DAIDF;IDAIDF;FKTMOV_DAIDF
FK;CORPORE;dbo;TMOV;TABELA;IDINTERMEDIADOR;2;;;;;;;;CORPORE;dbo;TINTERMEDIADOR;IDINTERMEDIADOR;FKTMOV_TINTERMEDIADOR
FK;CORPORE;dbo;TMOV;TABELA;IDLOT;2;;;;;;;;CORPORE;dbo;TLOT;IDLOT;FKTMOV_TLOT
FK;CORPORE;dbo;TMOV;TABELA;IDLOTEPROCESSO;2;;;;;;;;CORPORE;dbo;TLOTEPROCESSO;IDLOTEPROCESSO;FKTMOV_TLOTPROC
FK;CORPORE;dbo;TMOV;TABELA;IDLOTEPROCESSOREFAT;2;;;;;;;;CORPORE;dbo;TLOTEPROCESSO;IDLOTEPROCESSO;FKTMOV_TLOTPROCREF
FK;CORPORE;dbo;TMOV;TABELA;IDMOVCFO;2;;;;;;;;CORPORE;dbo;FCFOHISTORICO;IDHISTORICO;FKTMOV_FCFOHISTORICO
FK;CORPORE;dbo;TMOV;TABELA;IDMOVCTRC;2;;;;;;;;CORPORE;dbo;TCTRCMOV;IDMOV;FKTMOV_TCTRCMOV
FK;CORPORE;dbo;TMOV;TABELA;IDMOVLCTFLUXUS;2;;;;;;;;CORPORE;dbo;TMOV;IDMOV;FKTMOV_TMOVFLUXUS
FK;CORPORE;dbo;TMOV;TABELA;IDMOVPEDDESDOBRADO;2;;;;;;;;CORPORE;dbo;TMOV;IDMOV;FKTMOV_TMOVPEDDESDOBRADO
FK;CORPORE;dbo;TMOV;TABELA;IDMOVRELAC;2;;;;;;;;CORPORE;dbo;TMOV;IDMOV;FKTMOV_TMOVRELAC
FK;CORPORE;dbo;TMOV;TABELA;IDOBJOF;2;;;;;;;;CORPORE;dbo;OFOBJOFICINA;IDOBJOF;FKTMOV_OFOBJOFICINA
FK;CORPORE;dbo;TMOV;TABELA;IDPRJ;2;;;;;;;;CORPORE;dbo;MPRJ;IDPRJ;FKTMOV_MPRJ
FK;CORPORE;dbo;TMOV;TABELA;IDREDUCAOZ;2;;;;;;;;CORPORE;dbo;TREDUCAOZ;IDREDUCAOZ;FKTMOV_TFREDUCAOZ
FK;CORPORE;dbo;TMOV;TABELA;IDSALDOESTOQUE;2;;;;;;;;CORPORE;dbo;TSALDO;IDSALDOESTOQUE;FKTMOV_TSALDO
FK;CORPORE;dbo;TMOV;TABELA;PONTOVENDA;2;;;;;;;;CORPORE;dbo;TPONTOVENDA;PONTOVENDA;FKTMOV_TPONTOVENDA
FK;CORPORE;dbo;TMOV;TABELA;CODDEPARTAMENTO;3;;;;;;;;CORPORE;dbo;GDEPTO;CODDEPARTAMENTO;FKTMOV_GDEP
FK;CORPORE;dbo;TMOV;TABELA;CODDEPTODESTINO;3;;;;;;;;CORPORE;dbo;GDEPTO;CODDEPARTAMENTO;FKTMOV_GDEPTO
FK;CORPORE;dbo;TMOV;TABELA;CODLOC;3;;;;;;;;CORPORE;dbo;TLOC;CODLOC;FKTMOV_TLOC
FK;CORPORE;dbo;TMOV;TABELA;CODLOCDESTINO;3;;;;;;;;CORPORE;dbo;TLOC;CODLOC;FKTMOV_TLOCDEST
FK;CORPORE;dbo;TMOV;TABELA;CODLOCENTREGA;3;;;;;;;;CORPORE;dbo;TLOC;CODLOC;FKTMOV_TLOCENTR
FK;CORPORE;dbo;TMOV;TABELA;IDCEICFO;3;;;;;;;;CORPORE;dbo;FCFOCEI;IDCEI;FKTMOV_FCFOCEI
FK;CORPORE;dbo;TMOV;TABELA;IDCONTATOCOBRANCA;3;;;;;;;;CORPORE;dbo;FCFOCONTATO;IDCONTATO;FKTMOV_FCFOCONTATOCOBRANCA
FK;CORPORE;dbo;TMOV;TABELA;IDCONTATOENTREGA;3;;;;;;;;CORPORE;dbo;FCFOCONTATO;IDCONTATO;FKTMOV_FCFOCONTATOENTREGA
FK;CORPORE;dbo;TMOVAPROVA;TABELA;CODCOLIGADA;1;;;;;;;;CORPORE;dbo;TMOV;CODCOLIGADA;PKTMOVAPROVA_TMOV
FK;CORPORE;dbo;TMOVAPROVA;TABELA;CODUSUARIO;1;;;;;;;;CORPORE;dbo;GUSUARIO;CODUSUARIO;PKTMOVAPROVA_GUSUARIO
FK;CORPORE;dbo;TMOVAPROVA;TABELA;IDMOV;2;;;;;;;;CORPORE;dbo;TMOV;IDMOV;PKTMOVAPROVA_TMOV
FK;CORPORE;dbo;TMOVATEND;TABELA;CODCOLIGADA;1;;;;;;;;CORPORE;dbo;TMOV;CODCOLIGADA;FKTMOVATEND_TMOV
FK;CORPORE;dbo;TMOVATEND;TABELA;IDMOV;2;;;;;;;;CORPORE;dbo;TMOV;IDMOV;FKTMOVATEND_TMOV
FK;CORPORE;dbo;TMOVCFOTEMP;TABELA;CODCOLCFO;1;;;;;;;;CORPORE;dbo;FCFO;CODCOLIGADA;FKTMOVCFO_FCFO
FK;CORPORE;dbo;TMOVCFOTEMP;TABELA;CODCFO;2;;;;;;;;CORPORE;dbo;FCFO;CODCFO;FKTMOVCFO_FCFO
FK;CORPORE;dbo;TMOVCOMPL;TABELA;CODCOLIGADA;1;;;;;;;;CORPORE;dbo;TMOV;CODCOLIGADA;FKTMOVCOMPL_TMOV
FK;CORPORE;dbo;TMOVCOMPL;TABELA;IDMOV;2;;;;;;;;CORPORE;dbo;TMOV;IDMOV;FKTMOVCOMPL_TMOV
FK;CORPORE;dbo;TMOVCTB;TABELA;CODCOLIGADA;1;;;;;;;;CORPORE;dbo;TMOV;CODCOLIGADA;FKTMOVCTB_TMOV
FK;CORPORE;dbo;TMOVCTB;TABELA;IDMOV;2;;;;;;;;CORPORE;dbo;TMOV;IDMOV;FKTMOVCTB_TMOV
FK;CORPORE;dbo;TMOVDEFENSIVOAGRO;TABELA;CODCOLIGADA;1;;;;;;;;CORPORE;dbo;TMOV;CODCOLIGADA;FKTMOVDEFENSIVOAGRO_TMOV
FK;CORPORE;dbo;TMOVDEFENSIVOAGRO;TABELA;IDMOV;2;;;;;;;;CORPORE;dbo;TMOV;IDMOV;FKTMOVDEFENSIVOAGRO_TMOV
FK;CORPORE;dbo;TMOVDISPOSITIVO;TABELA;CODCOLIGADA;1;;;;;;;;CORPORE;dbo;TMOV;CODCOLIGADA;FKTMOVDISPOSITIVO_TMOV
FK;CORPORE;dbo;TMOVDISPOSITIVO;TABELA;IDMOV;2;;;;;;;;CORPORE;dbo;TMOV;IDMOV;FKTMOVDISPOSITIVO_TMOV
FK;CORPORE;dbo;TMOVFISCAL;TABELA;CODCOLIGADA;1;;;;;;;;CORPORE;dbo;TMOV;CODCOLIGADA;FKTMOVFISCAL_TMOV
FK;CORPORE;dbo;TMOVFISCAL;TABELA;IDMOV;2;;;;;;;;CORPORE;dbo;TMOV;IDMOV;FKTMOVFISCAL_TMOV
FK;CORPORE;dbo;TMOVFISCALSERV;TABELA;CODCOLIGADA;1;;;;;;;;CORPORE;dbo;TMOV;CODCOLIGADA;FKTMOVFISCALSERV_TMOV
FK;CORPORE;dbo;TMOVFISCALSERV;TABELA;IDMOV;2;;;;;;;;CORPORE;dbo;TMOV;IDMOV;FKTMOVFISCALSERV_TMOV
FK;CORPORE;dbo;TMOVHISTORICO;TABELA;CODCOLIGADA;1;;;;;;;;CORPORE;dbo;TMOV;CODCOLIGADA;FKTMOVHISTORICO_TMOV
FK;CORPORE;dbo;TMOVHISTORICO;TABELA;IDMOV;2;;;;;;;;CORPORE;dbo;TMOV;IDMOV;FKTMOVHISTORICO_TMOV
FK;CORPORE;dbo;TMOVINTEGRACAOEAI;TABELA;CODCOLIGADA;1;;;;;;;;CORPORE;dbo;TMOV;CODCOLIGADA;FKTMOVINTEGRACAOEAI_TMOV
FK;CORPORE;dbo;TMOVINTEGRACAOEAI;TABELA;IDMOV;2;;;;;;;;CORPORE;dbo;TMOV;IDMOV;FKTMOVINTEGRACAOEAI_TMOV
FK;CORPORE;dbo;TMOVINTEGRADO;TABELA;CODCOLIGADA;1;;;;;;;;CORPORE;dbo;TMOV;CODCOLIGADA;FKTMOVINTEGRADO_TMOV
FK;CORPORE;dbo;TMOVINTEGRADO;TABELA;IDMOV;2;;;;;;;;CORPORE;dbo;TMOV;IDMOV;FKTMOVINTEGRADO_TMOV
FK;CORPORE;dbo;TMOVLAN;TABELA;CODCOLIGADA;1;;;;;;;;CORPORE;dbo;TMOV;CODCOLIGADA;FKTMOVLAN_TMOV
FK;CORPORE;dbo;TMOVLAN;TABELA;IDMOV;2;;;;;;;;CORPORE;dbo;TMOV;IDMOV;FKTMOVLAN_TMOV
FK;CORPORE;dbo;TMOVLANBAIXANOTA;TABELA;CODCOLIGADA;1;;;;;;;;CORPORE;dbo;TMOV;CODCOLIGADA;FKTMOVLANBAIXANOTA_TMOVDESTINO
FK;CORPORE;dbo;TMOVLANBAIXANOTA;TABELA;CODCOLIGADA;1;;;;;;;;CORPORE;dbo;TMOV;CODCOLIGADA;FKTMOVLANBAIXANOTA_TMOVORIGEM
FK;CORPORE;dbo;TMOVLANBAIXANOTA;TABELA;IDMOVDESTINO;2;;;;;;;;CORPORE;dbo;TMOV;IDMOV;FKTMOVLANBAIXANOTA_TMOVDESTINO
FK;CORPORE;dbo;TMOVLANBAIXANOTA;TABELA;IDMOVORIGEM;2;;;;;;;;CORPORE;dbo;TMOV;IDMOV;FKTMOVLANBAIXANOTA_TMOVORIGEM
FK;CORPORE;dbo;TMOVLOGFAT;TABELA;CODCOLIGADA;1;;;;;;;;CORPORE;dbo;TMOV;CODCOLIGADA;FKTMOVLOGFAT_TMOV
FK;CORPORE;dbo;TMOVLOGFAT;TABELA;IDMOV;2;;;;;;;;CORPORE;dbo;TMOV;IDMOV;FKTMOVLOGFAT_TMOV
FK;CORPORE;dbo;TMOVNFECAMPOSLIVRES;TABELA;CODCOLIGADA;1;;;;;;;;CORPORE;dbo;TITMMOV;CODCOLIGADA;FKTMOVNFECAMPOSLIVRES_TITMMOV
FK;CORPORE;dbo;TMOVNFECAMPOSLIVRES;TABELA;CODCOLIGADA;1;;;;;;;;CORPORE;dbo;TMOV;CODCOLIGADA;FKTMOVNFECAMPOSLIVRES_TMOV
FK;CORPORE;dbo;TMOVNFECAMPOSLIVRES;TABELA;IDMOV;2;;;;;;;;CORPORE;dbo;TMOV;IDMOV;FKTMOVNFECAMPOSLIVRES_TMOV
FK;CORPORE;dbo;TMOVNFECAMPOSLIVRES;TABELA;IDMOV;2;;;;;;;;CORPORE;dbo;TITMMOV;IDMOV;FKTMOVNFECAMPOSLIVRES_TITMMOV
FK;CORPORE;dbo;TMOVNFECAMPOSLIVRES;TABELA;IDITEM;3;;;;;;;;CORPORE;dbo;TITMMOV;NSEQITMMOV;FKTMOVNFECAMPOSLIVRES_TITMMOV
FK;CORPORE;dbo;TMOVNORMA;TABELA;CODCOLIGADA;1;;;;;;;;CORPORE;dbo;TMOV;CODCOLIGADA;FKTMOVNORMA_TMOV
FK;CORPORE;dbo;TMOVNORMA;TABELA;IDMOV;2;;;;;;;;CORPORE;dbo;TMOV;IDMOV;FKTMOVNORMA_TMOV
FK;CORPORE;dbo;TMOVORCAMENTO;TABELA;CODCOLIGADA;1;;;;;;;;CORPORE;dbo;TITMORCAMENTO;CODCOLIGADA;FKTMOVORCAMENTO_TITMORCAMENTO
FK;CORPORE;dbo;TMOVORCAMENTO;TABELA;CODCOLIGADA;1;;;;;;;;CORPORE;dbo;TITMPERIODOORCAMENTO;CODCOLIGADA;FKTMOVORC_TITMPERIODOORCAMENTO
FK;CORPORE;dbo;TMOVORCAMENTO;TABELA;IDORCAMENTO;2;;;;;;;;CORPORE;dbo;TITMORCAMENTO;IDORCAMENTO;FKTMOVORCAMENTO_TITMORCAMENTO
FK;CORPORE;dbo;TMOVORCAMENTO;TABELA;IDPERIODO;2;;;;;;;;CORPORE;dbo;TITMPERIODOORCAMENTO;IDPERIODO;FKTMOVORC_TITMPERIODOORCAMENTO
FK;CORPORE;dbo;TMOVORCAMENTO;TABELA;IDITMPERIODO;3;;;;;;;;CORPORE;dbo;TITMPERIODOORCAMENTO;IDITMPERIODO;FKTMOVORC_TITMPERIODOORCAMENTO
FK;CORPORE;dbo;TMOVORCAMENTO;TABELA;IDITMPERIODO;3;;;;;;;;CORPORE;dbo;TITMORCAMENTO;IDITMPERIODO;FKTMOVORCAMENTO_TITMORCAMENTO
FK;CORPORE;dbo;TMOVPAGTO;TABELA;CODCOLIGADA;1;;;;;;;;CORPORE;dbo;TMOV;CODCOLIGADA;FKTMOVPAGTO_TMOV
FK;CORPORE;dbo;TMOVPAGTO;TABELA;IDMOV;2;;;;;;;;CORPORE;dbo;TMOV;IDMOV;FKTMOVPAGTO_TMOV
FK;CORPORE;dbo;TMOVRATCCU;TABELA;CODCOLIGADA;1;;;;;;;;CORPORE;dbo;GCCUSTO;CODCOLIGADA;FKMOVRATCCU_GCCU
FK;CORPORE;dbo;TMOVRATCCU;TABELA;CODCOLIGADA;1;;;;;;;;CORPORE;dbo;TMOV;CODCOLIGADA;FKMOVRATCCU_TMOV
FK;CORPORE;dbo;TMOVRATCCU;TABELA;CODCCUSTO;2;;;;;;;;CORPORE;dbo;GCCUSTO;CODCCUSTO;FKMOVRATCCU_GCCU
FK;CORPORE;dbo;TMOVRATCCU;TABELA;IDMOV;2;;;;;;;;CORPORE;dbo;TMOV;IDMOV;FKMOVRATCCU_TMOV
FK;CORPORE;dbo;TMOVRATCCULOGFAT;TABELA;CODCOLIGADA;1;;;;;;;;CORPORE;dbo;GCCUSTO;CODCOLIGADA;FKTMOVRATCCULOGFAT_GCCUSTO
FK;CORPORE;dbo;TMOVRATCCULOGFAT;TABELA;CODCCUSTO;2;;;;;;;;CORPORE;dbo;GCCUSTO;CODCCUSTO;FKTMOVRATCCULOGFAT_GCCUSTO
FK;CORPORE;dbo;TMOVRATDEP;TABELA;CODCOLIGADA;1;;;;;;;;CORPORE;dbo;TMOV;CODCOLIGADA;FKMOVRATDEP_TMOV
FK;CORPORE;dbo;TMOVRATDEP;TABELA;IDMOV;2;;;;;;;;CORPORE;dbo;TMOV;IDMOV;FKMOVRATDEP_TMOV
FK;CORPORE;dbo;TMOVRELAC;TABELA;CODCOLDESTINO;1;;;;;;;;CORPORE;dbo;TMOV;CODCOLIGADA;FKTMOVRELAC_TMOVDESTINO
FK;CORPORE;dbo;TMOVRELAC;TABELA;CODCOLORIGEM;1;;;;;;;;CORPORE;dbo;TMOV;CODCOLIGADA;FKTMOVRELAC_TMOVORIGEM
FK;CORPORE;dbo;TMOVRELAC;TABELA;IDMOVDESTINO;2;;;;;;;;CORPORE;dbo;TMOV;IDMOV;FKTMOVRELAC_TMOVDESTINO
FK;CORPORE;dbo;TMOVRELAC;TABELA;IDMOVORIGEM;2;;;;;;;;CORPORE;dbo;TMOV;IDMOV;FKTMOVRELAC_TMOVORIGEM
FK;CORPORE;dbo;TMOVRELACORCAMENTO;TABELA;CODCOLIGADA;1;;;;;;;;CORPORE;dbo;TMOV;CODCOLIGADA;FKTMOVRELACORCAMENTO_TMOV
FK;CORPORE;dbo;TMOVRELACORCAMENTO;TABELA;CODCOLIGADA;1;;;;;;;;CORPORE;dbo;TMOVORCAMENTO;CODCOLIGADA;FKTMOVRELACORCAM_TMOVORCAMENTO
FK;CORPORE;dbo;TMOVRELACORCAMENTO;TABELA;IDMOV;2;;;;;;;;CORPORE;dbo;TMOV;IDMOV;FKTMOVRELACORCAMENTO_TMOV
FK;CORPORE;dbo;TMOVRELACORCAMENTO;TABELA;IDMOVORCAMENTO;2;;;;;;;;CORPORE;dbo;TMOVORCAMENTO;IDMOVORCAMENTO;FKTMOVRELACORCAM_TMOVORCAMENTO
FK;CORPORE;dbo;TMOVSEPARACAO;TABELA;CODCOLIGADA;1;;;;;;;;CORPORE;dbo;TMOV;CODCOLIGADA;FKTMOVSEPARACAO_TMOV
FK;CORPORE;dbo;TMOVSEPARACAO;TABELA;USUARIOSEP;1;;;;;;;;CORPORE;dbo;GUSUARIO;CODUSUARIO;FKTMOVSEPARACAO_GUSUARIO
FK;CORPORE;dbo;TMOVSEPARACAO;TABELA;IDMOV;2;;;;;;;;CORPORE;dbo;TMOV;IDMOV;FKTMOVSEPARACAO_TMOV
FK;CORPORE;dbo;TMOVSUGESTAO;TABELA;CODCOLIGADA;1;;;;;;;;CORPORE;dbo;TMOV;CODCOLIGADA;FKTMOVSUGESTAO_TMOV
FK;CORPORE;dbo;TMOVSUGESTAO;TABELA;IDMOV;2;;;;;;;;CORPORE;dbo;TMOV;IDMOV;FKTMOVSUGESTAO_TMOV
FK;CORPORE;dbo;TMOVTRANSP;TABELA;CODCOLCFOCOLETA;1;;;;;;;;CORPORE;dbo;FCFO;CODCOLIGADA;FKTMOVTRANSP_FCFO_COLETA
FK;CORPORE;dbo;TMOVTRANSP;TABELA;CODCOLCFOENTREGA;1;;;;;;;;CORPORE;dbo;FCFO;CODCOLIGADA;FKTMOVTRANSP_FCFO_ENTREGA
FK;CORPORE;dbo;TMOVTRANSP;TABELA;CODCOLIGADA;1;;;;;;;;CORPORE;dbo;TMOV;CODCOLIGADA;FKTMOVTRANSP_TMOV
FK;CORPORE;dbo;TMOVTRANSP;TABELA;DESTINATARIOCODCOLCFO;1;;;;;;;;CORPORE;dbo;FCFO;CODCOLIGADA;FKTMOVTRANSP_FCFODEST
FK;CORPORE;dbo;TMOVTRANSP;TABELA;EXPEDCODCOLCFO;1;;;;;;;;CORPORE;dbo;FCFO;CODCOLIGADA;FKTMOVTRANSP_FCFO_EXPEDIDOR
FK;CORPORE;dbo;TMOVTRANSP;TABELA;RECEBCODCOLCFO;1;;;;;;;;CORPORE;dbo;FCFO;CODCOLIGADA;FKTMOVTRANSP_FCFO_RECEBEDOR
FK;CORPORE;dbo;TMOVTRANSP;TABELA;REMETENTECODCOLCFO;1;;;;;;;;CORPORE;dbo;FCFO;CODCOLIGADA;FKTMOVTRANSP_FCFO
FK;CORPORE;dbo;TMOVTRANSP;TABELA;TOMADORCODCOLCFO;1;;;;;;;;CORPORE;dbo;FCFO;CODCOLIGADA;FKTMOVTRANSP_TOMADORFCFO
FK;CORPORE;dbo;TMOVTRANSP;TABELA;CODCFOCOLETA;2;;;;;;;;CORPORE;dbo;FCFO;CODCFO;FKTMOVTRANSP_FCFO_COLETA
FK;CORPORE;dbo;TMOVTRANSP;TABELA;CODCFOENTREGA;2;;;;;;;;CORPORE;dbo;FCFO;CODCFO;FKTMOVTRANSP_FCFO_ENTREGA
FK;CORPORE;dbo;TMOVTRANSP;TABELA;DESTINATARIOCODCFO;2;;;;;;;;CORPORE;dbo;FCFO;CODCFO;FKTMOVTRANSP_FCFODEST
FK;CORPORE;dbo;TMOVTRANSP;TABELA;EXPEDCODCFO;2;;;;;;;;CORPORE;dbo;FCFO;CODCFO;FKTMOVTRANSP_FCFO_EXPEDIDOR
FK;CORPORE;dbo;TMOVTRANSP;TABELA;IDMOV;2;;;;;;;;CORPORE;dbo;TMOV;IDMOV;FKTMOVTRANSP_TMOV
FK;CORPORE;dbo;TMOVTRANSP;TABELA;RECEBCODCFO;2;;;;;;;;CORPORE;dbo;FCFO;CODCFO;FKTMOVTRANSP_FCFO_RECEBEDOR
FK;CORPORE;dbo;TMOVTRANSP;TABELA;REMETENTECODCFO;2;;;;;;;;CORPORE;dbo;FCFO;CODCFO;FKTMOVTRANSP_FCFO
FK;CORPORE;dbo;TMOVTRANSP;TABELA;TOMADORCODCFO;2;;;;;;;;CORPORE;dbo;FCFO;CODCFO;FKTMOVTRANSP_TOMADORFCFO
FK;CORPORE;dbo;TNFCOM;TABELA;CODCOLIGADA;1;;;;;;;;CORPORE;dbo;TMOV;CODCOLIGADA;FKTNFCOM_TMOV
FK;CORPORE;dbo;TNFCOM;TABELA;IDMOV;2;;;;;;;;CORPORE;dbo;TMOV;IDMOV;FKTNFCOM_TMOV
FK;CORPORE;dbo;TNFE;TABELA;CODCOLIGADA;1;;;;;;;;CORPORE;dbo;TMOV;CODCOLIGADA;FKTNFE_TMOV
FK;CORPORE;dbo;TNFE;TABELA;IDMOV;2;;;;;;;;CORPORE;dbo;TMOV;IDMOV;FKTNFE_TMOV
FK;CORPORE;dbo;TNFEENTRADA;TABELA;CODCOLCFO;1;;;;;;;;CORPORE;dbo;FCFO;CODCOLIGADA;FKTNFEENTRADA_FCFO
FK;CORPORE;dbo;TNFEENTRADA;TABELA;CODCOLIGADA;1;;;;;;;;CORPORE;dbo;TMOV;CODCOLIGADA;FKTNFEENTRADA_TMOV
FK;CORPORE;dbo;TNFEENTRADA;TABELA;CODCFO;2;;;;;;;;CORPORE;dbo;FCFO;CODCFO;FKTNFEENTRADA_FCFO
FK;CORPORE;dbo;TNFEENTRADA;TABELA;IDMOV;2;;;;;;;;CORPORE;dbo;TMOV;IDMOV;FKTNFEENTRADA_TMOV
FK;CORPORE;dbo;TNFEENTRADAHIST;TABELA;CODUSUARIO;1;;;;;;;;CORPORE;dbo;GUSUARIO;CODUSUARIO;FKTNFEENTRADAHIST_GUSUARIO
FK;CORPORE;dbo;TNFEESTADUAL;TABELA;CODCOLIGADA;1;;;;;;;;CORPORE;dbo;TMOV;CODCOLIGADA;FKTNFEESTADUAL_TMOV
FK;CORPORE;dbo;TNFEESTADUAL;TABELA;IDMOV;2;;;;;;;;CORPORE;dbo;TMOV;IDMOV;FKTNFEESTADUAL_TMOV
FK;CORPORE;dbo;TNFEESTADUALEVENT;TABELA;CODCOLIGADA;1;;;;;;;;CORPORE;dbo;TMOV;CODCOLIGADA;FKTNFEESTADUALEVENT_TMOV
FK;CORPORE;dbo;TNFEESTADUALEVENT;TABELA;IDMOV;2;;;;;;;;CORPORE;dbo;TMOV;IDMOV;FKTNFEESTADUALEVENT_TMOV
FK;CORPORE;dbo;TNFEMUNICIPAL;TABELA;CODCOLIGADA;1;;;;;;;;CORPORE;dbo;TMOV;CODCOLIGADA;FKTNFEMUNICIPAL_TMOV
FK;CORPORE;dbo;TNFEMUNICIPAL;TABELA;IDMOV;2;;;;;;;;CORPORE;dbo;TMOV;IDMOV;FKTNFEMUNICIPAL_TMOV
FK;CORPORE;dbo;TNFTERCEIROS;TABELA;CODCOLIGADA;1;;;;;;;;CORPORE;dbo;TMOV;CODCOLIGADA;FKTNFTERCEIROS_TMOV
FK;CORPORE;dbo;TNFTERCEIROS;TABELA;IDMOV;2;;;;;;;;CORPORE;dbo;TMOV;IDMOV;FKTNFTERCEIROS_TMOV
FK;CORPORE;dbo;TNUMSERIETERCEIROS;TABELA;CODCOLCFO;1;;;;;;;;CORPORE;dbo;FCFO;CODCOLIGADA;FKTNUMSERIETERCEIROS_FCFO
FK;CORPORE;dbo;TNUMSERIETERCEIROS;TABELA;CODCFO;2;;;;;;;;CORPORE;dbo;FCFO;CODCFO;FKTNUMSERIETERCEIROS_FCFO
FK;CORPORE;dbo;TORCAMENTO;TABELA;CODCOLIGADA;1;;;;;;;;CORPORE;dbo;GCCUSTO;CODCOLIGADA;FKTORCAMENTO_GCCUSTO
FK;CORPORE;dbo;TORCAMENTO;TABELA;CODCOLIGADA;1;;;;;;;;CORPORE;dbo;TPERIODOORCAMENTO;CODCOLIGADA;FKTORCAMENTO_TPERIODOORCAMENTO
FK;CORPORE;dbo;TORCAMENTO;TABELA;CODCOLIGADA;1;;;;;;;;CORPORE;dbo;TTBGRUPOORCAMENTO;CODCOLIGADA;FKTORCAMENTO_TTBGRUPOORCAMENTO
FK;CORPORE;dbo;TORCAMENTO;TABELA;CODCOLTBORCAMENTO;1;;;;;;;;CORPORE;dbo;TTBORCAMENTO;CODCOLIGADA;FKTORCAMENTO_TTBORCAMENTO
FK;CORPORE;dbo;TORCAMENTO;TABELA;CODSISTEMA;1;;;;;;;;CORPORE;dbo;GSISTEMA;CODSISTEMA;FKTORCAMENTO_GSISTEMA
FK;CORPORE;dbo;TORCAMENTO;TABELA;CODCCUSTO;2;;;;;;;;CORPORE;dbo;GCCUSTO;CODCCUSTO;FKTORCAMENTO_GCCUSTO
FK;CORPORE;dbo;TORCAMENTO;TABELA;CODTBGRUPOORC;2;;;;;;;;CORPORE;dbo;TTBGRUPOORCAMENTO;CODTBGRUPOORC;FKTORCAMENTO_TTBGRUPOORCAMENTO
FK;CORPORE;dbo;TORCAMENTO;TABELA;CODTBORCAMENTO;2;;;;;;;;CORPORE;dbo;TTBORCAMENTO;CODTBORCAMENTO;FKTORCAMENTO_TTBORCAMENTO
FK;CORPORE;dbo;TORCAMENTO;TABELA;IDPERIODO;2;;;;;;;;CORPORE;dbo;TPERIODOORCAMENTO;IDPERIODO;FKTORCAMENTO_TPERIODOORCAMENTO
FK;CORPORE;dbo;TPAGTO;TABELA;CODCOLCFO;1;;;;;;;;CORPORE;dbo;FCFO;CODCOLIGADA;FKTPAGTO_FCFO
FK;CORPORE;dbo;TPAGTO;TABELA;CODCFO;2;;;;;;;;CORPORE;dbo;FCFO;CODCFO;FKTPAGTO_FCFO
FK;CORPORE;dbo;TPERIODOORCAMENTO;TABELA;CODCOLIGADA;1;;;;;;;;CORPORE;dbo;TTBCLASSIFPERIODO;CODCOLIGADA;FKTPERIODOORCA_TTBCLASSIFPER
FK;CORPORE;dbo;TPERIODOORCAMENTO;TABELA;CODCLASSIFPERIODO;2;;;;;;;;CORPORE;dbo;TTBCLASSIFPERIODO;CODCLASSIFPERIODO;FKTPERIODOORCA_TTBCLASSIFPER
FK;CORPORE;dbo;TPONTOVENDA;TABELA;CODCOLIGADA;1;;;;;;;;CORPORE;dbo;GCCUSTO;CODCOLIGADA;FKTPONTOVENDA_GCCUSTO
FK;CORPORE;dbo;TPONTOVENDA;TABELA;CODCCUSTO;2;;;;;;;;CORPORE;dbo;GCCUSTO;CODCCUSTO;FKTPONTOVENDA_GCCUSTO
FK;CORPORE;dbo;TPRDCFO;TABELA;CODCOLCFO;1;;;;;;;;CORPORE;dbo;FCFO;CODCOLIGADA;FKTPRDCFO_FCFO
FK;CORPORE;dbo;TPRDCFO;TABELA;CODCOLIGADA;1;;;;;;;;CORPORE;dbo;TITMMOV;CODCOLIGADA;FKTPRDCFO_TITMMOV
FK;CORPORE;dbo;TPRDCFO;TABELA;CODCFO;2;;;;;;;;CORPORE;dbo;FCFO;CODCFO;FKTPRDCFO_FCFO
FK;CORPORE;dbo;TPRDCFO;TABELA;IDMOV;2;;;;;;;;CORPORE;dbo;TITMMOV;IDMOV;FKTPRDCFO_TITMMOV
FK;CORPORE;dbo;TPRDCFO;TABELA;NSEQITMMOV;3;;;;;;;;CORPORE;dbo;TITMMOV;NSEQITMMOV;FKTPRDCFO_TITMMOV
FK;CORPORE;dbo;TPRDCFOCOLAB;TABELA;CODCOLCFO;1;;;;;;;;CORPORE;dbo;FCFO;CODCOLIGADA;FKTPRDCFOCOLAB_FCFO
FK;CORPORE;dbo;TPRDCFOCOLAB;TABELA;CODCFO;2;;;;;;;;CORPORE;dbo;FCFO;CODCFO;FKTPRDCFOCOLAB_FCFO
FK;CORPORE;dbo;TPRDCFOCOMPL;TABELA;CODCOLCFO;1;;;;;;;;CORPORE;dbo;FCFO;CODCOLIGADA;FKPRDCFOCOMPL_FCFO
FK;CORPORE;dbo;TPRDCFOCOMPL;TABELA;CODCFO;2;;;;;;;;CORPORE;dbo;FCFO;CODCFO;FKPRDCFOCOMPL_FCFO
FK;CORPORE;dbo;TPRDCFOHIST;TABELA;CODCOLCFO;1;;;;;;;;CORPORE;dbo;FCFO;CODCOLIGADA;FKTPRDCFOHIST_FCFO
FK;CORPORE;dbo;TPRDCFOHIST;TABELA;CODCFO;2;;;;;;;;CORPORE;dbo;FCFO;CODCFO;FKTPRDCFOHIST_FCFO
FK;CORPORE;dbo;TPRDCONT;TABELA;CODCOLCONTA;1;;;;;;;;CORPORE;dbo;CCONTA;CODCOLIGADA;FKTPRDCONT_CCONTA
FK;CORPORE;dbo;TPRDCONT;TABELA;CODCOLIGADA;1;;;;;;;;CORPORE;dbo;GCCUSTO;CODCOLIGADA;FKTPRDCONT_GCCUSTO
FK;CORPORE;dbo;TPRDCONT;TABELA;CODCCUSTO;2;;;;;;;;CORPORE;dbo;GCCUSTO;CODCCUSTO;FKTPRDCONT_GCCUSTO
FK;CORPORE;dbo;TPRDCONT;TABELA;CODCONTA;2;;;;;;;;CORPORE;dbo;CCONTA;CODCONTA;FKTPRDCONT_CCONTA
FK;CORPORE;dbo;TPRDFISCAL;TABELA;CODCOLCONTA;1;;;;;;;;CORPORE;dbo;CCONTA;CODCOLIGADA;FKTPRDFISCAL_CCONTA
FK;CORPORE;dbo;TPRDFISCAL;TABELA;CODCONTA;2;;;;;;;;CORPORE;dbo;CCONTA;CODCONTA;FKTPRDFISCAL_CCONTA
FK;CORPORE;dbo;TPRDRAT;TABELA;CODCOLCONTAGER;1;;;;;;;;CORPORE;dbo;CGERENCIA;CODCOLIGADA;FKTPRDRAT_CGERENCIA
FK;CORPORE;dbo;TPRDRAT;TABELA;CODCONTAGER;2;;;;;;;;CORPORE;dbo;CGERENCIA;CODCONTA;FKTPRDRAT_CGERENCIA
FK;CORPORE;dbo;TPRODUTO;TABELA;CODUSUARIO;1;;;;;;;;CORPORE;dbo;GUSUARIO;CODUSUARIO;FKTPRD_GUSUARIO
FK;CORPORE;dbo;TPRODUTO;TABELA;USUARIOCRIACAO;1;;;;;;;;CORPORE;dbo;GUSUARIO;CODUSUARIO;FKTPRD_GUSUARIOCRIACAO
FK;CORPORE;dbo;TPRODUTODEF;TABELA;CODCOLCONTAGER;1;;;;;;;;CORPORE;dbo;CGERENCIA;CODCOLIGADA;FKTPRDDEF_CGERENCIA
FK;CORPORE;dbo;TPRODUTODEF;TABELA;CODCOLTBORCAMENTO;1;;;;;;;;CORPORE;dbo;TTBORCAMENTO;CODCOLIGADA;FKTPRDDEF_TTBORCAMENTO
FK;CORPORE;dbo;TPRODUTODEF;TABELA;CODCONTAGER;2;;;;;;;;CORPORE;dbo;CGERENCIA;CODCONTA;FKTPRDDEF_CGERENCIA
FK;CORPORE;dbo;TPRODUTODEF;TABELA;CODTBORCAMENTO;2;;;;;;;;CORPORE;dbo;TTBORCAMENTO;CODTBORCAMENTO;FKTPRDDEF_TTBORCAMENTO
FK;CORPORE;dbo;TQUALIFICACAOCFO;TABELA;CODCOLCFO;1;;;;;;;;CORPORE;dbo;FCFO;CODCOLIGADA;FKTQUALIFICACAOCFO_FCFO
FK;CORPORE;dbo;TQUALIFICACAOCFO;TABELA;CODCFO;2;;;;;;;;CORPORE;dbo;FCFO;CODCFO;FKTQUALIFICACAOCFO_FCFO
FK;CORPORE;dbo;TQUALIFICACAOPRODCFO;TABELA;CODCOLCFO;1;;;;;;;;CORPORE;dbo;FCFO;CODCOLIGADA;FKTQUALIFICACAOPRODCFO_FCFO
FK;CORPORE;dbo;TQUALIFICACAOPRODCFO;TABELA;CODCFO;2;;;;;;;;CORPORE;dbo;FCFO;CODCFO;FKTQUALIFICACAOPRODCFO_FCFO
FK;CORPORE;dbo;TREDUCAOZ;TABELA;CODCOLCFO;1;;;;;;;;CORPORE;dbo;FCFO;CODCOLIGADA;FKTREDUCAOZ_FCFO
FK;CORPORE;dbo;TREDUCAOZ;TABELA;CODCFO;2;;;;;;;;CORPORE;dbo;FCFO;CODCFO;FKTREDUCAOZ_FCFO
FK;CORPORE;dbo;TREQUISITOQUALIFICCFO;TABELA;CODCOLCFO;1;;;;;;;;CORPORE;dbo;FCFO;CODCOLIGADA;FKTREQUISITOQUALIFICCFO_FCFO
FK;CORPORE;dbo;TREQUISITOQUALIFICCFO;TABELA;CODCFO;2;;;;;;;;CORPORE;dbo;FCFO;CODCFO;FKTREQUISITOQUALIFICCFO_FCFO
FK;CORPORE;dbo;TREQUISITOQUALIFICPRODCFO;TABELA;CODCOLCFO;1;;;;;;;;CORPORE;dbo;FCFO;CODCOLIGADA;FKTREQUISITOQUALIFICPRODCFO_FC
FK;CORPORE;dbo;TREQUISITOQUALIFICPRODCFO;TABELA;CODCFO;2;;;;;;;;CORPORE;dbo;FCFO;CODCFO;FKTREQUISITOQUALIFICPRODCFO_FC
FK;CORPORE;dbo;TRESERVAMOV;TABELA;CODCOLIGADA;1;;;;;;;;CORPORE;dbo;TITMMOV;CODCOLIGADA;FKTRESERVAMOV_TITMMOV
FK;CORPORE;dbo;TRESERVAMOV;TABELA;IDMOV;2;;;;;;;;CORPORE;dbo;TITMMOV;IDMOV;FKTRESERVAMOV_TITMMOV
FK;CORPORE;dbo;TRESERVAMOV;TABELA;NSEQITMMOV;3;;;;;;;;CORPORE;dbo;TITMMOV;NSEQITMMOV;FKTRESERVAMOV_TITMMOV
FK;CORPORE;dbo;TRPR;TABELA;CODUSUARIO;1;;;;;;;;CORPORE;dbo;GUSUARIO;CODUSUARIO;FKTRPR_GUSUARIO
FK;CORPORE;dbo;TRPRCONT;TABELA;CODCOLCONTA;1;;;;;;;;CORPORE;dbo;CCONTA;CODCOLIGADA;FKTRPRCONT_CCONTA
FK;CORPORE;dbo;TRPRCONT;TABELA;CODCOLIGADA;1;;;;;;;;CORPORE;dbo;GCCUSTO;CODCOLIGADA;FKTRPRCONT_GCCUSTO
FK;CORPORE;dbo;TRPRCONT;TABELA;CODCCUSTO;2;;;;;;;;CORPORE;dbo;GCCUSTO;CODCCUSTO;FKTRPRCONT_GCCUSTO
FK;CORPORE;dbo;TRPRCONT;TABELA;CODCONTA;2;;;;;;;;CORPORE;dbo;CCONTA;CODCONTA;FKTRPRCONT_CCONTA
FK;CORPORE;dbo;TRPRRAT;TABELA;CODCOLCONTAGER;1;;;;;;;;CORPORE;dbo;CGERENCIA;CODCOLIGADA;FKTRPRRAT_CGERENCIA
FK;CORPORE;dbo;TRPRRAT;TABELA;CODCONTAGER;2;;;;;;;;CORPORE;dbo;CGERENCIA;CODCONTA;FKTRPRRAT_CGERENCIA
FK;CORPORE;dbo;TTABPRECOCFO;TABELA;CODCOLCFO;1;;;;;;;;CORPORE;dbo;FCFO;CODCOLIGADA;FKTTABPRECOCFO_FCFO
FK;CORPORE;dbo;TTABPRECOCFO;TABELA;CODCFO;2;;;;;;;;CORPORE;dbo;FCFO;CODCFO;FKTTABPRECOCFO_FCFO
FK;CORPORE;dbo;TTB1;TABELA;CODCOLCONTAGER;1;;;;;;;;CORPORE;dbo;CGERENCIA;CODCOLIGADA;FKTTB1_CGERENCIA
FK;CORPORE;dbo;TTB1;TABELA;CODCONTAGER;2;;;;;;;;CORPORE;dbo;CGERENCIA;CODCONTA;FKTTB1_CGERENCIA
FK;CORPORE;dbo;TTB1CFO;TABELA;CODCOLCFO;1;;;;;;;;CORPORE;dbo;FCFO;CODCOLIGADA;FKTTB1CFO_FCFO
FK;CORPORE;dbo;TTB1CFO;TABELA;CODCFO;2;;;;;;;;CORPORE;dbo;FCFO;CODCFO;FKTTB1CFO_FCFO
FK;CORPORE;dbo;TTB1CONT;TABELA;CODCOLCONTA;1;;;;;;;;CORPORE;dbo;CCONTA;CODCOLIGADA;FKTTB1CONT_CCONTA
FK;CORPORE;dbo;TTB1CONT;TABELA;CODCOLIGADA;1;;;;;;;;CORPORE;dbo;GCCUSTO;CODCOLIGADA;FKTTB1CONT_GCCUSTO
FK;CORPORE;dbo;TTB1CONT;TABELA;CODCCUSTO;2;;;;;;;;CORPORE;dbo;GCCUSTO;CODCCUSTO;FKTTB1CONT_GCCUSTO
FK;CORPORE;dbo;TTB1CONT;TABELA;CODCONTA;2;;;;;;;;CORPORE;dbo;CCONTA;CODCONTA;FKTTB1CONT_CCONTA
FK;CORPORE;dbo;TTB1RAT;TABELA;CODCOLCONTAGER;1;;;;;;;;CORPORE;dbo;CGERENCIA;CODCOLIGADA;FKTTB1RAT_CGERENCIA
FK;CORPORE;dbo;TTB1RAT;TABELA;CODCONTAGER;2;;;;;;;;CORPORE;dbo;CGERENCIA;CODCONTA;FKTTB1RAT_CGERENCIA
FK;CORPORE;dbo;TTB2;TABELA;CODCOLCONTAGER;1;;;;;;;;CORPORE;dbo;CGERENCIA;CODCOLIGADA;FKTTB2_CGERENCIA
FK;CORPORE;dbo;TTB2;TABELA;CODCONTAGER;2;;;;;;;;CORPORE;dbo;CGERENCIA;CODCONTA;FKTTB2_CGERENCIA
FK;CORPORE;dbo;TTB2CFO;TABELA;CODCOLCFO;1;;;;;;;;CORPORE;dbo;FCFO;CODCOLIGADA;FKTTB2CFO_FCFO
FK;CORPORE;dbo;TTB2CFO;TABELA;CODCFO;2;;;;;;;;CORPORE;dbo;FCFO;CODCFO;FKTTB2CFO_FCFO
FK;CORPORE;dbo;TTB2CONT;TABELA;CODCOLCONTA;1;;;;;;;;CORPORE;dbo;CCONTA;CODCOLIGADA;FKTTB2CONT_CCONTA
FK;CORPORE;dbo;TTB2CONT;TABELA;CODCOLIGADA;1;;;;;;;;CORPORE;dbo;GCCUSTO;CODCOLIGADA;FKTTB2CONT_GCCUSTO
FK;CORPORE;dbo;TTB2CONT;TABELA;CODCCUSTO;2;;;;;;;;CORPORE;dbo;GCCUSTO;CODCCUSTO;FKTTB2CONT_GCCUSTO
FK;CORPORE;dbo;TTB2CONT;TABELA;CODCONTA;2;;;;;;;;CORPORE;dbo;CCONTA;CODCONTA;FKTTB2CONT_CCONTA
FK;CORPORE;dbo;TTB2RAT;TABELA;CODCOLCONTAGER;1;;;;;;;;CORPORE;dbo;CGERENCIA;CODCOLIGADA;FKTTB2RAT_CGERENCIA
FK;CORPORE;dbo;TTB2RAT;TABELA;CODCONTAGER;2;;;;;;;;CORPORE;dbo;CGERENCIA;CODCONTA;FKTTB2RAT_CGERENCIA
FK;CORPORE;dbo;TTB3;TABELA;CODCOLCONTAGER;1;;;;;;;;CORPORE;dbo;CGERENCIA;CODCOLIGADA;FKTTB3_CGERENCIA
FK;CORPORE;dbo;TTB3;TABELA;CODCONTAGER;2;;;;;;;;CORPORE;dbo;CGERENCIA;CODCONTA;FKTTB3_CGERENCIA
FK;CORPORE;dbo;TTB3CFO;TABELA;CODCOLCFO;1;;;;;;;;CORPORE;dbo;FCFO;CODCOLIGADA;FKTTB3CFO_FCFO
FK;CORPORE;dbo;TTB3CFO;TABELA;CODCFO;2;;;;;;;;CORPORE;dbo;FCFO;CODCFO;FKTTB3CFO_FCFO
FK;CORPORE;dbo;TTB3CONT;TABELA;CODCOLCONTA;1;;;;;;;;CORPORE;dbo;CCONTA;CODCOLIGADA;FKTTB3CONT_CCONTA
FK;CORPORE;dbo;TTB3CONT;TABELA;CODCOLIGADA;1;;;;;;;;CORPORE;dbo;GCCUSTO;CODCOLIGADA;FKTTB3CONT_GCCUSTO
FK;CORPORE;dbo;TTB3CONT;TABELA;CODCCUSTO;2;;;;;;;;CORPORE;dbo;GCCUSTO;CODCCUSTO;FKTTB3CONT_GCCUSTO
FK;CORPORE;dbo;TTB3CONT;TABELA;CODCONTA;2;;;;;;;;CORPORE;dbo;CCONTA;CODCONTA;FKTTB3CONT_CCONTA
FK;CORPORE;dbo;TTB3RAT;TABELA;CODCOLCONTAGER;1;;;;;;;;CORPORE;dbo;CGERENCIA;CODCOLIGADA;FKTTB3RAT_CGERENCIA
FK;CORPORE;dbo;TTB3RAT;TABELA;CODCONTAGER;2;;;;;;;;CORPORE;dbo;CGERENCIA;CODCONTA;FKTTB3RAT_CGERENCIA
FK;CORPORE;dbo;TTB4;TABELA;CODCOLCONTAGER;1;;;;;;;;CORPORE;dbo;CGERENCIA;CODCOLIGADA;FKTTB4_CGERENCIA
FK;CORPORE;dbo;TTB4;TABELA;CODCONTAGER;2;;;;;;;;CORPORE;dbo;CGERENCIA;CODCONTA;FKTTB4_CGERENCIA
FK;CORPORE;dbo;TTB4CFO;TABELA;CODCOLCFO;1;;;;;;;;CORPORE;dbo;FCFO;CODCOLIGADA;FKTTB4CFO_FCFO
FK;CORPORE;dbo;TTB4CFO;TABELA;CODCFO;2;;;;;;;;CORPORE;dbo;FCFO;CODCFO;FKTTB4CFO_FCFO
FK;CORPORE;dbo;TTB4CONT;TABELA;CODCOLCONTA;1;;;;;;;;CORPORE;dbo;CCONTA;CODCOLIGADA;FKTTB4CONT_CCONTA
FK;CORPORE;dbo;TTB4CONT;TABELA;CODCOLIGADA;1;;;;;;;;CORPORE;dbo;GCCUSTO;CODCOLIGADA;FKTTB4CONT_GCCUSTO
FK;CORPORE;dbo;TTB4CONT;TABELA;CODCCUSTO;2;;;;;;;;CORPORE;dbo;GCCUSTO;CODCCUSTO;FKTTB4CONT_GCCUSTO
FK;CORPORE;dbo;TTB4CONT;TABELA;CODCONTA;2;;;;;;;;CORPORE;dbo;CCONTA;CODCONTA;FKTTB4CONT_CCONTA
FK;CORPORE;dbo;TTB4RAT;TABELA;CODCOLCONTAGER;1;;;;;;;;CORPORE;dbo;CGERENCIA;CODCOLIGADA;FKTTB4RAT_CGERENCIA
FK;CORPORE;dbo;TTB4RAT;TABELA;CODCONTAGER;2;;;;;;;;CORPORE;dbo;CGERENCIA;CODCONTA;FKTTB4RAT_CGERENCIA
FK;CORPORE;dbo;TTB5;TABELA;CODCOLCONTAGER;1;;;;;;;;CORPORE;dbo;CGERENCIA;CODCOLIGADA;FKTTB5_CGERENCIA
FK;CORPORE;dbo;TTB5;TABELA;CODCONTAGER;2;;;;;;;;CORPORE;dbo;CGERENCIA;CODCONTA;FKTTB5_CGERENCIA
FK;CORPORE;dbo;TTB5CFO;TABELA;CODCOLCFO;1;;;;;;;;CORPORE;dbo;FCFO;CODCOLIGADA;FKTTB5CFO_FCFO
FK;CORPORE;dbo;TTB5CFO;TABELA;CODCFO;2;;;;;;;;CORPORE;dbo;FCFO;CODCFO;FKTTB5CFO_FCFO
FK;CORPORE;dbo;TTB5CONT;TABELA;CODCOLCONTA;1;;;;;;;;CORPORE;dbo;CCONTA;CODCOLIGADA;FKTTB5CONT_CCONTA
FK;CORPORE;dbo;TTB5CONT;TABELA;CODCOLIGADA;1;;;;;;;;CORPORE;dbo;GCCUSTO;CODCOLIGADA;FKTTB5CONT_GCCUSTO
FK;CORPORE;dbo;TTB5CONT;TABELA;CODCCUSTO;2;;;;;;;;CORPORE;dbo;GCCUSTO;CODCCUSTO;FKTTB5CONT_GCCUSTO
FK;CORPORE;dbo;TTB5CONT;TABELA;CODCONTA;2;;;;;;;;CORPORE;dbo;CCONTA;CODCONTA;FKTTB5CONT_CCONTA
FK;CORPORE;dbo;TTB5RAT;TABELA;CODCOLCONTAGER;1;;;;;;;;CORPORE;dbo;CGERENCIA;CODCOLIGADA;FKTTB5RAT_CGERENCIA
FK;CORPORE;dbo;TTB5RAT;TABELA;CODCONTAGER;2;;;;;;;;CORPORE;dbo;CGERENCIA;CODCONTA;FKTTB5RAT_CGERENCIA
FK;CORPORE;dbo;TTBCLASSIFCCUSTO;TABELA;CODCOLIGADA;1;;;;;;;;CORPORE;dbo;GCCUSTO;CODCOLIGADA;FKTTBCLASSIFCCUSTO_GCCUSTO
FK;CORPORE;dbo;TTBCLASSIFCCUSTO;TABELA;CODCCUSTO;2;;;;;;;;CORPORE;dbo;GCCUSTO;CODCCUSTO;FKTTBCLASSIFCCUSTO_GCCUSTO
FK;CORPORE;dbo;TTBORCAMENTOCCUSTO;TABELA;CODCOLIGADA;1;;;;;;;;CORPORE;dbo;GCCUSTO;CODCOLIGADA;FKTTBORCAMENTOCCUSTO_GCCUSTO
FK;CORPORE;dbo;TTBORCAMENTOCCUSTO;TABELA;CODCOLTBORCAMENTO;1;;;;;;;;CORPORE;dbo;TTBORCAMENTO;CODCOLIGADA;FKTTBORCAMECCUSTO_TTBORCAMENTO
FK;CORPORE;dbo;TTBORCAMENTOCCUSTO;TABELA;CODCCUSTO;2;;;;;;;;CORPORE;dbo;GCCUSTO;CODCCUSTO;FKTTBORCAMENTOCCUSTO_GCCUSTO
FK;CORPORE;dbo;TTBORCAMENTOCCUSTO;TABELA;CODTBORCAMENTO;2;;;;;;;;CORPORE;dbo;TTBORCAMENTO;CODTBORCAMENTO;FKTTBORCAMECCUSTO_TTBORCAMENTO
FK;CORPORE;dbo;TTBORCAMENTOCONT;TABELA;CODCOLCONTA;1;;;;;;;;CORPORE;dbo;CCONTA;CODCOLIGADA;FKTTBORCAMENTOCONT_CCONTA
FK;CORPORE;dbo;TTBORCAMENTOCONT;TABELA;CODCOLIGADA;1;;;;;;;;CORPORE;dbo;GCCUSTO;CODCOLIGADA;FKTTBORCAMENTOCONT_GCCUSTO
FK;CORPORE;dbo;TTBORCAMENTOCONT;TABELA;CODCOLTBORCAMENTO;1;;;;;;;;CORPORE;dbo;TTBORCAMENTO;CODCOLIGADA;FKTTBORCAMENTOCONT_TTBORCAMENT
FK;CORPORE;dbo;TTBORCAMENTOCONT;TABELA;CODCCUSTO;2;;;;;;;;CORPORE;dbo;GCCUSTO;CODCCUSTO;FKTTBORCAMENTOCONT_GCCUSTO
FK;CORPORE;dbo;TTBORCAMENTOCONT;TABELA;CODCONTA;2;;;;;;;;CORPORE;dbo;CCONTA;CODCONTA;FKTTBORCAMENTOCONT_CCONTA
FK;CORPORE;dbo;TTBORCAMENTOCONT;TABELA;CODTBORCAMENTO;2;;;;;;;;CORPORE;dbo;TTBORCAMENTO;CODTBORCAMENTO;FKTTBORCAMENTOCONT_TTBORCAMENT
FK;CORPORE;dbo;TTBORCAMENTORAT;TABELA;CODCOLCONTA;1;;;;;;;;CORPORE;dbo;CCONTA;CODCOLIGADA;FKTTBORCAMENTORAT_CCONTA
FK;CORPORE;dbo;TTBORCAMENTORAT;TABELA;CODCOLCONTAGER;1;;;;;;;;CORPORE;dbo;CGERENCIA;CODCOLIGADA;FKTTBORCAMENTORAT_CGERENCIA
FK;CORPORE;dbo;TTBORCAMENTORAT;TABELA;CODCONTA;2;;;;;;;;CORPORE;dbo;CCONTA;CODCONTA;FKTTBORCAMENTORAT_CCONTA
FK;CORPORE;dbo;TTBORCAMENTORAT;TABELA;CODCONTAGER;2;;;;;;;;CORPORE;dbo;CGERENCIA;CODCONTA;FKTTBORCAMENTORAT_CGERENCIA
FK;CORPORE;dbo;TTMV;TABELA;CODCOLCFODESTIN;1;;;;;;;;CORPORE;dbo;FCFO;CODCOLIGADA;FKTTMV_FCFODESTIN
FK;CORPORE;dbo;TTMV;TABELA;CODCOLCFOEMISSAO;1;;;;;;;;CORPORE;dbo;FCFO;CODCOLIGADA;FKTTMV_FCFOEMISSAO
FK;CORPORE;dbo;TTMV;TABELA;CODCOLIGADA;1;;;;;;;;CORPORE;dbo;GCCUSTO;CODCOLIGADA;FKTTMV_GCCU
FK;CORPORE;dbo;TTMV;TABELA;CODCCUSTO;2;;;;;;;;CORPORE;dbo;GCCUSTO;CODCCUSTO;FKTTMV_GCCU
FK;CORPORE;dbo;TTMV;TABELA;CODCFODESTIN;2;;;;;;;;CORPORE;dbo;FCFO;CODCFO;FKTTMV_FCFODESTIN
FK;CORPORE;dbo;TTMV;TABELA;CODCFOEMISSAO;2;;;;;;;;CORPORE;dbo;FCFO;CODCFO;FKTTMV_FCFOEMISSAO
FK;CORPORE;dbo;TTRACONT;TABELA;CODCOLCONTA;1;;;;;;;;CORPORE;dbo;CCONTA;CODCOLIGADA;FKTTRACONT_CCONTA
FK;CORPORE;dbo;TTRACONT;TABELA;CODCOLIGADA;1;;;;;;;;CORPORE;dbo;GCCUSTO;CODCOLIGADA;FKTTRACONT_GCCUSTO
FK;CORPORE;dbo;TTRACONT;TABELA;CODCCUSTO;2;;;;;;;;CORPORE;dbo;GCCUSTO;CODCCUSTO;FKTTRACONT_GCCUSTO
FK;CORPORE;dbo;TTRACONT;TABELA;CODCONTA;2;;;;;;;;CORPORE;dbo;CCONTA;CODCONTA;FKTTRACONT_CCONTA
FK;CORPORE;dbo;TTRANSFORCAMENTO;TABELA;CODCOLIGADA;1;;;;;;;;CORPORE;dbo;TMOVORCAMENTO;CODCOLIGADA;FKTTRANSFORC_TMOVORCAMENTODEST
FK;CORPORE;dbo;TTRANSFORCAMENTO;TABELA;CODCOLIGADA;1;;;;;;;;CORPORE;dbo;TMOVORCAMENTO;CODCOLIGADA;FKTTRANSFORC_TMOVORCAMENTOORIG
FK;CORPORE;dbo;TTRANSFORCAMENTO;TABELA;IDMOVORCAMENTODESTINO;2;;;;;;;;CORPORE;dbo;TMOVORCAMENTO;IDMOVORCAMENTO;FKTTRANSFORC_TMOVORCAMENTODEST
FK;CORPORE;dbo;TTRANSFORCAMENTO;TABELA;IDMOVORCAMENTOORIGEM;2;;;;;;;;CORPORE;dbo;TMOVORCAMENTO;IDMOVORCAMENTO;FKTTRANSFORC_TMOVORCAMENTOORIG
FK;CORPORE;dbo;TTRARAT;TABELA;CODCOLCONTA;1;;;;;;;;CORPORE;dbo;CCONTA;CODCOLIGADA;FKTTRARAT_CCONTA
FK;CORPORE;dbo;TTRARAT;TABELA;CODCOLCONTAGER;1;;;;;;;;CORPORE;dbo;CGERENCIA;CODCOLIGADA;FKTTRARAT_CGERENCIA
FK;CORPORE;dbo;TTRARAT;TABELA;CODCONTA;2;;;;;;;;CORPORE;dbo;CCONTA;CODCONTA;FKTTRARAT_CCONTA
FK;CORPORE;dbo;TTRARAT;TABELA;CODCONTAGER;2;;;;;;;;CORPORE;dbo;CGERENCIA;CODCONTA;FKTTRARAT_CGERENCIA
FK;CORPORE;dbo;TTRBMOV;TABELA;CODCOLCFOBENEF;1;;;;;;;;CORPORE;dbo;FCFO;CODCOLIGADA;FKTTRBMOV_FCFO
FK;CORPORE;dbo;TTRBMOV;TABELA;CODCOLIGADA;1;;;;;;;;CORPORE;dbo;TMOV;CODCOLIGADA;FKTTRBMOV_TMOV
FK;CORPORE;dbo;TTRBMOV;TABELA;CODCFOBENEF;2;;;;;;;;CORPORE;dbo;FCFO;CODCFO;FKTTRBMOV_FCFO
FK;CORPORE;dbo;TTRBMOV;TABELA;IDMOV;2;;;;;;;;CORPORE;dbo;TMOV;IDMOV;FKTTRBMOV_TMOV
FK;CORPORE;dbo;TUNDCFOCOLAB;TABELA;CODCOLCFO;1;;;;;;;;CORPORE;dbo;FCFO;CODCOLIGADA;FKTUNDCFOCOLAB_FCFO
FK;CORPORE;dbo;TUNDCFOCOLAB;TABELA;CODCFO;2;;;;;;;;CORPORE;dbo;FCFO;CODCFO;FKTUNDCFOCOLAB_FCFO
FK;CORPORE;dbo;TUSRTMV;TABELA;CODUSUARIO;1;;;;;;;;CORPORE;dbo;GUSUARIO;CODUSUARIO;FKTUSRTMV_GUSUARIO
FK;CORPORE;dbo;TUSUARIOCCUSTO;TABELA;CODCOLIGADA;1;;;;;;;;CORPORE;dbo;GCCUSTO;CODCOLIGADA;FKTUSUARIOCCUSTO_GCCUSTO
FK;CORPORE;dbo;TUSUARIOCCUSTO;TABELA;CODUSUARIO;1;;;;;;;;CORPORE;dbo;GUSUARIO;CODUSUARIO;FKTUSUARIOCCUSTO_GUSUARIO
FK;CORPORE;dbo;TUSUARIOCCUSTO;TABELA;CODCCUSTO;2;;;;;;;;CORPORE;dbo;GCCUSTO;CODCCUSTO;FKTUSUARIOCCUSTO_GCCUSTO
FK;CORPORE;dbo;TVEICULOS;TABELA;CODCOLCFOVEICULO;1;;;;;;;;CORPORE;dbo;FCFO;CODCOLIGADA;FKTVEICULOS_FCFO
FK;CORPORE;dbo;TVEICULOS;TABELA;CODCFOVEICULO;2;;;;;;;;CORPORE;dbo;FCFO;CODCFO;FKTVEICULOS_FCFO
FK;CORPORE;dbo;TVEN;TABELA;CODPESSOA;1;;;;;;;;CORPORE;dbo;PPESSOA;CODIGO;FKTVEN_PPESSOA
FK;CORPORE;dbo;TVEN;TABELA;CODUSUARIO;1;;;;;;;;CORPORE;dbo;GUSUARIO;CODUSUARIO;FKTVEN_GUSUARIO
FK;CORPORE;dbo;TVENVAL;TABELA;CODCOLIGADA;1;;;;;;;;CORPORE;dbo;GCCUSTO;CODCOLIGADA;FKTVENVAL_GCCU
FK;CORPORE;dbo;TVENVAL;TABELA;CODCCUSTO;2;;;;;;;;CORPORE;dbo;GCCUSTO;CODCCUSTO;FKTVENVAL_GCCU
FK;CORPORE;dbo;TVINCITMMOVRELAC;TABELA;CODCOLDESTINO;1;;;;;;;;CORPORE;dbo;TITMMOV;CODCOLIGADA;FKTVINCITMMOVRELAC_TITMMOV2
FK;CORPORE;dbo;TVINCITMMOVRELAC;TABELA;CODCOLORIGEM;1;;;;;;;;CORPORE;dbo;TITMMOV;CODCOLIGADA;FKTVINCITMMOVRELAC_TITMMOV
FK;CORPORE;dbo;TVINCITMMOVRELAC;TABELA;IDMOVDESTINO;2;;;;;;;;CORPORE;dbo;TITMMOV;IDMOV;FKTVINCITMMOVRELAC_TITMMOV2
FK;CORPORE;dbo;TVINCITMMOVRELAC;TABELA;IDMOVORIGEM;2;;;;;;;;CORPORE;dbo;TITMMOV;IDMOV;FKTVINCITMMOVRELAC_TITMMOV
FK;CORPORE;dbo;TVINCITMMOVRELAC;TABELA;NSEQITMMOVDESTINO;3;;;;;;;;CORPORE;dbo;TITMMOV;NSEQITMMOV;FKTVINCITMMOVRELAC_TITMMOV2
FK;CORPORE;dbo;TVINCITMMOVRELAC;TABELA;NSEQITMMOVORIGEM;3;;;;;;;;CORPORE;dbo;TITMMOV;NSEQITMMOV;FKTVINCITMMOVRELAC_TITMMOV
FK;CORPORE;dbo;TVINCMOVRELAC;TABELA;CODCOLIGADA;1;;;;;;;;CORPORE;dbo;TMOV;CODCOLIGADA;FKTVINCMOVRELAC_TMOV
FK;CORPORE;dbo;TVINCMOVRELAC;TABELA;IDMOVDESTINO;2;;;;;;;;CORPORE;dbo;TMOV;IDMOV;FKTVINCMOVRELAC_TMOV
FK;CORPORE;dbo;TVINCULOMOV;TABELA;CODCOLIGADA;1;;;;;;;;CORPORE;dbo;TMOV;CODCOLIGADA;FKTVINCULOMOV_TMOV
FK;CORPORE;dbo;TVINCULOMOV;TABELA;IDMOV;2;;;;;;;;CORPORE;dbo;TMOV;IDMOV;FKTVINCULOMOV_TMOV
FK;CORPORE;dbo;TWCITMORCAMENTO;TABELA;CODCOLCFO;1;;;;;;;;CORPORE;dbo;FCFO;CODCOLIGADA;FKTWCITMORCAMENTO_FCFO
FK;CORPORE;dbo;TWCITMORCAMENTO;TABELA;CODCFO;2;;;;;;;;CORPORE;dbo;FCFO;CODCFO;FKTWCITMORCAMENTO_FCFO
FK;CORPORE;dbo;TWCITMORCAMENTOGRP;TABELA;CODCOLCFO;1;;;;;;;;CORPORE;dbo;FCFO;CODCOLIGADA;FKTWCITMORCAMENTOGRP_FCFO
FK;CORPORE;dbo;TWCITMORCAMENTOGRP;TABELA;CODCFO;2;;;;;;;;CORPORE;dbo;FCFO;CODCFO;FKTWCITMORCAMENTOGRP_FCFO
FK;CORPORE;dbo;TWCORCAMENTO;TABELA;CODCOLCFO;1;;;;;;;;CORPORE;dbo;FCFO;CODCOLIGADA;FKTWCORCAMENTO_FCFO
FK;CORPORE;dbo;TWCORCAMENTO;TABELA;CODCFO;2;;;;;;;;CORPORE;dbo;FCFO;CODCFO;FKTWCORCAMENTO_FCFO
FK;CORPORE;dbo;ULISTAPRESENCA;TABELA;USUARIO;1;;;;;;;;CORPORE;dbo;GUSUARIO;CODUSUARIO;FKULISTAPRESENCA_GUSUARIO
FK;CORPORE;dbo;ULISTAPRESENCAHIST;TABELA;USUARIO;1;;;;;;;;CORPORE;dbo;GUSUARIO;CODUSUARIO;FKULISTAPRESENCAHIST_GUSUARIO
FK;CORPORE;dbo;UMATALUN;TABELA;USRALTST;1;;;;;;;;CORPORE;dbo;GUSUARIO;CODUSUARIO;FKUMATALUN_GUSUARIO
FK;CORPORE;dbo;UPERIODOS;TABELA;CODCOLIGADA;1;;;;;;;;CORPORE;dbo;GCCUSTO;CODCOLIGADA;FKUPERIODOS_GCCUSTO
FK;CORPORE;dbo;UPERIODOS;TABELA;CODCCUSTO;2;;;;;;;;CORPORE;dbo;GCCUSTO;CODCCUSTO;FKUPERIODOS_GCCUSTO
FK;CORPORE;dbo;UPROFATVDOCENTE;TABELA;CODCOLIGADA;1;;;;;;;;CORPORE;dbo;GCCUSTO;CODCOLIGADA;FKUPROFATVDOCENTE_GCCUSTO
FK;CORPORE;dbo;UPROFATVDOCENTE;TABELA;CODCCUSTO;2;;;;;;;;CORPORE;dbo;GCCUSTO;CODCCUSTO;FKUPROFATVDOCENTE_GCCUSTO
FK;CORPORE;dbo;UTIPOATVDOCENTE;TABELA;CODCOLIGADA;1;;;;;;;;CORPORE;dbo;GCCUSTO;CODCOLIGADA;FKUTIPOATVDOCENTE_GCCUSTO
FK;CORPORE;dbo;UTIPOATVDOCENTE;TABELA;CODCCUSTO;2;;;;;;;;CORPORE;dbo;GCCUSTO;CODCCUSTO;FKUTIPOATVDOCENTE_GCCUSTO
FK;CORPORE;dbo;VACOESVINCULADAS;TABELA;CODPESSOA;1;;;;;;;;CORPORE;dbo;PPESSOA;CODIGO;FKVACOESVINCULADAS_PPESSOA
FK;CORPORE;dbo;VADACAOAVALIADA;TABELA;CODAVALIADO;1;;;;;;;;CORPORE;dbo;PPESSOA;CODIGO;FKVADACAOAVALIADA_PPESSOA
FK;CORPORE;dbo;VADVERTENCIA;TABELA;CODTESTEMUN1;1;;;;;;;;CORPORE;dbo;PPESSOA;CODIGO;FKVADVERTENCIA_PPESSOA1
FK;CORPORE;dbo;VADVERTENCIA;TABELA;CODTESTEMUN2;1;;;;;;;;CORPORE;dbo;PPESSOA;CODIGO;FKVADVERTENCIA_PPESSOA2
FK;CORPORE;dbo;VADVOGADO;TABELA;CODPESSOA;1;;;;;;;;CORPORE;dbo;PPESSOA;CODIGO;FKVADVOGADO_PPESSOA
FK;CORPORE;dbo;VAGENDAEXAM;TABELA;CODPESSOA;1;;;;;;;;CORPORE;dbo;PPESSOA;CODIGO;FKVAGENDAEXAM_PPESSOA
FK;CORPORE;dbo;VASSOCPCMSOPPRA;TABELA;CODPESSOA;1;;;;;;;;CORPORE;dbo;PPESSOA;CODIGO;FKVASSOCPCMSOPPRA_PPESSOA
FK;CORPORE;dbo;VATESTADO;TABELA;CODPESSOA;1;;;;;;;;CORPORE;dbo;PPESSOA;CODIGO;FKVATESTADO_PPESSOA
FK;CORPORE;dbo;VATRIBUICOESMETAS;TABELA;CODPESSOA;1;;;;;;;;CORPORE;dbo;PPESSOA;CODIGO;FKVATRIBUICOESMETAS_PPESSOA
FK;CORPORE;dbo;VAUSENCIA;TABELA;CODPESSOA;1;;;;;;;;CORPORE;dbo;PPESSOA;CODIGO;FKVAUSENCIA_PPESSOA
FK;CORPORE;dbo;VAVALIADOAD;TABELA;CODPESSOA;1;;;;;;;;CORPORE;dbo;PPESSOA;CODIGO;FKVAVALIADOAD_PPESSOA
FK;CORPORE;dbo;VAVALIADORAD;TABELA;CODAVALIADOR;1;;;;;;;;CORPORE;dbo;PPESSOA;CODIGO;FKVAVALIADORAD_PPESSOA
FK;CORPORE;dbo;VBENEFFORNECEDORES;TABELA;CODCOLFCFO;1;;;;;;;;CORPORE;dbo;FCFO;CODCOLIGADA;FKVBENEFFORNECEDORES_FCFO
FK;CORPORE;dbo;VBENEFFORNECEDORES;TABELA;CODCFO;2;;;;;;;;CORPORE;dbo;FCFO;CODCFO;FKVBENEFFORNECEDORES_FCFO
FK;CORPORE;dbo;VBIBRIGADISTA;TABELA;CODPESSOA;1;;;;;;;;CORPORE;dbo;PPESSOA;CODIGO;FKVBIBRIGADISTA_PPESSOA
FK;CORPORE;dbo;VCANDIDATOS;TABELA;CODPESSOA;1;;;;;;;;CORPORE;dbo;PPESSOA;CODIGO;FKVCANDIDATOS_PPESSOA
FK;CORPORE;dbo;VCANDIDATOSCIPA;TABELA;CODPESSOA;1;;;;;;;;CORPORE;dbo;PPESSOA;CODIGO;FKVCANDIDATOSCIPA_PPESSOA
FK;CORPORE;dbo;VCOMPETENCIAPESSOA;TABELA;CODPESSOA;1;;;;;;;;CORPORE;dbo;PPESSOA;CODIGO;FKVCOMPETENCIAPESSOA_PPESSOA
FK;CORPORE;dbo;VCOMPETENCIAPESSOAHIST;TABELA;CODPESSOA;1;;;;;;;;CORPORE;dbo;PPESSOA;CODIGO;FKVCOMPETENCIAPESSHIST_PPESSOA
FK;CORPORE;dbo;VCONSULTASPRONT;TABELA;CODPESSOA;1;;;;;;;;CORPORE;dbo;PPESSOA;CODIGO;FKVCONSULTASPRONT_PPESSOA
FK;CORPORE;dbo;VCTRLVACINAL;TABELA;CODPESSOA;1;;;;;;;;CORPORE;dbo;PPESSOA;CODIGO;FKVCTRLVACINAL_PPESSOA
FK;CORPORE;dbo;VCURRICULOANEXO;TABELA;CODPESSOA;1;;;;;;;;CORPORE;dbo;PPESSOA;CODIGO;FKVCURRICULOANEXO_PPESSOA
FK;CORPORE;dbo;VDESPESA;TABELA;CODCOLCCUSTO;1;;;;;;;;CORPORE;dbo;GCCUSTO;CODCOLIGADA;FKVDESPESA_GCCUSTO
FK;CORPORE;dbo;VDESPESA;TABELA;CODCOLCFO;1;;;;;;;;CORPORE;dbo;FCFO;CODCOLIGADA;FKVDESPESA_FCFO
FK;CORPORE;dbo;VDESPESA;TABELA;CODCCUSTO;2;;;;;;;;CORPORE;dbo;GCCUSTO;CODCCUSTO;FKVDESPESA_GCCUSTO
FK;CORPORE;dbo;VDESPESA;TABELA;CODCFO;2;;;;;;;;CORPORE;dbo;FCFO;CODCFO;FKVDESPESA_FCFO
FK;CORPORE;dbo;VDESPESAPLANILHA;TABELA;CODCOLIGADA;1;;;;;;;;CORPORE;dbo;GCCUSTO;CODCOLIGADA;FKVDESPESAPLANILHA_GCCUSTO
FK;CORPORE;dbo;VDESPESAPLANILHA;TABELA;CODCCUSTO;2;;;;;;;;CORPORE;dbo;GCCUSTO;CODCCUSTO;FKVDESPESAPLANILHA_GCCUSTO
FK;CORPORE;dbo;VDESPESAS;TABELA;CODCOLIGADA;1;;;;;;;;CORPORE;dbo;GCCUSTO;CODCOLIGADA;FKVDESPESAS_GCCUSTO
FK;CORPORE;dbo;VDESPESAS;TABELA;CODCCUSTO;2;;;;;;;;CORPORE;dbo;GCCUSTO;CODCCUSTO;FKVDESPESAS_GCCUSTO
FK;CORPORE;dbo;VDESPESASREQSEL;TABELA;CODPESSOA;1;;;;;;;;CORPORE;dbo;PPESSOA;CODIGO;FKVDESPESASREQSEL_PPESSOA
FK;CORPORE;dbo;VEMPRESTIMOEPI;TABELA;CODPESSOA;1;;;;;;;;CORPORE;dbo;PPESSOA;CODIGO;FKVEMPRESTIMOEPI_PPESSOA
FK;CORPORE;dbo;VENVOLVIDOSCAT;TABELA;CODPESSOA;1;;;;;;;;CORPORE;dbo;PPESSOA;CODIGO;FKVENVOLVIDOSCAT_PPESSOA
FK;CORPORE;dbo;VEXAMESPEND;TABELA;CODPESSOA;1;;;;;;;;CORPORE;dbo;PPESSOA;CODIGO;FKVEXAMESPEND_PPESSOA
FK;CORPORE;dbo;VEXAMESPRONT;TABELA;CODPESSOA;1;;;;;;;;CORPORE;dbo;PPESSOA;CODIGO;FKVEXAMESPRONT_PPESSOA
FK;CORPORE;dbo;VEXAMESPRONTINFCLINICA;TABELA;CODPESSOA;1;;;;;;;;CORPORE;dbo;PPESSOA;CODIGO;FKVEXAMESPRINFCLINICA_PPESSOA
FK;CORPORE;dbo;VEXPPROF;TABELA;CODPESSOA;1;;;;;;;;CORPORE;dbo;PPESSOA;CODIGO;FKVEXPPROF_PPESSOA
FK;CORPORE;dbo;VFILIACAO;TABELA;CODPESSOAFILHO;1;;;;;;;;CORPORE;dbo;PPESSOA;CODIGO;FKVFILIACAO_PPESSOA2
FK;CORPORE;dbo;VFILIACAO;TABELA;CODPESSOAFILIACAO;1;;;;;;;;CORPORE;dbo;PPESSOA;CODIGO;FKVFILIACAO_PPESSOA
FK;CORPORE;dbo;VFUNCAOPRETENDIDA;TABELA;CODPESSOA;1;;;;;;;;CORPORE;dbo;PPESSOA;CODIGO;FKVFUNCAOPRETENDIDA_PPESSOA
FK;CORPORE;dbo;VGMETAACEITE;TABELA;CODPESSOA;1;;;;;;;;CORPORE;dbo;PPESSOA;CODIGO;FKVGMETAACEITE_PPESSOA
FK;CORPORE;dbo;VGMETALANCAMENTO;TABELA;USUARIOALTERACAO;1;;;;;;;;CORPORE;dbo;GUSUARIO;CODUSUARIO;FKVGMETALANCAMENTO_GUSUARIO
FK;CORPORE;dbo;VGRAFICOS;TABELA;CODPESSOA;1;;;;;;;;CORPORE;dbo;PPESSOA;CODIGO;FKVGRAFICOS_PPESSOA
FK;CORPORE;dbo;VGRUPOAVALIACAO;TABELA;CODPESSOA;1;;;;;;;;CORPORE;dbo;PPESSOA;CODIGO;FKVGRUPOAVALIACAO_PPESSOA
FK;CORPORE;dbo;VHABILIDADESPESSOAIS;TABELA;CODPESSOA;1;;;;;;;;CORPORE;dbo;PPESSOA;CODIGO;FKVPESSOAIS_PPESSOA
FK;CORPORE;dbo;VHIERARQUIACOLIGADAEXTERNA;TABELA;CODPESSOA;1;;;;;;;;CORPORE;dbo;PPESSOA;CODIGO;FKVHIERARQUIA_PPESSOA
FK;CORPORE;dbo;VHISTMOVEPI;TABELA;CODCOLIGADA;1;;;;;;;;CORPORE;dbo;TITMMOV;CODCOLIGADA;FKVHISTMOVEPI_TITMMOV
FK;CORPORE;dbo;VHISTMOVEPI;TABELA;IDMOV;2;;;;;;;;CORPORE;dbo;TITMMOV;IDMOV;FKVHISTMOVEPI_TITMMOV
FK;CORPORE;dbo;VHISTMOVEPI;TABELA;NSEQITMMOV;3;;;;;;;;CORPORE;dbo;TITMMOV;NSEQITMMOV;FKVHISTMOVEPI_TITMMOV
FK;CORPORE;dbo;VHLIDER;TABELA;CODPESSOA;1;;;;;;;;CORPORE;dbo;PPESSOA;CODIGO;FKVHLIDER_PPESSOA
FK;CORPORE;dbo;VHTIMEPARTICIPANTE;TABELA;CODPESSOA;1;;;;;;;;CORPORE;dbo;PPESSOA;CODIGO;FKVHTIMEPARTICIPANTE_PPESSOA
FK;CORPORE;dbo;VINDICACOES;TABELA;CODPESSOA;1;;;;;;;;CORPORE;dbo;PPESSOA;CODIGO;FKVINDICACOES_PPESSOA
FK;CORPORE;dbo;VINVESTIGACAO;TABELA;CODPESSOARESP;1;;;;;;;;CORPORE;dbo;PPESSOA;CODIGO;FKVINVESTIGACAO_PPESSOA
FK;CORPORE;dbo;VLNTPESSOAS;TABELA;CODPESSOA;1;;;;;;;;CORPORE;dbo;PPESSOA;CODIGO;FKVLNTPESSOAS_PPESSOA
FK;CORPORE;dbo;VLNTPESSOASCOMP;TABELA;CODPESSOA;1;;;;;;;;CORPORE;dbo;PPESSOA;CODIGO;FKVLNTPESSOASCOMP_PPESSOAS
FK;CORPORE;dbo;VLNTPESSOASREQACESSO;TABELA;CODPESSOA;1;;;;;;;;CORPORE;dbo;PPESSOA;CODIGO;FKVLNTPESSOASREQACESSO_PPESSOA
FK;CORPORE;dbo;VLOTEEPI;TABELA;CODCOLIGADA;1;;;;;;;;CORPORE;dbo;TMOV;CODCOLIGADA;FK_VLOTEEPI_TMOV
FK;CORPORE;dbo;VLOTEEPI;TABELA;IDMOV;2;;;;;;;;CORPORE;dbo;TMOV;IDMOV;FK_VLOTEEPI_TMOV
FK;CORPORE;dbo;VMEDICAMENTOMOVIMENTO;TABELA;PESSOA;1;;;;;;;;CORPORE;dbo;PPESSOA;CODIGO;FKVMEDICAMENTOMOVIMENTO_PPESSO
FK;CORPORE;dbo;VMEMBROSGRUPOAVALIACAO;TABELA;CODPESSOA;1;;;;;;;;CORPORE;dbo;PPESSOA;CODIGO;FKVMEMBGRPAVALIACAO_PPESSOA
FK;CORPORE;dbo;VMETAS;TABELA;CODPESSOARESP;1;;;;;;;;CORPORE;dbo;PPESSOA;CODIGO;FKVMETAS_PPESSOA
FK;CORPORE;dbo;VMODRATEIO;TABELA;CODCOLIGADA;1;;;;;;;;CORPORE;dbo;GCCUSTO;CODCOLIGADA;FKVMODRATEIO_GCCUSTO
FK;CORPORE;dbo;VMODRATEIO;TABELA;CODCCUSTO;2;;;;;;;;CORPORE;dbo;GCCUSTO;CODCCUSTO;FKVMODRATEIO_GCCUSTO
FK;CORPORE;dbo;VMODTURMA;TABELA;CODINSTRUTOR;1;;;;;;;;CORPORE;dbo;PPESSOA;CODIGO;FKVMODTURMA_PPESSOA
FK;CORPORE;dbo;VPAPEISRH;TABELA;CODPESSOA;1;;;;;;;;CORPORE;dbo;PPESSOA;CODIGO;FKVPAPEISRH_PPESSOA
FK;CORPORE;dbo;VPARECERREQUISICAO;TABELA;CODPESSOA;1;;;;;;;;CORPORE;dbo;PPESSOA;CODIGO;FKVPARECERREQUISICAO_PPESSOA
FK;CORPORE;dbo;VPARTICIPANTES;TABELA;CODPESSOA;1;;;;;;;;CORPORE;dbo;PPESSOA;CODIGO;FKVPARTICIPANTES_PPESSOA
FK;CORPORE;dbo;VPCOMPL;TABELA;CODPESSOA;1;;;;;;;;CORPORE;dbo;PPESSOA;CODIGO;FKVPCOMPL_PPESSOA
FK;CORPORE;dbo;VPERFILEXAMEPESSOA;TABELA;CODPESSOA;1;;;;;;;;CORPORE;dbo;PPESSOA;CODIGO;FKVPERFILEXAMEPESSOA_PPESSOA
FK;CORPORE;dbo;VPESSOAREQUISICAO;TABELA;CODPESSOA;1;;;;;;;;CORPORE;dbo;PPESSOA;CODIGO;FKVPESSOAREQUISICAO_PPESSOA
FK;CORPORE;dbo;VPESSOAREQUISITADA;TABELA;CODPESSOA;1;;;;;;;;CORPORE;dbo;PPESSOA;CODIGO;FKVPESSOAREQ_PPESSOA
FK;CORPORE;dbo;VPESSOASINSCTURMA;TABELA;CODPESSOA;1;;;;;;;;CORPORE;dbo;PPESSOA;CODIGO;FKVPESSOASINSCTURMA_PPESSOA
FK;CORPORE;dbo;VPLANEJCURSOPESSOA;TABELA;CODPESSOA;1;;;;;;;;CORPORE;dbo;PPESSOA;CODIGO;FKVPLANEJCURSOPESSOA_PPESSOA
FK;CORPORE;dbo;VPLANILHATURMA;TABELA;CODINSTRUTOR;1;;;;;;;;CORPORE;dbo;PPESSOA;CODIGO;FKVPLANILHATURMA_PPESSOA
FK;CORPORE;dbo;VPLANORECRUTAMENTO;TABELA;CODPESSOA;1;;;;;;;;CORPORE;dbo;PPESSOA;CODIGO;FKVPLANOREC_PPESSOA
FK;CORPORE;dbo;VPLANOTREIN;TABELA;CODINSTRUTOR;1;;;;;;;;CORPORE;dbo;PPESSOA;CODIGO;FKVPLANOTREIN_PPESSOA
FK;CORPORE;dbo;VPLANOTREINA;TABELA;CODUSUALTCALC;1;;;;;;;;CORPORE;dbo;GUSUARIO;CODUSUARIO;FKVPLANOTREINA_GUSUARIO
FK;CORPORE;dbo;VPLANOTREINA;TABELA;CODUSUCTRLABERTURA;1;;;;;;;;CORPORE;dbo;GUSUARIO;CODUSUARIO;FKVPLANOTREINA_GUSUCTRLABERT
FK;CORPORE;dbo;VPLANOTREINAMENTOVERBA;TABELA;CODCOLIGADA;1;;;;;;;;CORPORE;dbo;GCCUSTO;CODCOLIGADA;FKVPLANOTREINVERBA_GCCUSTO
FK;CORPORE;dbo;VPLANOTREINAMENTOVERBA;TABELA;CODCCUSTO;2;;;;;;;;CORPORE;dbo;GCCUSTO;CODCCUSTO;FKVPLANOTREINVERBA_GCCUSTO
FK;CORPORE;dbo;VPOSTOTRABALHO;TABELA;CODCOLIGADACFO;1;;;;;;;;CORPORE;dbo;FCFO;CODCOLIGADA;FKVPOSTOTRABALHO_FCFO
FK;CORPORE;dbo;VPOSTOTRABALHO;TABELA;CODCFO;2;;;;;;;;CORPORE;dbo;FCFO;CODCFO;FKVPOSTOTRABALHO_FCFO
FK;CORPORE;dbo;VPPRAMEDICOES;TABELA;CODPESSOA;1;;;;;;;;CORPORE;dbo;PPESSOA;CODIGO;FKVPPRAMEDICOES_PPESSOA
FK;CORPORE;dbo;VPREATESTADO;TABELA;CODPESSOA;1;;;;;;;;CORPORE;dbo;PPESSOA;CODIGO;FKVPREATESTADO_PPESSOA
FK;CORPORE;dbo;VPREPOSTO;TABELA;CODPESSOA;1;;;;;;;;CORPORE;dbo;PPESSOA;CODIGO;FKVPREPOSTO_PPESSOA
FK;CORPORE;dbo;VPVV;TABELA;CODPESSOARESP;1;;;;;;;;CORPORE;dbo;PPESSOA;CODIGO;FKVPVV_PPESSOA
FK;CORPORE;dbo;VPVVDESPESA;TABELA;CODCOLIGADA;1;;;;;;;;CORPORE;dbo;GCCUSTO;CODCOLIGADA;FKVPVVDESPESA_GCCUSTO
FK;CORPORE;dbo;VPVVDESPESA;TABELA;CODCCUSTO;2;;;;;;;;CORPORE;dbo;GCCUSTO;CODCCUSTO;FKVPVVDESPESA_GCCUSTO
FK;CORPORE;dbo;VPVVEVENTO;TABELA;CODPESSOARESP;1;;;;;;;;CORPORE;dbo;PPESSOA;CODIGO;FKVPVVEVENTO_PPESSOA
FK;CORPORE;dbo;VPVVGASTOEVENTO;TABELA;CODCOLIGADA;1;;;;;;;;CORPORE;dbo;GCCUSTO;CODCOLIGADA;FKVPVVGASTOEVENTO_GCCUSTO
FK;CORPORE;dbo;VPVVGASTOEVENTO;TABELA;CODPESSOA;1;;;;;;;;CORPORE;dbo;PPESSOA;CODIGO;FKVPVVGASTOEVENTO_PPESSOA
FK;CORPORE;dbo;VPVVGASTOEVENTO;TABELA;CODCCUSTO;2;;;;;;;;CORPORE;dbo;GCCUSTO;CODCCUSTO;FKVPVVGASTOEVENTO_GCCUSTO
FK;CORPORE;dbo;VPVVPARTICIPANTE;TABELA;CODPESSOA;1;;;;;;;;CORPORE;dbo;PPESSOA;CODIGO;FKVPVVPARTICIPANTE_PPESSOA
FK;CORPORE;dbo;VPVVPARTICIPANTEEVENTO;TABELA;CODPESSOA;1;;;;;;;;CORPORE;dbo;PPESSOA;CODIGO;FKVPVVPARTICIPANTEEV_PPESSOA
FK;CORPORE;dbo;VRATDESPPLAN;TABELA;CODCOLIGADA;1;;;;;;;;CORPORE;dbo;GCCUSTO;CODCOLIGADA;FKVRATDESPPLAN_GCCUSTO
FK;CORPORE;dbo;VRATDESPPLAN;TABELA;CODCCUSTO;2;;;;;;;;CORPORE;dbo;GCCUSTO;CODCCUSTO;FKVRATDESPPLAN_GCCUSTO
FK;CORPORE;dbo;VRATEIODESPESA;TABELA;CODCOLIGADA;1;;;;;;;;CORPORE;dbo;GCCUSTO;CODCOLIGADA;FKVRATEIODESPESA_GCCUSTO
FK;CORPORE;dbo;VRATEIODESPESA;TABELA;CODCCUSTO;2;;;;;;;;CORPORE;dbo;GCCUSTO;CODCCUSTO;FKVRATEIODESPESA_GCCUSTO
FK;CORPORE;dbo;VRATEIOPLANILHATURMA;TABELA;CODCOLIGADA;1;;;;;;;;CORPORE;dbo;GCCUSTO;CODCOLIGADA;FKVRATEIOPLANILHATURMA_GCCUSTO
FK;CORPORE;dbo;VRATEIOPLANILHATURMA;TABELA;CODCCUSTO;2;;;;;;;;CORPORE;dbo;GCCUSTO;CODCCUSTO;FKVRATEIOPLANILHATURMA_GCCUSTO
FK;CORPORE;dbo;VRATEIOTURMAS;TABELA;CODCOLIGADA;1;;;;;;;;CORPORE;dbo;GCCUSTO;CODCOLIGADA;FKVRATEIOTURMAS_GCCUSTO
FK;CORPORE;dbo;VRATEIOTURMAS;TABELA;CODCCUSTO;2;;;;;;;;CORPORE;dbo;GCCUSTO;CODCCUSTO;FKVRATEIOTURMAS_GCCUSTO
FK;CORPORE;dbo;VRECLAMADO;TABELA;CODPESSOA;1;;;;;;;;CORPORE;dbo;PPESSOA;CODIGO;FKVRECLAMADO_PPESSOA
FK;CORPORE;dbo;VRECLAMANTE;TABELA;CODPESSOA;1;;;;;;;;CORPORE;dbo;PPESSOA;CODIGO;FKVRECLAMANTE_PPESSOA
FK;CORPORE;dbo;VRECRUTAMENTO;TABELA;CODPESSOA;1;;;;;;;;CORPORE;dbo;PPESSOA;CODIGO;FKVRECRUTAMENTO_PPESSOA
FK;CORPORE;dbo;VREGISTROPROFISSIONAL;TABELA;CODPESSOA;1;;;;;;;;CORPORE;dbo;PPESSOA;CODIGO;FKVREGISTROPROF_PPESSOA
FK;CORPORE;dbo;VREPRESENTANTE;TABELA;CODPESSOA;1;;;;;;;;CORPORE;dbo;PPESSOA;CODIGO;FKVREPRESENTANTE_PPESSOA
FK;CORPORE;dbo;VREQUISICAOADMISSAO;TABELA;CODPESSOA;1;;;;;;;;CORPORE;dbo;PPESSOA;CODIGO;FKVREQADMISSAO_PPESSOA
FK;CORPORE;dbo;VREQUISICAOADMISSAO;TABELA;CODREQUISITANTE;1;;;;;;;;CORPORE;dbo;PPESSOA;CODIGO;FKVREQADMISSAO_PPESSOAREQ
FK;CORPORE;dbo;VREQUISICAOBASE;TABELA;CODREQUISITANTE;1;;;;;;;;CORPORE;dbo;PPESSOA;CODIGO;FKVREQUISICAOBASE_PESSOA
FK;CORPORE;dbo;VREQUISICAOMOVPESSOAL;TABELA;CODCOLIGADA;1;;;;;;;;CORPORE;dbo;GCCUSTO;CODCOLIGADA;FKVREQUIMOVPESSOAL_GCCUSTO
FK;CORPORE;dbo;VREQUISICAOMOVPESSOAL;TABELA;CODCCUSTO;2;;;;;;;;CORPORE;dbo;GCCUSTO;CODCCUSTO;FKVREQUIMOVPESSOAL_GCCUSTO
FK;CORPORE;dbo;VREQUISICAOPESSOAL;TABELA;CODCOLIGADA;1;;;;;;;;CORPORE;dbo;GCCUSTO;CODCOLIGADA;FKVREQUISICAOPESSOAL_GCCUSTO
FK;CORPORE;dbo;VREQUISICAOPESSOAL;TABELA;CODCCUSTO;2;;;;;;;;CORPORE;dbo;GCCUSTO;CODCCUSTO;FKVREQUISICAOPESSOAL_GCCUSTO
FK;CORPORE;dbo;VREQUISITOPESSOAHIST;TABELA;CODPESSOA;1;;;;;;;;CORPORE;dbo;PPESSOA;CODIGO;FKVREQUISITOPESSOAHIST_PPESSOA
FK;CORPORE;dbo;VRESPMONBIOLOGICA;TABELA;CODIGO;1;;;;;;;;CORPORE;dbo;PPESSOA;CODIGO;FKVRESPMONBIOLOGICA_PPESSOA
FK;CORPORE;dbo;VRESPOSTACANDIDATURACIPA;TABELA;CODPESSOA;1;;;;;;;;CORPORE;dbo;PPESSOA;CODIGO;FKVRESPCANDIDATCIPA_PPESSOA
FK;CORPORE;dbo;VRESPREGAMBIENTAL;TABELA;CODIGO;1;;;;;;;;CORPORE;dbo;PPESSOA;CODIGO;FKVRESPREGAMBIENTAL_PPESSOA
FK;CORPORE;dbo;VREUNIAOSPAT;TABELA;CODPESSOA;1;;;;;;;;CORPORE;dbo;PPESSOA;CODIGO;FKVREUNIAOSPAT_PPESSOA
FK;CORPORE;dbo;VRNTREGDEMANDAS;TABELA;CODPESSOA;1;;;;;;;;CORPORE;dbo;PPESSOA;CODIGO;FKVRNTREGDEM_PPESSOA
FK;CORPORE;dbo;VRNTREGDEMANDAS;TABELA;CODPESSOAVERIF;1;;;;;;;;CORPORE;dbo;PPESSOA;CODIGO;FKVRNTREGDEM_PPESSOAVERIF
FK;CORPORE;dbo;VROTA;TABELA;CODPESSOA;1;;;;;;;;CORPORE;dbo;PPESSOA;CODIGO;FKVROTA_PPESSOA
FK;CORPORE;dbo;VRSETAPAS;TABELA;CODCOLIGADACODFCFO;1;;;;;;;;CORPORE;dbo;FCFO;CODCOLIGADA;FKVRSETAPAS_FCFO
FK;CORPORE;dbo;VRSETAPAS;TABELA;CODFCFO;2;;;;;;;;CORPORE;dbo;FCFO;CODCFO;FKVRSETAPAS_FCFO
FK;CORPORE;dbo;VRSSELECOES;TABELA;RESPONSAVEL;1;;;;;;;;CORPORE;dbo;PPESSOA;CODIGO;FKVRSSELECOES_PPESSOA
FK;CORPORE;dbo;VRSSELECOESPESSOASVAGAS;TABELA;CODPESSOA;1;;;;;;;;CORPORE;dbo;PPESSOA;CODIGO;FKVRSSELECPESSVAG_PPESSOA
FK;CORPORE;dbo;VRSSELECOESREGISTROCONTATO;TABELA;CODPESSOA;1;;;;;;;;CORPORE;dbo;PPESSOA;CODIGO;FKVRSSELREGISTROCONT_PPESSOA
FK;CORPORE;dbo;VRSSELECOESVAGASCANDIDATOS;TABELA;CODPESSOA;1;;;;;;;;CORPORE;dbo;PPESSOA;CODIGO;FKVRSSELVGCAND_PPESSOA
FK;CORPORE;dbo;VRSSELECOESVAGASREQCANDIDATURA;TABELA;CODPESSOA;1;;;;;;;;CORPORE;dbo;PPESSOA;CODIGO;FKVRSSELECOESVAGASREQCAND_PESS
FK;CORPORE;dbo;VRSSOLICITACOES;TABELA;CODCOLIGADA;1;;;;;;;;CORPORE;dbo;FCFO;CODCOLIGADA;FKVRSSOLICITACOES_FCFO
FK;CORPORE;dbo;VRSSOLICITACOES;TABELA;CODCLIFOR;2;;;;;;;;CORPORE;dbo;FCFO;CODCFO;FKVRSSOLICITACOES_FCFO
FK;CORPORE;dbo;VRSSOLICITACOESPESSOAS;TABELA;CODPESSOA;1;;;;;;;;CORPORE;dbo;PPESSOA;CODIGO;FKVRSSOLICITPESS_PPESSOA
FK;CORPORE;dbo;VSELECAO;TABELA;CODPESSOA;1;;;;;;;;CORPORE;dbo;PPESSOA;CODIGO;FKVSELECAO_PPESSOA
FK;CORPORE;dbo;VTESTEMUNHACAT;TABELA;CODPESSOA;1;;;;;;;;CORPORE;dbo;PPESSOA;CODIGO;FKVTESTEMUNHACAT_PPESSOA
FK;CORPORE;dbo;VTESTEMUNHACTRAB;TABELA;CODPESSOA;1;;;;;;;;CORPORE;dbo;PPESSOA;CODIGO;FKVTESTEMUNHACTRAB_PPESSOA
FK;CORPORE;dbo;VTOMADORSERVICOVINC;TABELA;CODCOLCFO;1;;;;;;;;CORPORE;dbo;FCFO;CODCOLIGADA;FKVTOMADORSERVICOVINC_FCFO
FK;CORPORE;dbo;VTOMADORSERVICOVINC;TABELA;CODCFO;2;;;;;;;;CORPORE;dbo;FCFO;CODCFO;FKVTOMADORSERVICOVINC_FCFO
FK;CORPORE;dbo;VTREINAMENTOELEARNING;TABELA;CODPESSOA;1;;;;;;;;CORPORE;dbo;PPESSOA;CODIGO;FKVTREINAMENTOELEARNING_PPESSO
FK;CORPORE;dbo;VTUAVCONHLACTO;TABELA;CODPESSOA;1;;;;;;;;CORPORE;dbo;PPESSOA;CODIGO;FKVTUAVCONHLACTO_PPESSOA
FK;CORPORE;dbo;VTUAVQUALIDPESSOA;TABELA;CODPESSOA;1;;;;;;;;CORPORE;dbo;PPESSOA;CODIGO;FKVTUAVQUALIDPESSOA_PPESSOA
FK;CORPORE;dbo;VTURMA;TABELA;CODPESSOA;1;;;;;;;;CORPORE;dbo;PPESSOA;CODIGO;FKVTURMA_PPESSOA
FK;CORPORE;dbo;VTURMALNT;TABELA;CODPESSOA;1;;;;;;;;CORPORE;dbo;PPESSOA;CODIGO;FKVTURMALNT_CODPESSOA
FK;CORPORE;dbo;VTURMAPLANOVERBA;TABELA;CODCOLCCUSTO;1;;;;;;;;CORPORE;dbo;GCCUSTO;CODCOLIGADA;FKVTURMAPLANOVERBA_GCCUSTO
FK;CORPORE;dbo;VTURMAPLANOVERBA;TABELA;CODCCUSTO;2;;;;;;;;CORPORE;dbo;GCCUSTO;CODCCUSTO;FKVTURMAPLANOVERBA_GCCUSTO
FK;CORPORE;dbo;VTURMAREQUISICAO;TABELA;CODPESSOA;1;;;;;;;;CORPORE;dbo;PPESSOA;CODIGO;FKVTURMAREQUISICAO_CODPESSOA
FK;CORPORE;dbo;VTURMARESERVAVAGA;TABELA;CODCOLCCUSTO;1;;;;;;;;CORPORE;dbo;GCCUSTO;CODCOLIGADA;FKVTURMARESERVAVAGA_GCCUSTO
FK;CORPORE;dbo;VTURMARESERVAVAGA;TABELA;CODPESSOA;1;;;;;;;;CORPORE;dbo;PPESSOA;CODIGO;FKVTURMARESERVAVAGA_PPESSOA
FK;CORPORE;dbo;VTURMARESERVAVAGA;TABELA;CODCCUSTO;2;;;;;;;;CORPORE;dbo;GCCUSTO;CODCCUSTO;FKVTURMARESERVAVAGA_GCCUSTO
FK;CORPORE;dbo;VTURMAS;TABELA;CODINSTRUTOR;1;;;;;;;;CORPORE;dbo;PPESSOA;CODIGO;FKVTURMAS_PPESSOA
FK;CORPORE;dbo;VUSUARIOCURRICULO;TABELA;CODPESSOA;1;;;;;;;;CORPORE;dbo;PPESSOA;CODIGO;FKVUSUARIOCURRICULO_PPESSOA
FK;CORPORE;dbo;VVAGAPESSOA;TABELA;CODPESSOA;1;;;;;;;;CORPORE;dbo;PPESSOA;CODIGO;FKVVAGAPESSOA_PPESSOA
FK;CORPORE;dbo;VVERBATREINA;TABELA;CODCOLIGADA;1;;;;;;;;CORPORE;dbo;GCCUSTO;CODCOLIGADA;FKVVERBATREINA_GCCUSTO
FK;CORPORE;dbo;VVERBATREINA;TABELA;CODCCUSTO;2;;;;;;;;CORPORE;dbo;GCCUSTO;CODCCUSTO;FKVVERBATREINA_GCCUSTO
FK;CORPORE;dbo;VVOTACAOCIPA;TABELA;CODPESSOA;1;;;;;;;;CORPORE;dbo;PPESSOA;CODIGO;FKVVOTACAOCIPA_PPESSOA
FK;CORPORE;dbo;XADITIVOTROCACOMPR_TEMP1150;TABELA;NEWCODCOLCFO;1;;;;;;;;CORPORE;dbo;FCFO;CODCOLIGADA;FKXADITIVOTROCACOMPRAD_FCFONEW
FK;CORPORE;dbo;XADITIVOTROCACOMPR_TEMP1150;TABELA;OLDCODCOLCFO;1;;;;;;;;CORPORE;dbo;FCFO;CODCOLIGADA;FKXADITIVOTROCACOMPRAD_FCFOOLD
FK;CORPORE;dbo;XADITIVOTROCACOMPR_TEMP1150;TABELA;NEWCODCFO;2;;;;;;;;CORPORE;dbo;FCFO;CODCFO;FKXADITIVOTROCACOMPRAD_FCFONEW
FK;CORPORE;dbo;XADITIVOTROCACOMPR_TEMP1150;TABELA;OLDCODCFO;2;;;;;;;;CORPORE;dbo;FCFO;CODCFO;FKXADITIVOTROCACOMPRAD_FCFOOLD
FK;CORPORE;dbo;XADITTROCACOMPRADORPARC;TABELA;CODCOLCFOATUAL;1;;;;;;;;CORPORE;dbo;FCFO;CODCOLIGADA;FKXADITTCOMPRADORPARC_FCFO1
FK;CORPORE;dbo;XADITTROCACOMPRADORPARC;TABELA;CODCOLCFONOVO;1;;;;;;;;CORPORE;dbo;FCFO;CODCOLIGADA;FKXADITTCOMPRADORPARC_FCFO2
FK;CORPORE;dbo;XADITTROCACOMPRADORPARC;TABELA;CODCFOATUAL;2;;;;;;;;CORPORE;dbo;FCFO;CODCFO;FKXADITTCOMPRADORPARC_FCFO1
FK;CORPORE;dbo;XADITTROCACOMPRADORPARC;TABELA;CODCFONOVO;2;;;;;;;;CORPORE;dbo;FCFO;CODCFO;FKXADITTCOMPRADORPARC_FCFO2
FK;CORPORE;dbo;XALGADMINISTRADORCONDOMINIO;TABELA;CODCOLCFOADM;1;;;;;;;;CORPORE;dbo;FCFO;CODCOLIGADA;FKXADMINCONDOMINIO_FCFO
FK;CORPORE;dbo;XALGADMINISTRADORCONDOMINIO;TABELA;CODCFOADM;2;;;;;;;;CORPORE;dbo;FCFO;CODCFO;FKXADMINCONDOMINIO_FCFO
FK;CORPORE;dbo;XALGBENEFICIARIO;TABELA;CODCOLCFOBENEFICIARIO;1;;;;;;;;CORPORE;dbo;FCFO;CODCOLIGADA;FKXALGBENEFICIARIO_FCFO
FK;CORPORE;dbo;XALGBENEFICIARIO;TABELA;CODCFOBENEFICIARIO;2;;;;;;;;CORPORE;dbo;FCFO;CODCFO;FKXALGBENEFICIARIO_FCFO
FK;CORPORE;dbo;XALGCONFISSAODIVIDA;TABELA;CODCOLCFO;1;;;;;;;;CORPORE;dbo;FCFO;CODCOLIGADA;FKXALGCONFISSAODIVIDA_FCFO
FK;CORPORE;dbo;XALGCONFISSAODIVIDA;TABELA;CODCFO;2;;;;;;;;CORPORE;dbo;FCFO;CODCFO;FKXALGCONFISSAODIVIDA_FCFO
FK;CORPORE;dbo;XALGCONTRATOLOCADITGARANTIA;TABELA;CODCOLCFOINSTITUICAOENC;1;;;;;;;;CORPORE;dbo;FCFO;CODCOLIGADA;FKXALGCONTLOCADITGAR_FCFO_ANT
FK;CORPORE;dbo;XALGCONTRATOLOCADITGARANTIA;TABELA;CODCOLCFOINSTITUICAONOVA;1;;;;;;;;CORPORE;dbo;FCFO;CODCOLIGADA;FKXALGCONTLOCADITGAR_FCFO_NOV
FK;CORPORE;dbo;XALGCONTRATOLOCADITGARANTIA;TABELA;CODCFOINSTITUICAOENC;2;;;;;;;;CORPORE;dbo;FCFO;CODCFO;FKXALGCONTLOCADITGAR_FCFO_ANT
FK;CORPORE;dbo;XALGCONTRATOLOCADITGARANTIA;TABELA;CODCFOINSTITUICAONOVA;2;;;;;;;;CORPORE;dbo;FCFO;CODCFO;FKXALGCONTLOCADITGAR_FCFO_NOV
FK;CORPORE;dbo;XALGCONTRATOLOCADITRENEGPARC;TABELA;CODCOLCFO;1;;;;;;;;CORPORE;dbo;FCFO;CODCOLIGADA;FKXALGCONTLOCADITRENEGPARC_FCF
FK;CORPORE;dbo;XALGCONTRATOLOCADITRENEGPARC;TABELA;CODCFO;2;;;;;;;;CORPORE;dbo;FCFO;CODCFO;FKXALGCONTLOCADITRENEGPARC_FCF
FK;CORPORE;dbo;XALGCONTRATOLOCCONTROLEACESSO;TABELA;CODCOLCFOACESSO;1;;;;;;;;CORPORE;dbo;FCFO;CODCOLIGADA;FKXCONTROLEACESSO_FCFO
FK;CORPORE;dbo;XALGCONTRATOLOCCONTROLEACESSO;TABELA;CODCFOACESSO;2;;;;;;;;CORPORE;dbo;FCFO;CODCFO;FKXCONTROLEACESSO_FCFO
FK;CORPORE;dbo;XALGCONTRATOLOCCORRETORCOMISSA;TABELA;CODCOLCCU;1;;;;;;;;CORPORE;dbo;GCCUSTO;CODCOLIGADA;FKXALGCONTLOCORC_GCCUSTO
FK;CORPORE;dbo;XALGCONTRATOLOCCORRETORCOMISSA;TABELA;CODCOLMOV;1;;;;;;;;CORPORE;dbo;TMOV;CODCOLIGADA;FKXALGCONTLOCORC_TMOV
FK;CORPORE;dbo;XALGCONTRATOLOCCORRETORCOMISSA;TABELA;CODCCUSTO;2;;;;;;;;CORPORE;dbo;GCCUSTO;CODCCUSTO;FKXALGCONTLOCORC_GCCUSTO
FK;CORPORE;dbo;XALGCONTRATOLOCCORRETORCOMISSA;TABELA;IDMOV;2;;;;;;;;CORPORE;dbo;TMOV;IDMOV;FKXALGCONTLOCORC_TMOV
FK;CORPORE;dbo;XALGCONTRATOLOCGARANTIA;TABELA;CODCOLCFOINSTITUICAO;1;;;;;;;;CORPORE;dbo;FCFO;CODCOLIGADA;FKXALGCONTLOCGAR_FCFO
FK;CORPORE;dbo;XALGCONTRATOLOCGARANTIA;TABELA;CODCFOINSTITUICAO;2;;;;;;;;CORPORE;dbo;FCFO;CODCFO;FKXALGCONTLOCGAR_FCFO
FK;CORPORE;dbo;XALGCONTRATOLOCMOV;TABELA;CODCOLMOV;1;;;;;;;;CORPORE;dbo;TMOV;CODCOLIGADA;FKXALGCONTRATOLOCMOV_TMOV
FK;CORPORE;dbo;XALGCONTRATOLOCMOV;TABELA;IDMOV;2;;;;;;;;CORPORE;dbo;TMOV;IDMOV;FKXALGCONTRATOLOCMOV_TMOV
FK;CORPORE;dbo;XALGCONTRATOLOCRATEIO;TABELA;CODCOLCCUSTO;1;;;;;;;;CORPORE;dbo;GCCUSTO;CODCOLIGADA;FKXALGCONTRATOLOCRATEIO_GCCUST
FK;CORPORE;dbo;XALGCONTRATOLOCRATEIO;TABELA;CODCCUSTO;2;;;;;;;;CORPORE;dbo;GCCUSTO;CODCCUSTO;FKXALGCONTRATOLOCRATEIO_GCCUST
FK;CORPORE;dbo;XALGCORRETOR;TABELA;CODCOLCFOCORRETOR;1;;;;;;;;CORPORE;dbo;FCFO;CODCOLIGADA;FKXALGCORRETOR_FCFO
FK;CORPORE;dbo;XALGCORRETOR;TABELA;CODCFOCORRETOR;2;;;;;;;;CORPORE;dbo;FCFO;CODCFO;FKXALGCORRETOR_FCFO
FK;CORPORE;dbo;XALGEVENTOFINANCEIRODISTRIBUIC;TABELA;CODCOLCFO;1;;;;;;;;CORPORE;dbo;FCFO;CODCOLIGADA;FKXALGEVENTOFINANDISTRIB_FCFO
FK;CORPORE;dbo;XALGEVENTOFINANCEIRODISTRIBUIC;TABELA;CODCOLEVENTFIN;1;;;;;;;;CORPORE;dbo;TMOV;CODCOLIGADA;FKXALGEVENTOFINANCDISTRIB_TMOV
FK;CORPORE;dbo;XALGEVENTOFINANCEIRODISTRIBUIC;TABELA;CODCFO;2;;;;;;;;CORPORE;dbo;FCFO;CODCFO;FKXALGEVENTOFINANDISTRIB_FCFO
FK;CORPORE;dbo;XALGEVENTOFINANCEIRODISTRIBUIC;TABELA;IDMOV;2;;;;;;;;CORPORE;dbo;TMOV;IDMOV;FKXALGEVENTOFINANCDISTRIB_TMOV
FK;CORPORE;dbo;XALGFIADOR;TABELA;CODCOLCFOFIADOR;1;;;;;;;;CORPORE;dbo;FCFO;CODCOLIGADA;FKXALGFIADOR_FCFO
FK;CORPORE;dbo;XALGFIADOR;TABELA;CODCFOFIADOR;2;;;;;;;;CORPORE;dbo;FCFO;CODCFO;FKXALGFIADOR_FCFO
FK;CORPORE;dbo;XALGFLAN;TABELA;CODCOLCFO;1;;;;;;;;CORPORE;dbo;FCFO;CODCOLIGADA;FKXALGFLAN_FCFO
FK;CORPORE;dbo;XALGFLAN;TABELA;CODCFO;2;;;;;;;;CORPORE;dbo;FCFO;CODCFO;FKXALGFLAN_FCFO
FK;CORPORE;dbo;XALGIMOVEL;TABELA;CODCOLCCUSTO;1;;;;;;;;CORPORE;dbo;GCCUSTO;CODCOLIGADA;FKXALGIMOVEL_GCCUSTO
FK;CORPORE;dbo;XALGIMOVEL;TABELA;CODCOLPREFEITURA;1;;;;;;;;CORPORE;dbo;FCFO;CODCOLIGADA;FKXALGIMOVEL_FCFO
FK;CORPORE;dbo;XALGIMOVEL;TABELA;CODCCUSTO;2;;;;;;;;CORPORE;dbo;GCCUSTO;CODCCUSTO;FKXALGIMOVEL_GCCUSTO
FK;CORPORE;dbo;XALGIMOVEL;TABELA;CODPREFEITURA;2;;;;;;;;CORPORE;dbo;FCFO;CODCFO;FKXALGIMOVEL_FCFO
FK;CORPORE;dbo;XALGIMOVELCENTROCUSTO;TABELA;CODCOLCCUSTO;1;;;;;;;;CORPORE;dbo;GCCUSTO;CODCOLIGADA;FKXALGIMOVELCENTROCUSTO_GCCUS
FK;CORPORE;dbo;XALGIMOVELCENTROCUSTO;TABELA;CODCCUSTO;2;;;;;;;;CORPORE;dbo;GCCUSTO;CODCCUSTO;FKXALGIMOVELCENTROCUSTO_GCCUS
FK;CORPORE;dbo;XALGIMOVELCONTARATEIO;TABELA;CODCOLCONTAGER;1;;;;;;;;CORPORE;dbo;CGERENCIA;CODCOLIGADA;FKXALGIMOVELCONTARATEIO_CGERE
FK;CORPORE;dbo;XALGIMOVELCONTARATEIO;TABELA;CODCONTAGER;2;;;;;;;;CORPORE;dbo;CGERENCIA;CODCONTA;FKXALGIMOVELCONTARATEIO_CGERE
FK;CORPORE;dbo;XALGLOCATARIO;TABELA;CODCOLCFOLOCATARIO;1;;;;;;;;CORPORE;dbo;FCFO;CODCOLIGADA;FKXALGLOCATARIO_FCFO
FK;CORPORE;dbo;XALGLOCATARIO;TABELA;CODCFOLOCATARIO;2;;;;;;;;CORPORE;dbo;FCFO;CODCFO;FKXALGLOCATARIO_FCFO
FK;CORPORE;dbo;XALGLOTES;TABELA;CODCOLIGADA;1;;;;;;;;CORPORE;dbo;CLOTE;CODCOLIGADA;FKXALGLOTES_CLOTE
FK;CORPORE;dbo;XALGLOTES;TABELA;CODLOTE;2;;;;;;;;CORPORE;dbo;CLOTE;CODLOTE;FKXALGLOTES_CLOTE
FK;CORPORE;dbo;XALGPRESTADOR;TABELA;CODCOLCFOPRES;1;;;;;;;;CORPORE;dbo;FCFO;CODCOLIGADA;FKXPRESTADOR_FCFO
FK;CORPORE;dbo;XALGPRESTADOR;TABELA;CODCFOPRES;2;;;;;;;;CORPORE;dbo;FCFO;CODCFO;FKXPRESTADOR_FCFO
FK;CORPORE;dbo;XALGPROCURADOR;TABELA;CODCOLCFOPROC;1;;;;;;;;CORPORE;dbo;FCFO;CODCOLIGADA;FKXPROCURADOR_FCFO
FK;CORPORE;dbo;XALGPROCURADOR;TABELA;CODCFOPROC;2;;;;;;;;CORPORE;dbo;FCFO;CODCFO;FKXPROCURADOR_FCFO
FK;CORPORE;dbo;XALGPROPRIETARIO;TABELA;CODCOLCFOPROP;1;;;;;;;;CORPORE;dbo;FCFO;CODCOLIGADA;FKXPROPRIETARIO_FCFO
FK;CORPORE;dbo;XALGPROPRIETARIO;TABELA;CODCFOPROP;2;;;;;;;;CORPORE;dbo;FCFO;CODCFO;FKXPROPRIETARIO_FCFO
FK;CORPORE;dbo;XAPURACAO963CONTA;TABELA;CODCOLCONTA;1;;;;;;;;CORPORE;dbo;CCONTA;CODCOLIGADA;FKXAPURACAO963CONTA_CCONTA
FK;CORPORE;dbo;XAPURACAO963CONTA;TABELA;CODCONTA;2;;;;;;;;CORPORE;dbo;CCONTA;CODCONTA;FKXAPURACAO963CONTA_CCONTA
FK;CORPORE;dbo;XATENDIMENTO;TABELA;CODCOLCFO;1;;;;;;;;CORPORE;dbo;FCFO;CODCOLIGADA;FKXATENDIMENTO_FCFO
FK;CORPORE;dbo;XATENDIMENTO;TABELA;CODCFO;2;;;;;;;;CORPORE;dbo;FCFO;CODCFO;FKXATENDIMENTO_FCFO
FK;CORPORE;dbo;XAUTORIZACAOLPD;TABELA;CODUSUARIO;1;;;;;;;;CORPORE;dbo;GUSUARIO;CODUSUARIO;FKXAUTORIZACAOLPD_GUSUARIO
FK;CORPORE;dbo;XCLIENTEPESSOAFISICA;TABELA;CODCOLCFORESP;1;;;;;;;;CORPORE;dbo;FCFO;CODCOLIGADA;FKXCLIPESSOAFISICA_RESP_FCFO
FK;CORPORE;dbo;XCLIENTEPESSOAFISICA;TABELA;CODCOLIGADA;1;;;;;;;;CORPORE;dbo;FCFO;CODCOLIGADA;FKXCLIENTEPESSOAFISICA_FCFO
FK;CORPORE;dbo;XCLIENTEPESSOAFISICA;TABELA;CODCFO;2;;;;;;;;CORPORE;dbo;FCFO;CODCFO;FKXCLIENTEPESSOAFISICA_FCFO
FK;CORPORE;dbo;XCLIENTEPESSOAFISICA;TABELA;CODCFORESP;2;;;;;;;;CORPORE;dbo;FCFO;CODCFO;FKXCLIPESSOAFISICA_RESP_FCFO
FK;CORPORE;dbo;XCOBRANCA;TABELA;CODCOLCFO;1;;;;;;;;CORPORE;dbo;FCFO;CODCOLIGADA;FKXCOBRANCA_FCFO
FK;CORPORE;dbo;XCOBRANCA;TABELA;CODCFO;2;;;;;;;;CORPORE;dbo;FCFO;CODCFO;FKXCOBRANCA_FCFO
FK;CORPORE;dbo;XCOMISSOES;TABELA;CODCOLCUSTO;1;;;;;;;;CORPORE;dbo;GCCUSTO;CODCOLIGADA;FKXCOMISSOES_GCCUSTO
FK;CORPORE;dbo;XCOMISSOES;TABELA;CODCCUSTO;2;;;;;;;;CORPORE;dbo;GCCUSTO;CODCCUSTO;FKXCOMISSOES_GCCUSTO
FK;CORPORE;dbo;XCOMISSOESITEM;TABELA;CODCOLCFO;1;;;;;;;;CORPORE;dbo;FCFO;CODCOLIGADA;FKXCOMISSOESITEM_FCFO_CORRETOR
FK;CORPORE;dbo;XCOMISSOESITEM;TABELA;CODCOLCFOIMO;1;;;;;;;;CORPORE;dbo;FCFO;CODCOLIGADA;FKXCOMISSOESITEM_FCFO_IMOB
FK;CORPORE;dbo;XCOMISSOESITEM;TABELA;CODCFO;2;;;;;;;;CORPORE;dbo;FCFO;CODCFO;FKXCOMISSOESITEM_FCFO_CORRETOR
FK;CORPORE;dbo;XCOMISSOESITEM;TABELA;CODCFOIMO;2;;;;;;;;CORPORE;dbo;FCFO;CODCFO;FKXCOMISSOESITEM_FCFO_IMOB
FK;CORPORE;dbo;XCOMISSOESITEMPARCELA;TABELA;CODCOLMOV;1;;;;;;;;CORPORE;dbo;TMOV;CODCOLIGADA;FKXCOMISSOESITEMPARCELA_TMOV
FK;CORPORE;dbo;XCOMISSOESITEMPARCELA;TABELA;IDMOV;2;;;;;;;;CORPORE;dbo;TMOV;IDMOV;FKXCOMISSOESITEMPARCELA_TMOV
FK;CORPORE;dbo;XCOMISSOESMODALIDADEEMPR;TABELA;CODCOLCFO;1;;;;;;;;CORPORE;dbo;FCFO;CODCOLIGADA;FKXCOMISSOESMODEMPR_FCFO
FK;CORPORE;dbo;XCOMISSOESMODALIDADEEMPR;TABELA;CODCFO;2;;;;;;;;CORPORE;dbo;FCFO;CODCFO;FKXCOMISSOESMODEMPR_FCFO
FK;CORPORE;dbo;XCOMISSOESMODALIDADEPARAM;TABELA;CODCOLCUSTO;1;;;;;;;;CORPORE;dbo;GCCUSTO;CODCOLIGADA;FKXCOMMODPARAM_GCCUSTO
FK;CORPORE;dbo;XCOMISSOESMODALIDADEPARAM;TABELA;CODCCUSTO;2;;;;;;;;CORPORE;dbo;GCCUSTO;CODCCUSTO;FKXCOMMODPARAM_GCCUSTO
FK;CORPORE;dbo;XCOMPRADOR;TABELA;CODCOLCFO;1;;;;;;;;CORPORE;dbo;FCFO;CODCOLIGADA;FKXCOMPRADOR_FCFO
FK;CORPORE;dbo;XCOMPRADOR;TABELA;CODCFO;2;;;;;;;;CORPORE;dbo;FCFO;CODCFO;FKXCOMPRADOR_FCFO
FK;CORPORE;dbo;XCONDCOBRANCAORCAMENTONATFIN;TABELA;CODCOLNATUREZAFINANCEIRA;1;;;;;;;;CORPORE;dbo;TTBORCAMENTO;CODCOLIGADA;FKXCONDCOBRORCAMENTO_TTBORC
FK;CORPORE;dbo;XCONDCOBRANCAORCAMENTONATFIN;TABELA;CODNATUREZAFINANCEIRA;2;;;;;;;;CORPORE;dbo;TTBORCAMENTO;CODTBORCAMENTO;FKXCONDCOBRORCAMENTO_TTBORC
FK;CORPORE;dbo;XCONDFECHAMENTOCALCDETALHE;TABELA;CODCOLCFO;1;;;;;;;;CORPORE;dbo;FCFO;CODCOLIGADA;FKXCONDFECTO_FCFO
FK;CORPORE;dbo;XCONDFECHAMENTOCALCDETALHE;TABELA;CODCFO;2;;;;;;;;CORPORE;dbo;FCFO;CODCFO;FKXCONDFECTO_FCFO
FK;CORPORE;dbo;XCONDITEMCOBRCENTROCUSTO;TABELA;CODCOLCCUSTO;1;;;;;;;;CORPORE;dbo;GCCUSTO;CODCOLIGADA;FKXCONDITEMCOBRCENTROCUSTO_GCC
FK;CORPORE;dbo;XCONDITEMCOBRCENTROCUSTO;TABELA;CODCCUSTO;2;;;;;;;;CORPORE;dbo;GCCUSTO;CODCCUSTO;FKXCONDITEMCOBRCENTROCUSTO_GCC
FK;CORPORE;dbo;XCONDITEMNATORCFIN;TABELA;CODCOLNATUREZAFINANCEIRA;1;;;;;;;;CORPORE;dbo;TTBORCAMENTO;CODCOLIGADA;FKXCONDITEMNATORCFIN_TTBORCAME
FK;CORPORE;dbo;XCONDITEMNATORCFIN;TABELA;CODNATUREZAFINANCEIRA;2;;;;;;;;CORPORE;dbo;TTBORCAMENTO;CODTBORCAMENTO;FKXCONDITEMNATORCFIN_TTBORCAME
FK;CORPORE;dbo;XCONDOCUPANTE;TABELA;CODCOLCFO;1;;;;;;;;CORPORE;dbo;FCFO;CODCOLIGADA;FKXCONDOCUPANTE_FCFO
FK;CORPORE;dbo;XCONDOCUPANTE;TABELA;CODCFO;2;;;;;;;;CORPORE;dbo;FCFO;CODCFO;FKXCONDOCUPANTE_FCFO
FK;CORPORE;dbo;XCONDSINDICO;TABELA;CODCOLCFO;1;;;;;;;;CORPORE;dbo;FCFO;CODCOLIGADA;FKXCONDSINDICO_FCFO
FK;CORPORE;dbo;XCONDSINDICO;TABELA;CODCFO;2;;;;;;;;CORPORE;dbo;FCFO;CODCFO;FKXCONDSINDICO_FCFO
FK;CORPORE;dbo;XDEFDESPESA;TABELA;CODCOLCFO;1;;;;;;;;CORPORE;dbo;FCFO;CODCOLIGADA;FKXDEFDESP_FCFO
FK;CORPORE;dbo;XDEFDESPESA;TABELA;CODCFO;2;;;;;;;;CORPORE;dbo;FCFO;CODCFO;FKXDEFDESP_FCFO
FK;CORPORE;dbo;XDESPESA;TABELA;CODCOLCFO;1;;;;;;;;CORPORE;dbo;FCFO;CODCOLIGADA;FKXDESPESA_FCFO
FK;CORPORE;dbo;XDESPESA;TABELA;CODCFO;2;;;;;;;;CORPORE;dbo;FCFO;CODCFO;FKXDESPESA_FCFO
FK;CORPORE;dbo;XDOCUMENTACAO;TABELA;COLORGAORESP;1;;;;;;;;CORPORE;dbo;FCFO;CODCOLIGADA;FKXDOCUMENTACAO_FCFO
FK;CORPORE;dbo;XDOCUMENTACAO;TABELA;ORGAORESP;2;;;;;;;;CORPORE;dbo;FCFO;CODCFO;FKXDOCUMENTACAO_FCFO
FK;CORPORE;dbo;XEMPREENDIMENTO;TABELA;CODCOLCFORESP;1;;;;;;;;CORPORE;dbo;FCFO;CODCOLIGADA;FKXEMPRREG_FCFO
FK;CORPORE;dbo;XEMPREENDIMENTO;TABELA;CODCOLNATFINANCEIRAPAG;1;;;;;;;;CORPORE;dbo;TTBORCAMENTO;CODCOLIGADA;FKXEMPREEND_TTBORCAMENTO
FK;CORPORE;dbo;XEMPREENDIMENTO;TABELA;CODCOLNATFINANCEIRAREC;1;;;;;;;;CORPORE;dbo;TTBORCAMENTO;CODCOLIGADA;FKXEMPREEND_TTBORCAMENTO2
FK;CORPORE;dbo;XEMPREENDIMENTO;TABELA;CODCFORESP;2;;;;;;;;CORPORE;dbo;FCFO;CODCFO;FKXEMPRREG_FCFO
FK;CORPORE;dbo;XEMPREENDIMENTO;TABELA;CODNATFINANCEIRAPAG;2;;;;;;;;CORPORE;dbo;TTBORCAMENTO;CODTBORCAMENTO;FKXEMPREEND_TTBORCAMENTO
FK;CORPORE;dbo;XEMPREENDIMENTO;TABELA;CODNATFINANCEIRAREC;2;;;;;;;;CORPORE;dbo;TTBORCAMENTO;CODTBORCAMENTO;FKXEMPREEND_TTBORCAMENTO2
FK;CORPORE;dbo;XEMPREENDIMENTORATCCU;TABELA;CODCOLIGADA;1;;;;;;;;CORPORE;dbo;GCCUSTO;CODCOLIGADA;FKXEMPREENDIMENTRATCCU_GCCUSTO
FK;CORPORE;dbo;XEMPREENDIMENTORATCCU;TABELA;CODCCUSTO;2;;;;;;;;CORPORE;dbo;GCCUSTO;CODCCUSTO;FKXEMPREENDIMENTRATCCU_GCCUSTO
FK;CORPORE;dbo;XIACLIENTE;TABELA;CODCOLCFO;1;;;;;;;;CORPORE;dbo;FCFO;CODCOLIGADA;FKXIACLIENTE_FCFO
FK;CORPORE;dbo;XIACLIENTE;TABELA;CODCFO;2;;;;;;;;CORPORE;dbo;FCFO;CODCFO;FKXIACLIENTE_FCFO
FK;CORPORE;dbo;XLOTES;TABELA;CODCOLIGADA;1;;;;;;;;CORPORE;dbo;CLOTE;CODCOLIGADA;FKXLOTES_CLOTE
FK;CORPORE;dbo;XLOTES;TABELA;CODLOTE;2;;;;;;;;CORPORE;dbo;CLOTE;CODLOTE;FKXLOTES_CLOTE
FK;CORPORE;dbo;XMOV;TABELA;CODCOLMOV;1;;;;;;;;CORPORE;dbo;TMOV;CODCOLIGADA;FKXMOV_TMOV
FK;CORPORE;dbo;XMOV;TABELA;IDMOV;2;;;;;;;;CORPORE;dbo;TMOV;IDMOV;FKXMOV_TMOV
FK;CORPORE;dbo;XPARAMETROSCOLIGADA;TABELA;CODCOLADM;1;;;;;;;;CORPORE;dbo;FCFO;CODCOLIGADA;FKXPARAMETROSCOLIGADA_FCFO
FK;CORPORE;dbo;XPARAMETROSCOLIGADA;TABELA;CODCOLCCUCOMISFAT;1;;;;;;;;CORPORE;dbo;GCCUSTO;CODCOLIGADA;FKXPARAMETROSCOLIGADA_GCCUSTO
FK;CORPORE;dbo;XPARAMETROSCOLIGADA;TABELA;CODCOLCCUCOMISFOLHA;1;;;;;;;;CORPORE;dbo;GCCUSTO;CODCOLIGADA;FKXPARAMSCOLIGADA_GCCUSTO
FK;CORPORE;dbo;XPARAMETROSCOLIGADA;TABELA;CODCOLNATFINANCEIRAPAG;1;;;;;;;;CORPORE;dbo;TTBORCAMENTO;CODCOLIGADA;FKXPARAMSCOL_TTBORCAMENTO
FK;CORPORE;dbo;XPARAMETROSCOLIGADA;TABELA;CODCOLNATFINANCEIRAREC;1;;;;;;;;CORPORE;dbo;TTBORCAMENTO;CODCOLIGADA;FKXPARAMSCOL_TTBORCAMENTO2
FK;CORPORE;dbo;XPARAMETROSCOLIGADA;TABELA;CODADM;2;;;;;;;;CORPORE;dbo;FCFO;CODCFO;FKXPARAMETROSCOLIGADA_FCFO
FK;CORPORE;dbo;XPARAMETROSCOLIGADA;TABELA;CODCCUCOMISFAT;2;;;;;;;;CORPORE;dbo;GCCUSTO;CODCCUSTO;FKXPARAMETROSCOLIGADA_GCCUSTO
FK;CORPORE;dbo;XPARAMETROSCOLIGADA;TABELA;CODCCUCOMISFOLHA;2;;;;;;;;CORPORE;dbo;GCCUSTO;CODCCUSTO;FKXPARAMSCOLIGADA_GCCUSTO
FK;CORPORE;dbo;XPARAMETROSCOLIGADA;TABELA;CODNATFINANCEIRAPAG;2;;;;;;;;CORPORE;dbo;TTBORCAMENTO;CODTBORCAMENTO;FKXPARAMSCOL_TTBORCAMENTO
FK;CORPORE;dbo;XPARAMETROSCOLIGADA;TABELA;CODNATFINANCEIRAREC;2;;;;;;;;CORPORE;dbo;TTBORCAMENTO;CODTBORCAMENTO;FKXPARAMSCOL_TTBORCAMENTO2
FK;CORPORE;dbo;XPARAMETROSTIPOPARCELA;TABELA;CODCOLNATFINANCEIRAPAG;1;;;;;;;;CORPORE;dbo;TTBORCAMENTO;CODCOLIGADA;FKXPRAMSTIPPARC_TTBORCAMENTO
FK;CORPORE;dbo;XPARAMETROSTIPOPARCELA;TABELA;CODCOLNATFINANCEIRAREC;1;;;;;;;;CORPORE;dbo;TTBORCAMENTO;CODCOLIGADA;FKXPRAMSTIPPARC_TTBORCAMENTO2
FK;CORPORE;dbo;XPARAMETROSTIPOPARCELA;TABELA;CODNATFINANCEIRAPAG;2;;;;;;;;CORPORE;dbo;TTBORCAMENTO;CODTBORCAMENTO;FKXPRAMSTIPPARC_TTBORCAMENTO
FK;CORPORE;dbo;XPARAMETROSTIPOPARCELA;TABELA;CODNATFINANCEIRAREC;2;;;;;;;;CORPORE;dbo;TTBORCAMENTO;CODTBORCAMENTO;FKXPRAMSTIPPARC_TTBORCAMENTO2
FK;CORPORE;dbo;XPARAMMVTO;TABELA;CODCOLGERAMVTO;1;;;;;;;;CORPORE;dbo;GCCUSTO;CODCOLIGADA;FKXPARAMMVTO_GCCUSTO
FK;CORPORE;dbo;XPARAMMVTO;TABELA;CODCOLTBORCAMENTO;1;;;;;;;;CORPORE;dbo;TTBORCAMENTO;CODCOLIGADA;FKXPARAMMVTO_TTBORCAMENTO
FK;CORPORE;dbo;XPARAMMVTO;TABELA;CODCCUSTO;2;;;;;;;;CORPORE;dbo;GCCUSTO;CODCCUSTO;FKXPARAMMVTO_GCCUSTO
FK;CORPORE;dbo;XPARAMMVTO;TABELA;CODTBORCAMENTO;2;;;;;;;;CORPORE;dbo;TTBORCAMENTO;CODTBORCAMENTO;FKXPARAMMVTO_TTBORCAMENTO
FK;CORPORE;dbo;XPARCELADESPESA;TABELA;CODCOLIGADA;1;;;;;;;;CORPORE;dbo;TMOV;CODCOLIGADA;FKXPARCELADESPESA_TMOV
FK;CORPORE;dbo;XPARCELADESPESA;TABELA;IDMOV;2;;;;;;;;CORPORE;dbo;TMOV;IDMOV;FKXPARCELADESPESA_TMOV
FK;CORPORE;dbo;XPARCELAPAGAMENTOMOV;TABELA;CODCOLIGADA;1;;;;;;;;CORPORE;dbo;TMOV;CODCOLIGADA;FKXPARCELAPAGAMENTOMOV_TMOV
FK;CORPORE;dbo;XPARCELAPAGAMENTOMOV;TABELA;IDMOV;2;;;;;;;;CORPORE;dbo;TMOV;IDMOV;FKXPARCELAPAGAMENTOMOV_TMOV
FK;CORPORE;dbo;XPDCAPPTOKENUSUARIO;TABELA;CODCOLCFO;1;;;;;;;;CORPORE;dbo;FCFO;CODCOLIGADA;FKXPDCAPPTOKENUSUARIO_FCFO
FK;CORPORE;dbo;XPDCAPPTOKENUSUARIO;TABELA;CODCFO;2;;;;;;;;CORPORE;dbo;FCFO;CODCFO;FKXPDCAPPTOKENUSUARIO_FCFO
FK;CORPORE;dbo;XPESSOA;TABELA;CODCOLCFO;1;;;;;;;;CORPORE;dbo;FCFO;CODCOLIGADA;FKXPESSOA_FCFO
FK;CORPORE;dbo;XPESSOA;TABELA;CODCFO;2;;;;;;;;CORPORE;dbo;FCFO;CODCFO;FKXPESSOA_FCFO
FK;CORPORE;dbo;XPESSOACONJUGE;TABELA;CODCOLIGADA;1;;;;;;;;CORPORE;dbo;FCFO;CODCOLIGADA;FKXPESSOACONJUGE_FCFO
FK;CORPORE;dbo;XPESSOACONJUGE;TABELA;CODCFO;2;;;;;;;;CORPORE;dbo;FCFO;CODCFO;FKXPESSOACONJUGE_FCFO
FK;CORPORE;dbo;XREGRA963;TABELA;CODCOLCONTARECEITA963;1;;;;;;;;CORPORE;dbo;CCONTA;CODCOLIGADA;FKXREGRA963_CCONTA
FK;CORPORE;dbo;XREGRA963;TABELA;CODCOLCONTARECFIN963;1;;;;;;;;CORPORE;dbo;CCONTA;CODCOLIGADA;FKXREGRA963_CCONTAFIN
FK;CORPORE;dbo;XREGRA963;TABELA;CODCONTARECEITA963;2;;;;;;;;CORPORE;dbo;CCONTA;CODCONTA;FKXREGRA963_CCONTA
FK;CORPORE;dbo;XREGRA963;TABELA;CODCONTARECEITAFINANCEIRA963;2;;;;;;;;CORPORE;dbo;CCONTA;CODCONTA;FKXREGRA963_CCONTAFIN
FK;CORPORE;dbo;XREGRA963CONTA;TABELA;CODCOLCONTA;1;;;;;;;;CORPORE;dbo;CCONTA;CODCOLIGADA;FKXREGRA963CONTA_CCONTA
FK;CORPORE;dbo;XREGRA963CONTA;TABELA;CODCONTA;2;;;;;;;;CORPORE;dbo;CCONTA;CODCONTA;FKXREGRA963CONTA_CCONTA
FK;CORPORE;dbo;XREGRACOMPONENTEVENDA;TABELA;CODCOLNATFINANCEIRAPAG;1;;;;;;;;CORPORE;dbo;TTBORCAMENTO;CODCOLIGADA;FKXREGCOMPVENDA_TTBORCAMENTO
FK;CORPORE;dbo;XREGRACOMPONENTEVENDA;TABELA;CODCOLNATFINANCEIRAREC;1;;;;;;;;CORPORE;dbo;TTBORCAMENTO;CODCOLIGADA;FKXREGCOMPVENDA_TTBORCAMENTO2
FK;CORPORE;dbo;XREGRACOMPONENTEVENDA;TABELA;CODNATFINANCEIRAPAG;2;;;;;;;;CORPORE;dbo;TTBORCAMENTO;CODTBORCAMENTO;FKXREGCOMPVENDA_TTBORCAMENTO
FK;CORPORE;dbo;XREGRACOMPONENTEVENDA;TABELA;CODNATFINANCEIRAREC;2;;;;;;;;CORPORE;dbo;TTBORCAMENTO;CODTBORCAMENTO;FKXREGCOMPVENDA_TTBORCAMENTO2
FK;CORPORE;dbo;XREPASSEEMPREENDIMENTO;TABELA;CODCOLCFO;1;;;;;;;;CORPORE;dbo;FCFO;CODCOLIGADA;FKXREPASSEEMPREENDIMENTO_FCFO
FK;CORPORE;dbo;XREPASSEEMPREENDIMENTO;TABELA;CODCFO;2;;;;;;;;CORPORE;dbo;FCFO;CODCFO;FKXREPASSEEMPREENDIMENTO_FCFO
FK;CORPORE;dbo;XREPASSESUBUNIDADE;TABELA;CODCOLCFO;1;;;;;;;;CORPORE;dbo;FCFO;CODCOLIGADA;FKXREPASSESUBUNIDADE_FCFO
FK;CORPORE;dbo;XREPASSESUBUNIDADE;TABELA;CODCFO;2;;;;;;;;CORPORE;dbo;FCFO;CODCFO;FKXREPASSESUBUNIDADE_FCFO
FK;CORPORE;dbo;XREPASSEUNIDADE;TABELA;CODCOLCFO;1;;;;;;;;CORPORE;dbo;FCFO;CODCOLIGADA;FKXREPASSEUNIDADE_FCFO
FK;CORPORE;dbo;XREPASSEUNIDADE;TABELA;CODCFO;2;;;;;;;;CORPORE;dbo;FCFO;CODCFO;FKXREPASSEUNIDADE_FCFO
FK;CORPORE;dbo;XRESPGARANTIA;TABELA;CODUSUARIO;1;;;;;;;;CORPORE;dbo;GUSUARIO;CODUSUARIO;FKXRESPGARANTIA_GUSUARIO
FK;CORPORE;dbo;XSECURITIZACAO;TABELA;CODCOLCFO;1;;;;;;;;CORPORE;dbo;FCFO;CODCOLIGADA;FKXSECURITIZACAO_FCFO
FK;CORPORE;dbo;XSECURITIZACAO;TABELA;CODCFO;2;;;;;;;;CORPORE;dbo;FCFO;CODCFO;FKXSECURITIZACAO_FCFO
FK;CORPORE;dbo;XSEGURO;TABELA;CODCOLCORRETORA;1;;;;;;;;CORPORE;dbo;FCFO;CODCOLIGADA;FKXSEGURO_FCFOCORRETORA
FK;CORPORE;dbo;XSEGURO;TABELA;CODCOLSEGURADORA;1;;;;;;;;CORPORE;dbo;FCFO;CODCOLIGADA;FKXSEGURO_FCFOSEGURADORA
FK;CORPORE;dbo;XSEGURO;TABELA;CODCORRETORA;2;;;;;;;;CORPORE;dbo;FCFO;CODCFO;FKXSEGURO_FCFOCORRETORA
FK;CORPORE;dbo;XSEGURO;TABELA;CODSEGURADORA;2;;;;;;;;CORPORE;dbo;FCFO;CODCFO;FKXSEGURO_FCFOSEGURADORA
FK;CORPORE;dbo;XSUBUNIDADE;TABELA;CODCOLCCU;1;;;;;;;;CORPORE;dbo;GCCUSTO;CODCOLIGADA;FKXSUBUNIDADE_GCCUSTO
FK;CORPORE;dbo;XSUBUNIDADE;TABELA;CODCOLCFOCARTORIO;1;;;;;;;;CORPORE;dbo;FCFO;CODCOLIGADA;FKXSUBUNICART_FCFO
FK;CORPORE;dbo;XSUBUNIDADE;TABELA;CODCOLCFOPREFEITURA;1;;;;;;;;CORPORE;dbo;FCFO;CODCOLIGADA;FKXSUBUNIDPREF_FCFO
FK;CORPORE;dbo;XSUBUNIDADE;TABELA;CODCOLCFOPROPRIETARIO;1;;;;;;;;CORPORE;dbo;FCFO;CODCOLIGADA;FKXSUBUNIDADE_FCFO
FK;CORPORE;dbo;XSUBUNIDADE;TABELA;CODCCUSTO;2;;;;;;;;CORPORE;dbo;GCCUSTO;CODCCUSTO;FKXSUBUNIDADE_GCCUSTO
FK;CORPORE;dbo;XSUBUNIDADE;TABELA;CODCFOCARTORIO;2;;;;;;;;CORPORE;dbo;FCFO;CODCFO;FKXSUBUNICART_FCFO
FK;CORPORE;dbo;XSUBUNIDADE;TABELA;CODCFOPREFEITURA;2;;;;;;;;CORPORE;dbo;FCFO;CODCFO;FKXSUBUNIDPREF_FCFO
FK;CORPORE;dbo;XSUBUNIDADE;TABELA;CODCFOPROPRIETARIO;2;;;;;;;;CORPORE;dbo;FCFO;CODCFO;FKXSUBUNIDADE_FCFO
FK;CORPORE;dbo;XSUBUNIDADECONT;TABELA;CODCOLCONTA;1;;;;;;;;CORPORE;dbo;CCONTA;CODCOLIGADA;FKXSUBUNIDADECONT_CCONTA
FK;CORPORE;dbo;XSUBUNIDADECONT;TABELA;CODCOLIGADA;1;;;;;;;;CORPORE;dbo;GCCUSTO;CODCOLIGADA;FKXSUBUNIDADECONT_GCCUSTO
FK;CORPORE;dbo;XSUBUNIDADECONT;TABELA;CODCCUSTO;2;;;;;;;;CORPORE;dbo;GCCUSTO;CODCCUSTO;FKXSUBUNIDADECONT_GCCUSTO
FK;CORPORE;dbo;XSUBUNIDADECONT;TABELA;CODCONTA;2;;;;;;;;CORPORE;dbo;CCONTA;CODCONTA;FKXSUBUNIDADECONT_CCONTA
FK;CORPORE;dbo;XSUBUNIDADERAT;TABELA;CODCOLCONTA;1;;;;;;;;CORPORE;dbo;CCONTA;CODCOLIGADA;FKXSUBUNIDADERAT_CCONTA
FK;CORPORE;dbo;XSUBUNIDADERAT;TABELA;CODCOLCONTAGER;1;;;;;;;;CORPORE;dbo;CGERENCIA;CODCOLIGADA;FKXSUBUNIDADERAT_CGERENCIA
FK;CORPORE;dbo;XSUBUNIDADERAT;TABELA;CODCONTA;2;;;;;;;;CORPORE;dbo;CCONTA;CODCONTA;FKXSUBUNIDADERAT_CCONTA
FK;CORPORE;dbo;XSUBUNIDADERAT;TABELA;CODCONTAGER;2;;;;;;;;CORPORE;dbo;CGERENCIA;CODCONTA;FKXSUBUNIDADERAT_CGERENCIA
FK;CORPORE;dbo;XSUBUNIDADERATCCU;TABELA;CODCOLIGADA;1;;;;;;;;CORPORE;dbo;GCCUSTO;CODCOLIGADA;FKXSUBUNIDADERATCCU_GCCUSTO
FK;CORPORE;dbo;XSUBUNIDADERATCCU;TABELA;CODCCUSTO;2;;;;;;;;CORPORE;dbo;GCCUSTO;CODCCUSTO;FKXSUBUNIDADERATCCU_GCCUSTO
FK;CORPORE;dbo;XTIPOCOBERTURARATCCU;TABELA;CODCOLIGADA;1;;;;;;;;CORPORE;dbo;GCCUSTO;CODCOLIGADA;FKXTIPOCOBERTURARATCCU_GCCUSTO
FK;CORPORE;dbo;XTIPOCOBERTURARATCCU;TABELA;CODCCUSTO;2;;;;;;;;CORPORE;dbo;GCCUSTO;CODCCUSTO;FKXTIPOCOBERTURARATCCU_GCCUSTO
FK;CORPORE;dbo;XTIPODESPESA;TABELA;CODCOLNATFINANCEIRAPAG;1;;;;;;;;CORPORE;dbo;TTBORCAMENTO;CODCOLIGADA;FKXTIPODESPESATTBORCAMENTO_PAG
FK;CORPORE;dbo;XTIPODESPESA;TABELA;CODCOLNATFINANCEIRAREC;1;;;;;;;;CORPORE;dbo;TTBORCAMENTO;CODCOLIGADA;FKXTIPODESPESATTBORCAMENTO_REC
FK;CORPORE;dbo;XTIPODESPESA;TABELA;CODNATFINANCEIRAPAG;2;;;;;;;;CORPORE;dbo;TTBORCAMENTO;CODTBORCAMENTO;FKXTIPODESPESATTBORCAMENTO_PAG
FK;CORPORE;dbo;XTIPODESPESA;TABELA;CODNATFINANCEIRAREC;2;;;;;;;;CORPORE;dbo;TTBORCAMENTO;CODTBORCAMENTO;FKXTIPODESPESATTBORCAMENTO_REC
FK;CORPORE;dbo;XUNIDADE;TABELA;CODCOLCCU;1;;;;;;;;CORPORE;dbo;GCCUSTO;CODCOLIGADA;FKXUNIDADE_GCCUSTO
FK;CORPORE;dbo;XUNIDADE;TABELA;CODCCUSTO;2;;;;;;;;CORPORE;dbo;GCCUSTO;CODCCUSTO;FKXUNIDADE_GCCUSTO
FK;CORPORE;dbo;XVENDACONTA;TABELA;CODCOLCONTA;1;;;;;;;;CORPORE;dbo;CCONTA;CODCOLIGADA;FKXVENDACONTA_CCONTA
FK;CORPORE;dbo;XVENDACONTA;TABELA;CODCONTA;2;;;;;;;;CORPORE;dbo;CCONTA;CODCONTA;FKXVENDACONTA_CCONTA
FK;CORPORE;dbo;XVENDAPARCELABAIXA;TABELA;CODCOLMOV;1;;;;;;;;CORPORE;dbo;TMOV;CODCOLIGADA;FKXVENDAPARCELABAIXA_TMOV
FK;CORPORE;dbo;XVENDAPARCELABAIXA;TABELA;IDMOV;2;;;;;;;;CORPORE;dbo;TMOV;IDMOV;FKXVENDAPARCELABAIXA_TMOV
FK;CORPORE;dbo;XVENDAPESSOA;TABELA;CODCOLCFOCOMPRADOR;1;;;;;;;;CORPORE;dbo;FCFO;CODCOLIGADA;FKXVENDAPESSOA_FCFO_COMPRADOR
FK;CORPORE;dbo;XVENDAPESSOA;TABELA;CODCOLCFOPESSOA;1;;;;;;;;CORPORE;dbo;FCFO;CODCOLIGADA;FKXVENDAPESSOA_FCFO
FK;CORPORE;dbo;XVENDAPESSOA;TABELA;CODCFOCOMPRADOR;2;;;;;;;;CORPORE;dbo;FCFO;CODCFO;FKXVENDAPESSOA_FCFO_COMPRADOR
FK;CORPORE;dbo;XVENDAPESSOA;TABELA;CODCFOPESSOA;2;;;;;;;;CORPORE;dbo;FCFO;CODCFO;FKXVENDAPESSOA_FCFO
FK;CORPORE;dbo;XVENDEDOR;TABELA;CODCOLCFO;1;;;;;;;;CORPORE;dbo;FCFO;CODCOLIGADA;FK_XVENDEDOR_FCFO
FK;CORPORE;dbo;XVENDEDOR;TABELA;CODCFO;2;;;;;;;;CORPORE;dbo;FCFO;CODCFO;FK_XVENDEDOR_FCFO
FK;CORPORE;dbo;XXCONTRATO;TABELA;CODCOLIGADACONTRATADA;1;;;;;;;;CORPORE;dbo;FCFO;CODCOLIGADA;FKXXCONTRATO_FCFO
FK;CORPORE;dbo;XXCONTRATO;TABELA;CODCONTRATADA;2;;;;;;;;CORPORE;dbo;FCFO;CODCFO;FKXXCONTRATO_FCFO
FK;CORPORE;dbo;XXCONTRATODISTRIBUICAO;TABELA;CODCOLIGADACFO;1;;;;;;;;CORPORE;dbo;FCFO;CODCOLIGADA;FKXXCONTRATOCFO_FCFO
FK;CORPORE;dbo;XXCONTRATODISTRIBUICAO;TABELA;CODCFO;2;;;;;;;;CORPORE;dbo;FCFO;CODCFO;FKXXCONTRATOCFO_FCFO
AUSENTE;FLUIG;;CCONTA;;;;;;;;;;;;;;;
AUSENTE;FLUIG;;CGERENCIA;;;;;;;;;;;;;;;
AUSENTE;FLUIG;;CLANCAMENTO;;;;;;;;;;;;;;;
AUSENTE;FLUIG;;CLOTE;;;;;;;;;;;;;;;
AUSENTE;FLUIG;;CODLOTE;;;;;;;;;;;;;;;
AUSENTE;FLUIG;;COLUMNS;;;;;;;;;;;;;;;
AUSENTE;FLUIG;;CPARTIDA;;;;;;;;;;;;;;;
AUSENTE;FLUIG;;CRATEIOLC;;;;;;;;;;;;;;;
AUSENTE;FLUIG;;CRATEIOLCCC;;;;;;;;;;;;;;;
AUSENTE;FLUIG;;DBO;;;;;;;;;;;;;;;
AUSENTE;FLUIG;;DM_DB_PARTITION_STATS;;;;;;;;;;;;;;;
AUSENTE;FLUIG;;FCFO;;;;;;;;;;;;;;;
AUSENTE;FLUIG;;FDN_COLLEAGUE;;;;;;;;;;;;;;;
AUSENTE;FLUIG;;FOREIGN_KEY_COLUMNS;;;;;;;;;;;;;;;
AUSENTE;FLUIG;;FOREIGN_KEYS;;;;;;;;;;;;;;;
AUSENTE;FLUIG;;GCCUSTO;;;;;;;;;;;;;;;
AUSENTE;FLUIG;;GUSUARIO;;;;;;;;;;;;;;;
AUSENTE;FLUIG;;INDEX_COLUMNS;;;;;;;;;;;;;;;
AUSENTE;FLUIG;;INDEXES;;;;;;;;;;;;;;;
AUSENTE;FLUIG;;OBJECTS;;;;;;;;;;;;;;;
AUSENTE;FLUIG;;PPESSOA;;;;;;;;;;;;;;;
AUSENTE;FLUIG;;PRIMEIRA_VERSAO;;;;;;;;;;;;;;;
AUSENTE;FLUIG;;STRING_SPLIT;;;;;;;;;;;;;;;
AUSENTE;FLUIG;;TABLES;;;;;;;;;;;;;;;
AUSENTE;FLUIG;;TITMMOV;;;;;;;;;;;;;;;
AUSENTE;FLUIG;;TITMORCAMENTO;;;;;;;;;;;;;;;
AUSENTE;FLUIG;;TMOV;;;;;;;;;;;;;;;
AUSENTE;FLUIG;;TMOVORCAMENTO;;;;;;;;;;;;;;;
AUSENTE;FLUIG;;TMOVRELAC;;;;;;;;;;;;;;;
AUSENTE;FLUIG;;TORCAMENTO;;;;;;;;;;;;;;;
AUSENTE;FLUIG;;TPERIODOORCAMENTO;;;;;;;;;;;;;;;
AUSENTE;FLUIG;;TTBORCAMENTO;;;;;;;;;;;;;;;
AUSENTE;FLUIG;;TYPES;;;;;;;;;;;;;;;
COLUNA;FLUIG;dbo;FDN_USERTENANT;TABELA;USER_TENANT_ID;1;bigint;8;19;0;NAO;SIM;SIM;;;;;
COLUNA;FLUIG;dbo;FDN_USERTENANT;TABELA;EMAIL;2;varchar;120;0;0;NAO;NAO;NAO;;;;;
COLUNA;FLUIG;dbo;FDN_USERTENANT;TABELA;FIRST_ACCESS;3;bit;1;1;0;NAO;NAO;NAO;;;;;
COLUNA;FLUIG;dbo;FDN_USERTENANT;TABELA;IDP_ID;4;varchar;255;0;0;SIM;NAO;NAO;;;;;
COLUNA;FLUIG;dbo;FDN_USERTENANT;TABELA;LAST_UPDATE_DATE;5;datetime2;8;27;7;NAO;NAO;NAO;;;;;
COLUNA;FLUIG;dbo;FDN_USERTENANT;TABELA;LOCATION_ID;6;bigint;8;19;0;SIM;NAO;NAO;;;;;
COLUNA;FLUIG;dbo;FDN_USERTENANT;TABELA;LOGIN;7;varchar;150;0;0;NAO;NAO;NAO;;;;;
COLUNA;FLUIG;dbo;FDN_USERTENANT;TABELA;PASSWORD;8;varchar;512;0;0;SIM;NAO;NAO;;;;;
COLUNA;FLUIG;dbo;FDN_USERTENANT;TABELA;TENANT_ID;9;bigint;8;19;0;NAO;NAO;NAO;;;;;
COLUNA;FLUIG;dbo;FDN_USERTENANT;TABELA;USER_CODE;10;varchar;150;0;0;SIM;NAO;NAO;;;;;
COLUNA;FLUIG;dbo;FDN_USERTENANT;TABELA;USER_UUID;11;varchar;36;0;0;SIM;NAO;NAO;;;;;
COLUNA;FLUIG;dbo;FDN_USERTENANT;TABELA;USER_ID;12;bigint;8;19;0;NAO;NAO;NAO;;;;;
COLUNA;FLUIG;dbo;FDN_USERTENANT;TABELA;USER_STATE;13;int;4;10;0;NAO;NAO;NAO;;;;;
COLUNA;FLUIG;dbo;FDN_USERTENANT;TABELA;ANONYMIZATION_DATE;14;datetime2;8;27;7;SIM;NAO;NAO;;;;;
COLUNA;FLUIG;dbo;FDN_USERTENANT;TABELA;ANONYMIZATION_USER_ID;15;bigint;8;19;0;SIM;NAO;NAO;;;;;
COLUNA;FLUIG;dbo;FDN_USERTENANT;TABELA;LAST_SECURITY_UPDATE_DATE;16;datetime;8;23;3;SIM;NAO;NAO;;;;;
COLUNA;FLUIG;dbo;Z_DELP_CAPEX_APROVACAO;TABELA;ID;1;bigint;8;19;0;NAO;SIM;SIM;;;;;
COLUNA;FLUIG;dbo;Z_DELP_CAPEX_APROVACAO;TABELA;ANO_CAPEX;2;int;4;10;0;NAO;NAO;NAO;;;;;
COLUNA;FLUIG;dbo;Z_DELP_CAPEX_APROVACAO;TABELA;CODFILIAL;3;int;4;10;0;NAO;NAO;NAO;;;;;
COLUNA;FLUIG;dbo;Z_DELP_CAPEX_APROVACAO;TABELA;NOME_FILIAL;4;varchar;60;0;0;SIM;NAO;NAO;;;;;
COLUNA;FLUIG;dbo;Z_DELP_CAPEX_APROVACAO;TABELA;ITEM_ORIGEM;5;int;4;10;0;SIM;NAO;NAO;;;;;
COLUNA;FLUIG;dbo;Z_DELP_CAPEX_APROVACAO;TABELA;CC_ORIGEM;6;varchar;30;0;0;SIM;NAO;NAO;;;;;
COLUNA;FLUIG;dbo;Z_DELP_CAPEX_APROVACAO;TABELA;DESCRICAO_ORIGEM;7;varchar;500;0;0;SIM;NAO;NAO;;;;;
COLUNA;FLUIG;dbo;Z_DELP_CAPEX_APROVACAO;TABELA;TIPO;8;varchar;30;0;0;NAO;NAO;NAO;;;;;
COLUNA;FLUIG;dbo;Z_DELP_CAPEX_APROVACAO;TABELA;VALOR_MOVIMENTADO;9;decimal;9;18;2;NAO;NAO;NAO;;;;;
COLUNA;FLUIG;dbo;Z_DELP_CAPEX_APROVACAO;TABELA;GERENTE_NOME;10;varchar;150;0;0;SIM;NAO;NAO;;;;;
COLUNA;FLUIG;dbo;Z_DELP_CAPEX_APROVACAO;TABELA;APROVADOR_MATRICULA;11;varchar;50;0;0;SIM;NAO;NAO;;;;;
COLUNA;FLUIG;dbo;Z_DELP_CAPEX_APROVACAO;TABELA;APROVADOR_RESOLVIDO;12;bit;1;1;0;NAO;NAO;NAO;;;;;
COLUNA;FLUIG;dbo;Z_DELP_CAPEX_APROVACAO;TABELA;SOLICITANTE_MATRICULA;13;varchar;50;0;0;NAO;NAO;NAO;;;;;
COLUNA;FLUIG;dbo;Z_DELP_CAPEX_APROVACAO;TABELA;STATUS;14;varchar;20;0;0;NAO;NAO;NAO;;;;;
COLUNA;FLUIG;dbo;Z_DELP_CAPEX_APROVACAO;TABELA;JUSTIFICATIVA_SOLIC;15;varchar;1000;0;0;SIM;NAO;NAO;;;;;
COLUNA;FLUIG;dbo;Z_DELP_CAPEX_APROVACAO;TABELA;JUSTIFICATIVA_DECISAO;16;varchar;1000;0;0;SIM;NAO;NAO;;;;;
COLUNA;FLUIG;dbo;Z_DELP_CAPEX_APROVACAO;TABELA;PAYLOAD_JSON;17;varchar;MAX;0;0;SIM;NAO;NAO;;;;;
COLUNA;FLUIG;dbo;Z_DELP_CAPEX_APROVACAO;TABELA;DT_SOLICITACAO;18;datetime2;6;19;0;NAO;NAO;NAO;;;;;
COLUNA;FLUIG;dbo;Z_DELP_CAPEX_APROVACAO;TABELA;DT_DECISAO;19;datetime2;6;19;0;SIM;NAO;NAO;;;;;
COLUNA;FLUIG;dbo;Z_DELP_CAPEX_APROVACAO;TABELA;RECCREATEDBY;20;varchar;50;0;0;SIM;NAO;NAO;;;;;
COLUNA;FLUIG;dbo;Z_DELP_CAPEX_APROVACAO;TABELA;RECCREATEDON;21;datetime2;6;19;0;NAO;NAO;NAO;;;;;
COLUNA;FLUIG;dbo;Z_DELP_CAPEX_APROVACAO;TABELA;RECMODIFIEDBY;22;varchar;50;0;0;SIM;NAO;NAO;;;;;
COLUNA;FLUIG;dbo;Z_DELP_CAPEX_APROVACAO;TABELA;RECMODIFIEDON;23;datetime2;6;19;0;SIM;NAO;NAO;;;;;
COLUNA;FLUIG;dbo;Z_DELP_CAPEX_APROVACAO;TABELA;TIPO_LINHA_ORIGEM;24;varchar;15;0;0;NAO;NAO;NAO;;;;;
COLUNA;FLUIG;dbo;Z_DELP_CAPEX_APROVACAO;TABELA;REF_ORIGEM;25;bigint;8;19;0;SIM;NAO;NAO;;;;;
COLUNA;FLUIG;dbo;Z_DELP_CAPEX_APROVACAO;TABELA;NIVEL_ATUAL;26;int;4;10;0;NAO;NAO;NAO;;;;;
COLUNA;FLUIG;dbo;Z_DELP_CAPEX_APROVACAO;TABELA;NIVEL_MAX;27;int;4;10;0;NAO;NAO;NAO;;;;;
COLUNA;FLUIG;dbo;Z_DELP_CAPEX_APROVACAO;TABELA;CADEIA_JSON;28;nvarchar;MAX;0;0;SIM;NAO;NAO;;;;;
COLUNA;FLUIG;dbo;Z_DELP_CAPEX_APROVACAO;TABELA;TRILHA_JSON;29;nvarchar;MAX;0;0;SIM;NAO;NAO;;;;;
COLUNA;FLUIG;dbo;Z_DELP_CAPEX_APROVACAO;TABELA;SC_ID;30;bigint;8;19;0;SIM;NAO;NAO;;;;;
COLUNA;FLUIG;dbo;Z_DELP_CAPEX_APROVACAO;TABELA;TOKEN_APROVACAO;31;varchar;64;0;0;SIM;NAO;NAO;;;;;
COLUNA;FLUIG;dbo;Z_DELP_CAPEX_APROVACAO_PLANO;TABELA;ID;1;int;4;10;0;NAO;SIM;SIM;;;;;
COLUNA;FLUIG;dbo;Z_DELP_CAPEX_APROVACAO_PLANO;TABELA;ANO_CAPEX;2;int;4;10;0;NAO;NAO;NAO;;;;;
COLUNA;FLUIG;dbo;Z_DELP_CAPEX_APROVACAO_PLANO;TABELA;VERSAO_PLANO;3;int;4;10;0;SIM;NAO;NAO;;;;;
COLUNA;FLUIG;dbo;Z_DELP_CAPEX_APROVACAO_PLANO;TABELA;SOLICITANTE_LOGIN;4;varchar;100;0;0;NAO;NAO;NAO;;;;;
COLUNA;FLUIG;dbo;Z_DELP_CAPEX_APROVACAO_PLANO;TABELA;SOLICITANTE_NOME;5;varchar;200;0;0;SIM;NAO;NAO;;;;;
COLUNA;FLUIG;dbo;Z_DELP_CAPEX_APROVACAO_PLANO;TABELA;STATUS;6;varchar;30;0;0;NAO;NAO;NAO;;;;;
COLUNA;FLUIG;dbo;Z_DELP_CAPEX_APROVACAO_PLANO;TABELA;NIVEL_ATUAL;7;int;4;10;0;NAO;NAO;NAO;;;;;
COLUNA;FLUIG;dbo;Z_DELP_CAPEX_APROVACAO_PLANO;TABELA;APROVADOR_LOGIN;8;varchar;100;0;0;SIM;NAO;NAO;;;;;
COLUNA;FLUIG;dbo;Z_DELP_CAPEX_APROVACAO_PLANO;TABELA;APROVADOR_NOME;9;varchar;200;0;0;SIM;NAO;NAO;;;;;
COLUNA;FLUIG;dbo;Z_DELP_CAPEX_APROVACAO_PLANO;TABELA;JUSTIFICATIVA_SOLIC;10;varchar;2000;0;0;SIM;NAO;NAO;;;;;
COLUNA;FLUIG;dbo;Z_DELP_CAPEX_APROVACAO_PLANO;TABELA;JUSTIFICATIVA_DECISAO;11;varchar;2000;0;0;SIM;NAO;NAO;;;;;
COLUNA;FLUIG;dbo;Z_DELP_CAPEX_APROVACAO_PLANO;TABELA;TOKEN;12;varchar;80;0;0;SIM;NAO;NAO;;;;;
COLUNA;FLUIG;dbo;Z_DELP_CAPEX_APROVACAO_PLANO;TABELA;TOKEN_EXPIRA;13;datetime2;8;27;7;SIM;NAO;NAO;;;;;
COLUNA;FLUIG;dbo;Z_DELP_CAPEX_APROVACAO_PLANO;TABELA;DT_SOLICITACAO;14;datetime2;8;27;7;NAO;NAO;NAO;;;;;
COLUNA;FLUIG;dbo;Z_DELP_CAPEX_APROVACAO_PLANO;TABELA;DT_DECISAO;15;datetime2;8;27;7;SIM;NAO;NAO;;;;;
COLUNA;FLUIG;dbo;Z_DELP_CAPEX_APROVACAO_PLANO;TABELA;RECCREATEDBY;16;varchar;100;0;0;SIM;NAO;NAO;;;;;
COLUNA;FLUIG;dbo;Z_DELP_CAPEX_APROVACAO_PLANO;TABELA;RECCREATEDON;17;datetime2;8;27;7;NAO;NAO;NAO;;;;;
COLUNA;FLUIG;dbo;Z_DELP_CAPEX_APROVACAO_PLANO;TABELA;RECMODIFIEDBY;18;varchar;100;0;0;SIM;NAO;NAO;;;;;
COLUNA;FLUIG;dbo;Z_DELP_CAPEX_APROVACAO_PLANO;TABELA;RECMODIFIEDON;19;datetime2;8;27;7;SIM;NAO;NAO;;;;;
COLUNA;FLUIG;dbo;Z_DELP_CAPEX_APROVACAO_PLANO;TABELA;ANEXO_XLSX_B64;20;nvarchar;MAX;0;0;SIM;NAO;NAO;;;;;
COLUNA;FLUIG;dbo;Z_DELP_CAPEX_APROVACAO_PLANO;TABELA;ANEXO_NOME;21;nvarchar;200;0;0;SIM;NAO;NAO;;;;;
COLUNA;FLUIG;dbo;Z_DELP_CAPEX_APROVACAO_PLANO;TABELA;DECISOR_N1_LOGIN;22;nvarchar;100;0;0;SIM;NAO;NAO;;;;;
COLUNA;FLUIG;dbo;Z_DELP_CAPEX_APROVACAO_PLANO;TABELA;DECISOR_N1_NOME;23;nvarchar;200;0;0;SIM;NAO;NAO;;;;;
COLUNA;FLUIG;dbo;Z_DELP_CAPEX_APROVACAO_PLANO;TABELA;DECISOR_N1_EMAIL;24;nvarchar;200;0;0;SIM;NAO;NAO;;;;;
COLUNA;FLUIG;dbo;Z_DELP_CAPEX_APROVACAO_PLANO;TABELA;DECISOR_N1_DT;25;datetime2;8;27;7;SIM;NAO;NAO;;;;;
COLUNA;FLUIG;dbo;Z_DELP_CAPEX_APROVACAO_PLANO;TABELA;DECISOR_N2_LOGIN;26;nvarchar;100;0;0;SIM;NAO;NAO;;;;;
COLUNA;FLUIG;dbo;Z_DELP_CAPEX_APROVACAO_PLANO;TABELA;DECISOR_N2_NOME;27;nvarchar;200;0;0;SIM;NAO;NAO;;;;;
COLUNA;FLUIG;dbo;Z_DELP_CAPEX_APROVACAO_PLANO;TABELA;DECISOR_N2_EMAIL;28;nvarchar;200;0;0;SIM;NAO;NAO;;;;;
COLUNA;FLUIG;dbo;Z_DELP_CAPEX_APROVACAO_PLANO;TABELA;DECISOR_N2_DT;29;datetime2;8;27;7;SIM;NAO;NAO;;;;;
COLUNA;FLUIG;dbo;Z_DELP_CAPEX_APROVADOR;TABELA;ID;1;int;4;10;0;NAO;SIM;SIM;;;;;
COLUNA;FLUIG;dbo;Z_DELP_CAPEX_APROVADOR;TABELA;NOME;2;varchar;150;0;0;NAO;NAO;NAO;;;;;
COLUNA;FLUIG;dbo;Z_DELP_CAPEX_APROVADOR;TABELA;LOGIN;3;varchar;100;0;0;NAO;NAO;NAO;;;;;
COLUNA;FLUIG;dbo;Z_DELP_CAPEX_APROVADOR;TABELA;EMAIL;4;varchar;150;0;0;NAO;NAO;NAO;;;;;
COLUNA;FLUIG;dbo;Z_DELP_CAPEX_APROVADOR;TABELA;PAPEL;5;varchar;30;0;0;NAO;NAO;NAO;;;;;
COLUNA;FLUIG;dbo;Z_DELP_CAPEX_APROVADOR;TABELA;NIVEL;6;int;4;10;0;NAO;NAO;NAO;;;;;
COLUNA;FLUIG;dbo;Z_DELP_CAPEX_APROVADOR;TABELA;ESCOPO;7;varchar;30;0;0;NAO;NAO;NAO;;;;;
COLUNA;FLUIG;dbo;Z_DELP_CAPEX_APROVADOR;TABELA;REF_ESCOPO;8;varchar;30;0;0;SIM;NAO;NAO;;;;;
COLUNA;FLUIG;dbo;Z_DELP_CAPEX_APROVADOR;TABELA;SUBSTITUTO_LOGIN;9;varchar;100;0;0;SIM;NAO;NAO;;;;;
COLUNA;FLUIG;dbo;Z_DELP_CAPEX_APROVADOR;TABELA;ATIVO;10;bit;1;1;0;NAO;NAO;NAO;;;;;
COLUNA;FLUIG;dbo;Z_DELP_CAPEX_APROVADOR;TABELA;RECCREATEDBY;11;varchar;100;0;0;NAO;NAO;NAO;;;;;
COLUNA;FLUIG;dbo;Z_DELP_CAPEX_APROVADOR;TABELA;RECCREATEDON;12;datetime;8;23;3;NAO;NAO;NAO;;;;;
COLUNA;FLUIG;dbo;Z_DELP_CAPEX_APROVADOR;TABELA;RECMODIFIEDBY;13;varchar;100;0;0;SIM;NAO;NAO;;;;;
COLUNA;FLUIG;dbo;Z_DELP_CAPEX_APROVADOR;TABELA;RECMODIFIEDON;14;datetime;8;23;3;SIM;NAO;NAO;;;;;
COLUNA;FLUIG;dbo;Z_DELP_CAPEX_APROVADOR_CC;TABELA;ID;1;int;4;10;0;NAO;SIM;SIM;;;;;
COLUNA;FLUIG;dbo;Z_DELP_CAPEX_APROVADOR_CC;TABELA;APROVADOR_ID;2;int;4;10;0;NAO;NAO;NAO;;;;;
COLUNA;FLUIG;dbo;Z_DELP_CAPEX_APROVADOR_CC;TABELA;CC;3;varchar;30;0;0;NAO;NAO;NAO;;;;;
COLUNA;FLUIG;dbo;Z_DELP_CAPEX_APROVADOR_CC;TABELA;RECCREATEDBY;4;varchar;100;0;0;NAO;NAO;NAO;;;;;
COLUNA;FLUIG;dbo;Z_DELP_CAPEX_APROVADOR_CC;TABELA;RECCREATEDON;5;datetime;8;23;3;NAO;NAO;NAO;;;;;
COLUNA;FLUIG;dbo;Z_DELP_CAPEX_CONTINGENCIA;TABELA;ID;1;bigint;8;19;0;NAO;SIM;SIM;;;;;
COLUNA;FLUIG;dbo;Z_DELP_CAPEX_CONTINGENCIA;TABELA;ANO_CAPEX;2;int;4;10;0;NAO;NAO;NAO;;;;;
COLUNA;FLUIG;dbo;Z_DELP_CAPEX_CONTINGENCIA;TABELA;VERSAO;3;int;4;10;0;NAO;NAO;NAO;;;;;
COLUNA;FLUIG;dbo;Z_DELP_CAPEX_CONTINGENCIA;TABELA;EFETIVADO;4;bit;1;1;0;NAO;NAO;NAO;;;;;
COLUNA;FLUIG;dbo;Z_DELP_CAPEX_CONTINGENCIA;TABELA;CODFILIAL;5;int;4;10;0;NAO;NAO;NAO;;;;;
COLUNA;FLUIG;dbo;Z_DELP_CAPEX_CONTINGENCIA;TABELA;NOME_FILIAL;6;varchar;20;0;0;SIM;NAO;NAO;;;;;
COLUNA;FLUIG;dbo;Z_DELP_CAPEX_CONTINGENCIA;TABELA;DIRETORIA;7;varchar;100;0;0;NAO;NAO;NAO;;;;;
COLUNA;FLUIG;dbo;Z_DELP_CAPEX_CONTINGENCIA;TABELA;DESCRICAO;8;varchar;200;0;0;NAO;NAO;NAO;;;;;
COLUNA;FLUIG;dbo;Z_DELP_CAPEX_CONTINGENCIA;TABELA;JUSTIFICATIVA;9;varchar;1000;0;0;SIM;NAO;NAO;;;;;
COLUNA;FLUIG;dbo;Z_DELP_CAPEX_CONTINGENCIA;TABELA;VALOR_ORCADO;10;decimal;9;18;2;NAO;NAO;NAO;;;;;
COLUNA;FLUIG;dbo;Z_DELP_CAPEX_CONTINGENCIA;TABELA;NATUREZA;11;varchar;10;0;0;SIM;NAO;NAO;;;;;
COLUNA;FLUIG;dbo;Z_DELP_CAPEX_CONTINGENCIA;TABELA;INATIVADO;12;bit;1;1;0;NAO;NAO;NAO;;;;;
COLUNA;FLUIG;dbo;Z_DELP_CAPEX_CONTINGENCIA;TABELA;INTEGRADO_RM;13;bit;1;1;0;NAO;NAO;NAO;;;;;
COLUNA;FLUIG;dbo;Z_DELP_CAPEX_CONTINGENCIA;TABELA;DT_INTEGRACAO_RM;14;datetime2;8;27;7;SIM;NAO;NAO;;;;;
COLUNA;FLUIG;dbo;Z_DELP_CAPEX_CONTINGENCIA;TABELA;ID_ORCAMENTO_RM;15;int;4;10;0;SIM;NAO;NAO;;;;;
COLUNA;FLUIG;dbo;Z_DELP_CAPEX_CONTINGENCIA;TABELA;RECCREATEDBY;16;varchar;50;0;0;SIM;NAO;NAO;;;;;
COLUNA;FLUIG;dbo;Z_DELP_CAPEX_CONTINGENCIA;TABELA;RECCREATEDON;17;datetime2;8;27;7;SIM;NAO;NAO;;;;;
COLUNA;FLUIG;dbo;Z_DELP_CAPEX_CONTINGENCIA;TABELA;RECMODIFIEDBY;18;varchar;50;0;0;SIM;NAO;NAO;;;;;
COLUNA;FLUIG;dbo;Z_DELP_CAPEX_CONTINGENCIA;TABELA;RECMODIFIEDON;19;datetime2;8;27;7;SIM;NAO;NAO;;;;;
COLUNA;FLUIG;dbo;Z_DELP_CAPEX_GERENTE_USUARIO;TABELA;ID;1;int;4;10;0;NAO;SIM;SIM;;;;;
COLUNA;FLUIG;dbo;Z_DELP_CAPEX_GERENTE_USUARIO;TABELA;GERENTE_NOME;2;varchar;150;0;0;NAO;NAO;NAO;;;;;
COLUNA;FLUIG;dbo;Z_DELP_CAPEX_GERENTE_USUARIO;TABELA;CODUSUARIO;3;varchar;50;0;0;NAO;NAO;NAO;;;;;
COLUNA;FLUIG;dbo;Z_DELP_CAPEX_GERENTE_USUARIO;TABELA;ATIVO;4;bit;1;1;0;NAO;NAO;NAO;;;;;
COLUNA;FLUIG;dbo;Z_DELP_CAPEX_GERENTE_USUARIO;TABELA;RECCREATEDON;5;datetime2;6;19;0;NAO;NAO;NAO;;;;;
COLUNA;FLUIG;dbo;Z_DELP_CAPEX_INTEGRACAO_LOG;TABELA;ID;1;bigint;8;19;0;NAO;SIM;SIM;;;;;
COLUNA;FLUIG;dbo;Z_DELP_CAPEX_INTEGRACAO_LOG;TABELA;ID_SOLICITACAO;2;bigint;8;19;0;NAO;NAO;NAO;;;;;
COLUNA;FLUIG;dbo;Z_DELP_CAPEX_INTEGRACAO_LOG;TABELA;NUMPROCESSO_FLUIG;3;int;4;10;0;SIM;NAO;NAO;;;;;
COLUNA;FLUIG;dbo;Z_DELP_CAPEX_INTEGRACAO_LOG;TABELA;TENTATIVA;4;int;4;10;0;NAO;NAO;NAO;;;;;
COLUNA;FLUIG;dbo;Z_DELP_CAPEX_INTEGRACAO_LOG;TABELA;DT_INICIO;5;datetime2;6;19;0;NAO;NAO;NAO;;;;;
COLUNA;FLUIG;dbo;Z_DELP_CAPEX_INTEGRACAO_LOG;TABELA;DT_FIM;6;datetime2;6;19;0;SIM;NAO;NAO;;;;;
COLUNA;FLUIG;dbo;Z_DELP_CAPEX_INTEGRACAO_LOG;TABELA;DURACAO_MS;7;int;4;10;0;SIM;NAO;NAO;;;;;
COLUNA;FLUIG;dbo;Z_DELP_CAPEX_INTEGRACAO_LOG;TABELA;STATUS;8;varchar;20;0;0;NAO;NAO;NAO;;;;;
COLUNA;FLUIG;dbo;Z_DELP_CAPEX_INTEGRACAO_LOG;TABELA;CLASSE_ERRO;9;varchar;20;0;0;SIM;NAO;NAO;;;;;
COLUNA;FLUIG;dbo;Z_DELP_CAPEX_INTEGRACAO_LOG;TABELA;MENSAGEM;10;varchar;MAX;0;0;SIM;NAO;NAO;;;;;
COLUNA;FLUIG;dbo;Z_DELP_CAPEX_INTEGRACAO_LOG;TABELA;XML_ENVIADO;11;varchar;MAX;0;0;SIM;NAO;NAO;;;;;
COLUNA;FLUIG;dbo;Z_DELP_CAPEX_INTEGRACAO_LOG;TABELA;XML_RETORNO;12;varchar;MAX;0;0;SIM;NAO;NAO;;;;;
COLUNA;FLUIG;dbo;Z_DELP_CAPEX_INTEGRACAO_LOG;TABELA;IDMOV_GERADO;13;int;4;10;0;SIM;NAO;NAO;;;;;
COLUNA;FLUIG;dbo;Z_DELP_CAPEX_INTEGRACAO_LOG;TABELA;USUARIO;14;varchar;50;0;0;SIM;NAO;NAO;;;;;
COLUNA;FLUIG;dbo;Z_DELP_CAPEX_LOG;TABELA;ID;1;bigint;8;19;0;NAO;SIM;SIM;;;;;
COLUNA;FLUIG;dbo;Z_DELP_CAPEX_LOG;TABELA;ANO_CAPEX;2;int;4;10;0;SIM;NAO;NAO;;;;;
COLUNA;FLUIG;dbo;Z_DELP_CAPEX_LOG;TABELA;CODFILIAL;3;int;4;10;0;SIM;NAO;NAO;;;;;
COLUNA;FLUIG;dbo;Z_DELP_CAPEX_LOG;TABELA;EVENTO;4;varchar;40;0;0;NAO;NAO;NAO;;;;;
COLUNA;FLUIG;dbo;Z_DELP_CAPEX_LOG;TABELA;TIPO_MOV;5;varchar;20;0;0;SIM;NAO;NAO;;;;;
COLUNA;FLUIG;dbo;Z_DELP_CAPEX_LOG;TABELA;ITEM_ORIGEM;6;int;4;10;0;SIM;NAO;NAO;;;;;
COLUNA;FLUIG;dbo;Z_DELP_CAPEX_LOG;TABELA;VALOR;7;decimal;9;18;2;SIM;NAO;NAO;;;;;
COLUNA;FLUIG;dbo;Z_DELP_CAPEX_LOG;TABELA;APROVACAO_ID;8;bigint;8;19;0;SIM;NAO;NAO;;;;;
COLUNA;FLUIG;dbo;Z_DELP_CAPEX_LOG;TABELA;USUARIO;9;varchar;50;0;0;SIM;NAO;NAO;;;;;
COLUNA;FLUIG;dbo;Z_DELP_CAPEX_LOG;TABELA;DETALHE;10;varchar;1000;0;0;SIM;NAO;NAO;;;;;
COLUNA;FLUIG;dbo;Z_DELP_CAPEX_LOG;TABELA;PAYLOAD_JSON;11;varchar;MAX;0;0;SIM;NAO;NAO;;;;;
COLUNA;FLUIG;dbo;Z_DELP_CAPEX_LOG;TABELA;RECCREATEDON;12;datetime2;6;19;0;NAO;NAO;NAO;;;;;
COLUNA;FLUIG;dbo;Z_DELP_CAPEX_LOG;TABELA;CID;13;varchar;60;0;0;SIM;NAO;NAO;;;;;
COLUNA;FLUIG;dbo;Z_DELP_CAPEX_PLANO;TABELA;ID;1;bigint;8;19;0;NAO;SIM;SIM;;;;;
COLUNA;FLUIG;dbo;Z_DELP_CAPEX_PLANO;TABELA;ANO_CAPEX;2;int;4;10;0;NAO;NAO;NAO;;;;;
COLUNA;FLUIG;dbo;Z_DELP_CAPEX_PLANO;TABELA;VERSAO;3;int;4;10;0;NAO;NAO;NAO;;;;;
COLUNA;FLUIG;dbo;Z_DELP_CAPEX_PLANO;TABELA;EFETIVADO;4;bit;1;1;0;NAO;NAO;NAO;;;;;
COLUNA;FLUIG;dbo;Z_DELP_CAPEX_PLANO;TABELA;CODFILIAL;5;int;4;10;0;NAO;NAO;NAO;;;;;
COLUNA;FLUIG;dbo;Z_DELP_CAPEX_PLANO;TABELA;NOME_FILIAL;6;varchar;20;0;0;NAO;NAO;NAO;;;;;
COLUNA;FLUIG;dbo;Z_DELP_CAPEX_PLANO;TABELA;ITEM;7;int;4;10;0;NAO;NAO;NAO;;;;;
COLUNA;FLUIG;dbo;Z_DELP_CAPEX_PLANO;TABELA;CC;8;varchar;30;0;0;NAO;NAO;NAO;;;;;
COLUNA;FLUIG;dbo;Z_DELP_CAPEX_PLANO;TABELA;DESC_CC;9;varchar;200;0;0;SIM;NAO;NAO;;;;;
COLUNA;FLUIG;dbo;Z_DELP_CAPEX_PLANO;TABELA;DESCRICAO;10;varchar;500;0;0;NAO;NAO;NAO;;;;;
COLUNA;FLUIG;dbo;Z_DELP_CAPEX_PLANO;TABELA;JUSTIFICATIVA;11;varchar;1000;0;0;SIM;NAO;NAO;;;;;
COLUNA;FLUIG;dbo;Z_DELP_CAPEX_PLANO;TABELA;CATEGORIA;12;varchar;50;0;0;NAO;NAO;NAO;;;;;
COLUNA;FLUIG;dbo;Z_DELP_CAPEX_PLANO;TABELA;VALOR_ORCADO;13;decimal;9;15;2;NAO;NAO;NAO;;;;;
COLUNA;FLUIG;dbo;Z_DELP_CAPEX_PLANO;TABELA;NATUREZA;14;varchar;10;0;0;NAO;NAO;NAO;;;;;
COLUNA;FLUIG;dbo;Z_DELP_CAPEX_PLANO;TABELA;DIRETORIA;15;varchar;100;0;0;NAO;NAO;NAO;;;;;
COLUNA;FLUIG;dbo;Z_DELP_CAPEX_PLANO;TABELA;GERENTE;16;varchar;100;0;0;NAO;NAO;NAO;;;;;
COLUNA;FLUIG;dbo;Z_DELP_CAPEX_PLANO;TABELA;PLANEJ_ESTRATEGICO;17;varchar;3;0;0;SIM;NAO;NAO;;;;;
COLUNA;FLUIG;dbo;Z_DELP_CAPEX_PLANO;TABELA;PAYBACK;18;decimal;9;10;2;SIM;NAO;NAO;;;;;
COLUNA;FLUIG;dbo;Z_DELP_CAPEX_PLANO;TABELA;PRIORIDADE;19;varchar;20;0;0;SIM;NAO;NAO;;;;;
COLUNA;FLUIG;dbo;Z_DELP_CAPEX_PLANO;TABELA;RECCREATEDBY;20;varchar;50;0;0;NAO;NAO;NAO;;;;;
COLUNA;FLUIG;dbo;Z_DELP_CAPEX_PLANO;TABELA;RECCREATEDON;21;datetime2;8;27;7;NAO;NAO;NAO;;;;;
COLUNA;FLUIG;dbo;Z_DELP_CAPEX_PLANO;TABELA;RECMODIFIEDBY;22;varchar;50;0;0;SIM;NAO;NAO;;;;;
COLUNA;FLUIG;dbo;Z_DELP_CAPEX_PLANO;TABELA;RECMODIFIEDON;23;datetime2;8;27;7;SIM;NAO;NAO;;;;;
COLUNA;FLUIG;dbo;Z_DELP_CAPEX_PLANO;TABELA;INTEGRADO_RM;24;bit;1;1;0;NAO;NAO;NAO;;;;;
COLUNA;FLUIG;dbo;Z_DELP_CAPEX_PLANO;TABELA;DT_INTEGRACAO_RM;25;datetime2;8;27;7;SIM;NAO;NAO;;;;;
COLUNA;FLUIG;dbo;Z_DELP_CAPEX_PLANO;TABELA;ID_ORCAMENTO_RM;26;int;4;10;0;SIM;NAO;NAO;;;;;
COLUNA;FLUIG;dbo;Z_DELP_CAPEX_PLANO;TABELA;JUSTIFICATIVA_VERSAO;27;varchar;500;0;0;SIM;NAO;NAO;;;;;
COLUNA;FLUIG;dbo;Z_DELP_CAPEX_PLANO;TABELA;INATIVADO;28;bit;1;1;0;NAO;NAO;NAO;;;;;
COLUNA;FLUIG;dbo;Z_DELP_CAPEX_PLANO;TABELA;OS_DOADORA;29;varchar;30;0;0;SIM;NAO;NAO;;;;;
COLUNA;FLUIG;dbo;Z_DELP_CAPEX_PLANO;TABELA;GRUPO_CAPEX;30;varchar;20;0;0;SIM;NAO;NAO;;;;;
COLUNA;FLUIG;dbo;Z_DELP_CAPEX_SOLICITACAO;TABELA;ID;1;bigint;8;19;0;NAO;SIM;SIM;;;;;
COLUNA;FLUIG;dbo;Z_DELP_CAPEX_SOLICITACAO;TABELA;ANO_CAPEX;2;int;4;10;0;NAO;NAO;NAO;;;;;
COLUNA;FLUIG;dbo;Z_DELP_CAPEX_SOLICITACAO;TABELA;CODFILIAL;3;int;4;10;0;NAO;NAO;NAO;;;;;
COLUNA;FLUIG;dbo;Z_DELP_CAPEX_SOLICITACAO;TABELA;NOME_FILIAL;4;varchar;60;0;0;SIM;NAO;NAO;;;;;
COLUNA;FLUIG;dbo;Z_DELP_CAPEX_SOLICITACAO;TABELA;TIPO_LINHA;5;varchar;20;0;0;NAO;NAO;NAO;;;;;
COLUNA;FLUIG;dbo;Z_DELP_CAPEX_SOLICITACAO;TABELA;REF_LINHA;6;int;4;10;0;SIM;NAO;NAO;;;;;
COLUNA;FLUIG;dbo;Z_DELP_CAPEX_SOLICITACAO;TABELA;CODCCUSTO;7;varchar;30;0;0;SIM;NAO;NAO;;;;;
COLUNA;FLUIG;dbo;Z_DELP_CAPEX_SOLICITACAO;TABELA;NATUREZA;8;varchar;10;0;0;SIM;NAO;NAO;;;;;
COLUNA;FLUIG;dbo;Z_DELP_CAPEX_SOLICITACAO;TABELA;CLASSIFICACAO_FINANC;9;varchar;20;0;0;SIM;NAO;NAO;;;;;
COLUNA;FLUIG;dbo;Z_DELP_CAPEX_SOLICITACAO;TABELA;TIPO_MOV;10;varchar;5;0;0;NAO;NAO;NAO;;;;;
COLUNA;FLUIG;dbo;Z_DELP_CAPEX_SOLICITACAO;TABELA;DESCRICAO_RESUMO;11;varchar;500;0;0;SIM;NAO;NAO;;;;;
COLUNA;FLUIG;dbo;Z_DELP_CAPEX_SOLICITACAO;TABELA;JUSTIFICATIVA;12;varchar;1000;0;0;SIM;NAO;NAO;;;;;
COLUNA;FLUIG;dbo;Z_DELP_CAPEX_SOLICITACAO;TABELA;FORNECEDOR_PRETENDIDO;13;varchar;200;0;0;SIM;NAO;NAO;;;;;
COLUNA;FLUIG;dbo;Z_DELP_CAPEX_SOLICITACAO;TABELA;DT_ENTREGA_PRETENDIDA;14;date;3;10;0;SIM;NAO;NAO;;;;;
COLUNA;FLUIG;dbo;Z_DELP_CAPEX_SOLICITACAO;TABELA;PRIORIDADE;15;varchar;20;0;0;SIM;NAO;NAO;;;;;
COLUNA;FLUIG;dbo;Z_DELP_CAPEX_SOLICITACAO;TABELA;VALOR_TOTAL;16;decimal;9;18;2;NAO;NAO;NAO;;;;;
COLUNA;FLUIG;dbo;Z_DELP_CAPEX_SOLICITACAO;TABELA;STATUS;17;varchar;30;0;0;NAO;NAO;NAO;;;;;
COLUNA;FLUIG;dbo;Z_DELP_CAPEX_SOLICITACAO;TABELA;SOLICITANTE;18;varchar;50;0;0;NAO;NAO;NAO;;;;;
COLUNA;FLUIG;dbo;Z_DELP_CAPEX_SOLICITACAO;TABELA;TOKEN_IDEMPOTENCIA;19;varchar;40;0;0;NAO;NAO;NAO;;;;;
COLUNA;FLUIG;dbo;Z_DELP_CAPEX_SOLICITACAO;TABELA;NUMPROCESSO_FLUIG;20;int;4;10;0;SIM;NAO;NAO;;;;;
COLUNA;FLUIG;dbo;Z_DELP_CAPEX_SOLICITACAO;TABELA;IDMOV_RM;21;int;4;10;0;SIM;NAO;NAO;;;;;
COLUNA;FLUIG;dbo;Z_DELP_CAPEX_SOLICITACAO;TABELA;NUMEROMOV_RM;22;varchar;20;0;0;SIM;NAO;NAO;;;;;
COLUNA;FLUIG;dbo;Z_DELP_CAPEX_SOLICITACAO;TABELA;SERIE_RM;23;varchar;10;0;0;SIM;NAO;NAO;;;;;
COLUNA;FLUIG;dbo;Z_DELP_CAPEX_SOLICITACAO;TABELA;DT_INTEGRACAO;24;datetime2;6;19;0;SIM;NAO;NAO;;;;;
COLUNA;FLUIG;dbo;Z_DELP_CAPEX_SOLICITACAO;TABELA;TENTATIVAS;25;int;4;10;0;NAO;NAO;NAO;;;;;
COLUNA;FLUIG;dbo;Z_DELP_CAPEX_SOLICITACAO;TABELA;VERIFICAR_MANUAL;26;bit;1;1;0;NAO;NAO;NAO;;;;;
COLUNA;FLUIG;dbo;Z_DELP_CAPEX_SOLICITACAO;TABELA;CLASSE_ERRO;27;varchar;20;0;0;SIM;NAO;NAO;;;;;
COLUNA;FLUIG;dbo;Z_DELP_CAPEX_SOLICITACAO;TABELA;MENSAGEM_ERRO;28;varchar;500;0;0;SIM;NAO;NAO;;;;;
COLUNA;FLUIG;dbo;Z_DELP_CAPEX_SOLICITACAO;TABELA;MENSAGEM_TECNICA;29;varchar;MAX;0;0;SIM;NAO;NAO;;;;;
COLUNA;FLUIG;dbo;Z_DELP_CAPEX_SOLICITACAO;TABELA;RECCREATEDBY;30;varchar;50;0;0;SIM;NAO;NAO;;;;;
COLUNA;FLUIG;dbo;Z_DELP_CAPEX_SOLICITACAO;TABELA;RECCREATEDON;31;datetime2;6;19;0;NAO;NAO;NAO;;;;;
COLUNA;FLUIG;dbo;Z_DELP_CAPEX_SOLICITACAO;TABELA;RECMODIFIEDBY;32;varchar;50;0;0;SIM;NAO;NAO;;;;;
COLUNA;FLUIG;dbo;Z_DELP_CAPEX_SOLICITACAO;TABELA;RECMODIFIEDON;33;datetime2;6;19;0;SIM;NAO;NAO;;;;;
COLUNA;FLUIG;dbo;Z_DELP_CAPEX_SOLICITACAO;TABELA;CODLOC;34;varchar;20;0;0;SIM;NAO;NAO;;;;;
COLUNA;FLUIG;dbo;Z_DELP_CAPEX_SOLICITACAO;TABELA;CODTMV;35;varchar;20;0;0;SIM;NAO;NAO;;;;;
COLUNA;FLUIG;dbo;Z_DELP_CAPEX_SOLICITACAO;TABELA;AGUARDANDO_TRANSF_ID;36;bigint;8;19;0;SIM;NAO;NAO;;;;;
COLUNA;FLUIG;dbo;Z_DELP_CAPEX_SOLICITACAO;TABELA;AGUARDANDO_TRANSF_IDS;37;varchar;400;0;0;SIM;NAO;NAO;;;;;
COLUNA;FLUIG;dbo;Z_DELP_CAPEX_SOLICITACAO;TABELA;DT_TRANSF_SOLICITADA;38;datetime2;6;19;0;SIM;NAO;NAO;;;;;
COLUNA;FLUIG;dbo;Z_DELP_CAPEX_SOLICITACAO;TABELA;APROVADOR_MATRICULA;39;varchar;50;0;0;SIM;NAO;NAO;;;;;
COLUNA;FLUIG;dbo;Z_DELP_CAPEX_SOLICITACAO;TABELA;APROVADOR_NOME;40;varchar;200;0;0;SIM;NAO;NAO;;;;;
COLUNA;FLUIG;dbo;Z_DELP_CAPEX_SOLICITACAO;TABELA;APROVADOR_EMAIL;41;varchar;200;0;0;SIM;NAO;NAO;;;;;
COLUNA;FLUIG;dbo;Z_DELP_CAPEX_SOLICITACAO;TABELA;TOKEN_APROVACAO;42;varchar;40;0;0;SIM;NAO;NAO;;;;;
COLUNA;FLUIG;dbo;Z_DELP_CAPEX_SOLICITACAO;TABELA;TOKEN_APROVACAO_EXPIRA;43;datetime2;6;19;0;SIM;NAO;NAO;;;;;
COLUNA;FLUIG;dbo;Z_DELP_CAPEX_SOLICITACAO;TABELA;DECISAO_APROVACAO;44;varchar;20;0;0;SIM;NAO;NAO;;;;;
COLUNA;FLUIG;dbo;Z_DELP_CAPEX_SOLICITACAO;TABELA;JUSTIFICATIVA_APROVACAO;45;varchar;1000;0;0;SIM;NAO;NAO;;;;;
COLUNA;FLUIG;dbo;Z_DELP_CAPEX_SOLICITACAO;TABELA;DT_DECISAO_APROVACAO;46;datetime2;6;19;0;SIM;NAO;NAO;;;;;
COLUNA;FLUIG;dbo;Z_DELP_CAPEX_SOLICITACAO;TABELA;DECIDIDO_POR;47;varchar;50;0;0;SIM;NAO;NAO;;;;;
COLUNA;FLUIG;dbo;Z_DELP_CAPEX_SOLICITACAO;TABELA;DT_EMAIL_APROVACAO;48;datetime2;6;19;0;SIM;NAO;NAO;;;;;
COLUNA;FLUIG;dbo;Z_DELP_CAPEX_SOLICITACAO;TABELA;APROVACAO_PENDENTE;49;bit;1;1;0;NAO;NAO;NAO;;;;;
COLUNA;FLUIG;dbo;Z_DELP_CAPEX_SOLICITACAO;TABELA;DECISAO_DIRETOR;50;varchar;10;0;0;SIM;NAO;NAO;;;;;
COLUNA;FLUIG;dbo;Z_DELP_CAPEX_SOLICITACAO;TABELA;JUSTIFICATIVA_DIRETOR;51;varchar;500;0;0;SIM;NAO;NAO;;;;;
COLUNA;FLUIG;dbo;Z_DELP_CAPEX_SOLICITACAO;TABELA;DT_DECISAO_DIRETOR;52;datetime2;8;27;7;SIM;NAO;NAO;;;;;
COLUNA;FLUIG;dbo;Z_DELP_CAPEX_SOLICITACAO;TABELA;DECIDIDO_POR_DIRETOR;53;varchar;100;0;0;SIM;NAO;NAO;;;;;
COLUNA;FLUIG;dbo;Z_DELP_CAPEX_SOLICITACAO;TABELA;TOKEN_DIRETOR;54;varchar;64;0;0;SIM;NAO;NAO;;;;;
COLUNA;FLUIG;dbo;Z_DELP_CAPEX_SOLICITACAO;TABELA;TOKEN_DIRETOR_EXPIRA;55;datetime2;8;27;7;SIM;NAO;NAO;;;;;
COLUNA;FLUIG;dbo;Z_DELP_CAPEX_SOLICITACAO;TABELA;DECISAO_CEO;56;varchar;10;0;0;SIM;NAO;NAO;;;;;
COLUNA;FLUIG;dbo;Z_DELP_CAPEX_SOLICITACAO;TABELA;JUSTIFICATIVA_CEO;57;varchar;500;0;0;SIM;NAO;NAO;;;;;
COLUNA;FLUIG;dbo;Z_DELP_CAPEX_SOLICITACAO;TABELA;DT_DECISAO_CEO;58;datetime2;8;27;7;SIM;NAO;NAO;;;;;
COLUNA;FLUIG;dbo;Z_DELP_CAPEX_SOLICITACAO;TABELA;DECIDIDO_POR_CEO;59;varchar;100;0;0;SIM;NAO;NAO;;;;;
COLUNA;FLUIG;dbo;Z_DELP_CAPEX_SOLICITACAO;TABELA;TOKEN_CEO;60;varchar;64;0;0;SIM;NAO;NAO;;;;;
COLUNA;FLUIG;dbo;Z_DELP_CAPEX_SOLICITACAO;TABELA;TOKEN_CEO_EXPIRA;61;datetime2;8;27;7;SIM;NAO;NAO;;;;;
COLUNA;FLUIG;dbo;Z_DELP_CAPEX_SOLICITACAO;TABELA;DIRETOR_APORTE_LOGIN;62;varchar;100;0;0;SIM;NAO;NAO;;;;;
COLUNA;FLUIG;dbo;Z_DELP_CAPEX_SOLICITACAO;TABELA;DIRETOR_APORTE_NOME;63;varchar;200;0;0;SIM;NAO;NAO;;;;;
COLUNA;FLUIG;dbo;Z_DELP_CAPEX_SOLICITACAO;TABELA;PRECISA_APORTE;64;char;1;0;0;SIM;NAO;NAO;;;;;
COLUNA;FLUIG;dbo;Z_DELP_CAPEX_SOLICITACAO;TABELA;DOACAO_CONT_ID;65;int;4;10;0;SIM;NAO;NAO;;;;;
COLUNA;FLUIG;dbo;Z_DELP_CAPEX_SOLICITACAO;TABELA;DOACAO_ITEM_DEST;66;int;4;10;0;SIM;NAO;NAO;;;;;
COLUNA;FLUIG;dbo;Z_DELP_CAPEX_SOLICITACAO;TABELA;DOACAO_VALOR;67;decimal;9;18;2;SIM;NAO;NAO;;;;;
COLUNA;FLUIG;dbo;Z_DELP_CAPEX_SOLICITACAO;TABELA;DOACAO_EM;68;datetime2;6;19;0;SIM;NAO;NAO;;;;;
COLUNA;FLUIG;dbo;Z_DELP_CAPEX_SOLICITACAO;TABELA;DOACAO_DEVOLVIDA_EM;69;datetime2;6;19;0;SIM;NAO;NAO;;;;;
COLUNA;FLUIG;dbo;Z_DELP_CAPEX_SOLICITACAO;TABELA;DOACAO_MENSAGEM;70;varchar;400;0;0;SIM;NAO;NAO;;;;;
COLUNA;FLUIG;dbo;Z_DELP_CAPEX_SOLICITACAO_ITEM;TABELA;ID;1;bigint;8;19;0;NAO;SIM;SIM;;;;;
COLUNA;FLUIG;dbo;Z_DELP_CAPEX_SOLICITACAO_ITEM;TABELA;ID_SOLICITACAO;2;bigint;8;19;0;NAO;NAO;NAO;;;;;
COLUNA;FLUIG;dbo;Z_DELP_CAPEX_SOLICITACAO_ITEM;TABELA;SEQ;3;int;4;10;0;NAO;NAO;NAO;;;;;
COLUNA;FLUIG;dbo;Z_DELP_CAPEX_SOLICITACAO_ITEM;TABELA;CODIGOPRD;4;varchar;30;0;0;SIM;NAO;NAO;;;;;
COLUNA;FLUIG;dbo;Z_DELP_CAPEX_SOLICITACAO_ITEM;TABELA;DESCRICAO;5;varchar;500;0;0;NAO;NAO;NAO;;;;;
COLUNA;FLUIG;dbo;Z_DELP_CAPEX_SOLICITACAO_ITEM;TABELA;CODUND;6;varchar;10;0;0;SIM;NAO;NAO;;;;;
COLUNA;FLUIG;dbo;Z_DELP_CAPEX_SOLICITACAO_ITEM;TABELA;QUANTIDADE;7;decimal;9;18;4;NAO;NAO;NAO;;;;;
COLUNA;FLUIG;dbo;Z_DELP_CAPEX_SOLICITACAO_ITEM;TABELA;PRECOUNITARIO;8;decimal;9;18;4;NAO;NAO;NAO;;;;;
COLUNA;FLUIG;dbo;Z_DELP_CAPEX_SOLICITACAO_ITEM;TABELA;VALOR_TOTAL_ITEM;9;decimal;9;18;2;SIM;NAO;NAO;;;;;
COLUNA;FLUIG;dbo;Z_DELP_CAPEX_SOLICITACAO_ITEM;TABELA;EH_SERVICO;10;bit;1;1;0;NAO;NAO;NAO;;;;;
COLUNA;FLUIG;dbo;Z_DELP_CAPEX_SOLICITACAO_ITEM;TABELA;RECCREATEDBY;11;varchar;50;0;0;SIM;NAO;NAO;;;;;
COLUNA;FLUIG;dbo;Z_DELP_CAPEX_SOLICITACAO_ITEM;TABELA;RECCREATEDON;12;datetime2;6;19;0;NAO;NAO;NAO;;;;;
COLUNA;FLUIG;dbo;ZMD_CAPEX_INICIAL;TABELA;ID;1;bigint;8;19;0;NAO;SIM;SIM;;;;;
COLUNA;FLUIG;dbo;ZMD_CAPEX_INICIAL;TABELA;ANO_CAPEX;2;int;4;10;0;NAO;NAO;NAO;;;;;
COLUNA;FLUIG;dbo;ZMD_CAPEX_INICIAL;TABELA;CODFILIAL;3;int;4;10;0;NAO;NAO;NAO;;;;;
COLUNA;FLUIG;dbo;ZMD_CAPEX_INICIAL;TABELA;NOME_FILIAL;4;varchar;20;0;0;NAO;NAO;NAO;;;;;
COLUNA;FLUIG;dbo;ZMD_CAPEX_INICIAL;TABELA;ITEM;5;int;4;10;0;NAO;NAO;NAO;;;;;
COLUNA;FLUIG;dbo;ZMD_CAPEX_INICIAL;TABELA;CC;6;varchar;30;0;0;NAO;NAO;NAO;;;;;
COLUNA;FLUIG;dbo;ZMD_CAPEX_INICIAL;TABELA;DESC_CC;7;varchar;200;0;0;SIM;NAO;NAO;;;;;
COLUNA;FLUIG;dbo;ZMD_CAPEX_INICIAL;TABELA;DESCRICAO;8;varchar;500;0;0;NAO;NAO;NAO;;;;;
COLUNA;FLUIG;dbo;ZMD_CAPEX_INICIAL;TABELA;JUSTIFICATIVA;9;varchar;1000;0;0;SIM;NAO;NAO;;;;;
COLUNA;FLUIG;dbo;ZMD_CAPEX_INICIAL;TABELA;CATEGORIA;10;varchar;50;0;0;NAO;NAO;NAO;;;;;
COLUNA;FLUIG;dbo;ZMD_CAPEX_INICIAL;TABELA;VALOR_ORCADO;11;decimal;9;15;2;NAO;NAO;NAO;;;;;
COLUNA;FLUIG;dbo;ZMD_CAPEX_INICIAL;TABELA;NATUREZA;12;varchar;10;0;0;NAO;NAO;NAO;;;;;
COLUNA;FLUIG;dbo;ZMD_CAPEX_INICIAL;TABELA;DIRETORIA;13;varchar;100;0;0;NAO;NAO;NAO;;;;;
COLUNA;FLUIG;dbo;ZMD_CAPEX_INICIAL;TABELA;GERENTE;14;varchar;100;0;0;NAO;NAO;NAO;;;;;
COLUNA;FLUIG;dbo;ZMD_CAPEX_INICIAL;TABELA;PLANEJ_ESTRATEGICO;15;varchar;3;0;0;SIM;NAO;NAO;;;;;
COLUNA;FLUIG;dbo;ZMD_CAPEX_INICIAL;TABELA;PAYBACK;16;decimal;9;10;2;SIM;NAO;NAO;;;;;
COLUNA;FLUIG;dbo;ZMD_CAPEX_INICIAL;TABELA;PRIORIDADE;17;varchar;20;0;0;SIM;NAO;NAO;;;;;
COLUNA;FLUIG;dbo;ZMD_CAPEX_INICIAL;TABELA;ID_PLANO_ORIGEM;18;bigint;8;19;0;NAO;NAO;NAO;;;;;
COLUNA;FLUIG;dbo;ZMD_CAPEX_INICIAL;TABELA;ID_ORCAMENTO_RM;19;int;4;10;0;NAO;NAO;NAO;;;;;
COLUNA;FLUIG;dbo;ZMD_CAPEX_INICIAL;TABELA;CODCOLIGADA_RM;20;int;4;10;0;NAO;NAO;NAO;;;;;
COLUNA;FLUIG;dbo;ZMD_CAPEX_INICIAL;TABELA;IDPERIODO_RM;21;int;4;10;0;NAO;NAO;NAO;;;;;
COLUNA;FLUIG;dbo;ZMD_CAPEX_INICIAL;TABELA;CODTBORCAMENTO_RM;22;varchar;10;0;0;NAO;NAO;NAO;;;;;
COLUNA;FLUIG;dbo;ZMD_CAPEX_INICIAL;TABELA;DT_SNAPSHOT;23;datetime2;8;27;7;NAO;NAO;NAO;;;;;
COLUNA;FLUIG;dbo;ZMD_CAPEX_INICIAL;TABELA;USUARIO_SNAPSHOT;24;varchar;50;0;0;NAO;NAO;NAO;;;;;
COLUNA;FLUIG;dbo;ZMD_CAPEX_INICIAL;TABELA;MOTIVO_SNAPSHOT;25;varchar;30;0;0;NAO;NAO;NAO;;;;;
FK;FLUIG;dbo;FDN_ALERT;TABELA;RECEIVER_ID;1;;;;;;;;FLUIG;dbo;FDN_USERTENANT;USER_TENANT_ID;FK_SB2HWRWIGH6PIAPKWTUG4ITHE
FK;FLUIG;dbo;FDN_ALERTCONFIG;TABELA;USER_ID;1;;;;;;;;FLUIG;dbo;FDN_USERTENANT;USER_TENANT_ID;FK_65F6B2GO5RIWA3S7TYDFUWS30
FK;FLUIG;dbo;FDN_ALERTSENDER;TABELA;USER_ID;1;;;;;;;;FLUIG;dbo;FDN_USERTENANT;USER_TENANT_ID;FK_CI7SNWTOUYWJLT2NONO14DU0E
FK;FLUIG;dbo;FDN_DATASETHISTORY;TABELA;USER_TENANT_ID;1;;;;;;;;FLUIG;dbo;FDN_USERTENANT;USER_TENANT_ID;FK_DATASETHISTORYUSERTENANT
FK;FLUIG;dbo;FDN_DOWNLOADNOTIFY;TABELA;USERTENANT_ID;1;;;;;;;;FLUIG;dbo;FDN_USERTENANT;USER_TENANT_ID;FK_2DGRLLL8TRAMNVXK1D4KCF50N
FK;FLUIG;dbo;FDN_GROUPUSERROLE;TABELA;LOGIN;1;;;;;;;;FLUIG;dbo;FDN_USERTENANT;LOGIN;FK_4MVJYOPHYJWCHIW270EXBQD09
FK;FLUIG;dbo;FDN_PERSONALDATA;TABELA;REMOVED_BY_USER_TENANT_ID;1;;;;;;;;FLUIG;dbo;FDN_USERTENANT;USER_TENANT_ID;FK_FDNUSERPERSONALDATA004
FK;FLUIG;dbo;FDN_PERSONALDATA;TABELA;USER_TENANT_ID;1;;;;;;;;FLUIG;dbo;FDN_USERTENANT;USER_TENANT_ID;FK_FDNUSERPERSONALDATA003
FK;FLUIG;dbo;FDN_USERDATA;TABELA;ANONYMIZATION_USER_ID;1;;;;;;;;FLUIG;dbo;FDN_USERTENANT;USER_TENANT_ID;FK_FDNUSERDATAUSERTENANT001
FK;FLUIG;dbo;FDN_USERDATA;TABELA;USER_TENANT_ID;1;;;;;;;;FLUIG;dbo;FDN_USERTENANT;USER_TENANT_ID;FK_2L17KEC1V1OXKVXJ7U5OK5YOT
FK;FLUIG;dbo;FDN_USERLOGGING;TABELA;LOGIN;1;;;;;;;;FLUIG;dbo;FDN_USERTENANT;LOGIN;FK_BPB1WXP27D38B3O8LK8HA4P6D
FK;FLUIG;dbo;FDN_USERPICTURE;TABELA;USER_TENANT_ID;1;;;;;;;;FLUIG;dbo;FDN_USERTENANT;USER_TENANT_ID;FK_4L32XDGHCAH8Y8YCP9K9GHR66
FK;FLUIG;dbo;FDN_USERROLE;TABELA;LOGIN;1;;;;;;;;FLUIG;dbo;FDN_USERTENANT;LOGIN;FK_NSBX10GBYISEOXI5QJCCELPNP
FK;FLUIG;dbo;FDN_USERTENANT;TABELA;ANONYMIZATION_USER_ID;1;;;;;;;;FLUIG;dbo;FDN_USERTENANT;USER_TENANT_ID;FK_FDNUSERTENANTUSERTENANT001
FK;FLUIG;dbo;FDN_USERTENANT;TABELA;TENANT_ID;1;;;;;;;;FLUIG;dbo;FDN_TENANT;TENANT_ID;FK_5OGVU3EWLCUYRPIG4O8LX65SR
FK;FLUIG;dbo;FDN_USERTENANT;TABELA;USER_ID;1;;;;;;;;FLUIG;dbo;FDN_USER;USER_ID;FK_QHN8G1324PC7EVBY2GEW74ANL
FK;FLUIG;dbo;FILTER_GROUP;TABELA;USER_TENANT_ID;1;;;;;;;;FLUIG;dbo;FDN_USERTENANT;USER_TENANT_ID;FK_FILTERGROUP_USERTENANT
FK;FLUIG;dbo;RESET_PASSWORD_TOKEN;TABELA;USER_TENANT_ID;1;;;;;;;;FLUIG;dbo;FDN_USERTENANT;USER_TENANT_ID;FK_USER_TENANT_ID
FK;FLUIG;dbo;WCM_PAGEVERSION;TABELA;LAST_EDIT_USER;1;;;;;;;;FLUIG;dbo;FDN_USERTENANT;USER_TENANT_ID;FK_TIY8R6BL4GN0PF0AOBYUYKG47
FK;FLUIG;dbo;Z_DELP_CAPEX_APROVADOR_CC;TABELA;APROVADOR_ID;1;;;;;;;;FLUIG;dbo;Z_DELP_CAPEX_APROVADOR;ID;FK_ZCAPEX_APROVCC_APROV
FK;FLUIG;dbo;Z_DELP_CAPEX_SOLICITACAO_ITEM;TABELA;ID_SOLICITACAO;1;;;;;;;;FLUIG;dbo;Z_DELP_CAPEX_SOLICITACAO;ID;FK_ZDELP_CAPEX_SOLIC_ITEM
